Dist Code,Dist Name,Route Code,Route Name,Cust Code,Cust Name,Cust Channel,Cust Ref,Doc Date,Doc No,SO No,PO No,Doc Type,Cash Bill Ref No,Prd Code,Prd Description,Prd Category,Selling Type,Status,Qty,UOM,Default UOM Price,Gross Amt,Promo Disc Amt,Customer Disc Amt,Cust Group Disc,Tax Amt,Net Amt,Remark
10003720,VILLY TRADING (M) SDN BHD,VT008,YONG WEE SEONG,D9003903903994024341,LEE CHEE ANN,GENERAL TRADE,3100/L09,1/3/2024,INV0000004563,SO0000004610,,Inv,,69566714,LIPTON PBAG EK P40 24X(40X2G),Lipton,S,Confirmed,1,CS,127.2,127.2,0,0,0,0,127.2,
10003720,VILLY TRADING (M) SDN BHD,VT008,YONG WEE SEONG,D9003903903994024341,LEE CHEE ANN,GENERAL TRADE,3100/L09,1/3/2024,INV0000004563,SO0000004610,,Inv,,69566716,LIPTON PBAG KAW EK P20 24X(20X2.3G),Lipton,S,Confirmed,1,CS,67.2,67.2,0,0,0,0,67.2,
10003720,VILLY TRADING (M) SDN BHD,VT008,YONG WEE SEONG,D9037437437413000177,MINI MARKET YULEE,GENERAL TRADE,300Y/010,4/3/2024,INV0000004617,SO0000004664,,Inv,,69566721,LIPTON PBAG KAW EK P40 24X(40X2.3G),Lipton,S,Confirmed,12,PC,127.2,63.6,0,0,0,0,63.6,
10003720,VILLY TRADING (M) SDN BHD,VT008,YONG WEE SEONG,D9037437437413000177,MINI MARKET YULEE,GENERAL TRADE,300Y/010,4/3/2024,INV0000004617,SO0000004664,,Inv,,69566714,LIPTON PBAG EK P40 24X(40X2G),Lipton,S,Confirmed,12,PC,127.2,63.6,0,0,0,0,63.6,
10003720,VILLY TRADING (M) SDN BHD,VT008,YONG WEE SEONG,CT0000000807,ZAKARIAH,GENERAL TRADE,3000/Z32,1/3/2024,INV0000004540,SO0000004587,,Inv,,68928387,LIPTON PBAG EK P20 24X(20X2G),Lipton,F,Confirmed,36,PC,0,0,0,0,0,0,0,
10003720,VILLY TRADING (M) SDN BHD,VT008,YONG WEE SEONG,CT0000000807,ZAKARIAH,GENERAL TRADE,3000/Z32,1/3/2024,INV0000004540,SO0000004587,,Inv,,68928387,LIPTON PBAG EK P20 24X(20X2G),Lipton,S,Confirmed,18,CS,67.2,1209.6,0,0,0,0,1209.6,
10003720,VILLY TRADING (M) SDN BHD,VT008,YONG WEE SEONG,D9003903903994024339,BATRIFAN ENTERPRISE,GENERAL TRADE,300B/169,1/3/2024,INV0000004564,SO0000004611,,Inv,,21182545,LIPTON YELLOW LABEL SIP2 12X50X2G,Lipton,S,Confirmed,6,PC,103.68,51.84,0,0,0,0,51.84,
10003720,VILLY TRADING (M) SDN BHD,VT010,TAN ENG KHANG,D9036736736794026359,DIANG XIN TRADING,GENERAL TRADE,3000/D48,5/3/2024,INV0000004629,SO0000004676,,Inv,,68928387,LIPTON PBAG EK P20 24X(20X2G),Lipton,S,Confirmed,46,PC,67.2,128.8,0,0,0,0,128.8,
10003720,VILLY TRADING (M) SDN BHD,VT010,TAN ENG KHANG,D9036736736794026359,DIANG XIN TRADING,GENERAL TRADE,3000/D48,5/3/2024,INV0000004629,SO0000004676,,Inv,,69566714,LIPTON PBAG EK P40 24X(40X2G),Lipton,S,Confirmed,46,PC,127.2,243.8,0,0,0,0,243.8,
10003720,VILLY TRADING (M) SDN BHD,VT010,TAN ENG KHANG,D9036736736794026359,DIANG XIN TRADING,GENERAL TRADE,3000/D48,5/3/2024,INV0000004629,SO0000004676,,Inv,,69566716,LIPTON PBAG KAW EK P20 24X(20X2.3G),Lipton,S,Confirmed,46,PC,67.2,128.8,0,0,0,0,128.8,
10003720,VILLY TRADING (M) SDN BHD,VT010,TAN ENG KHANG,D9036736736794026359,DIANG XIN TRADING,GENERAL TRADE,3000/D48,5/3/2024,INV0000004629,SO0000004676,,Inv,,21182542,LIPTON YELLOW LABEL SIP2 36X100X2G,Lipton,S,Confirmed,6,PC,536.4,89.4,0,0,0,0,89.4,
10003720,VILLY TRADING (M) SDN BHD,VT010,TAN ENG KHANG,D9036736736794026359,DIANG XIN TRADING,GENERAL TRADE,3000/D48,5/3/2024,INV0000004629,SO0000004676,,Inv,,69566721,LIPTON PBAG KAW EK P40 24X(40X2.3G),Lipton,S,Confirmed,46,PC,127.2,243.8,0,0,0,0,243.8,
10003720,VILLY TRADING (M) SDN BHD,VT001,TAY HUNG GUAN,D9036536536512000465,BACHANG FAMILY STORE SDN BHD,MODERN TRADE,3000/B80,5/3/2024,INV0000004637,SO0000004685,,Inv,,69566721,LIPTON PBAG KAW EK P40 24X(40X2.3G),Lipton,F,Confirmed,30,PC,0,0,0,0,0,0,0,
10003720,VILLY TRADING (M) SDN BHD,VT001,TAY HUNG GUAN,D9036536536512000465,BACHANG FAMILY STORE SDN BHD,MODERN TRADE,3000/B80,5/3/2024,INV0000004637,SO0000004685,,Inv,,21182545,LIPTON YELLOW LABEL SIP2 12X50X2G,Lipton,S,Confirmed,3,CS,103.68,311.04,0,0,0,0,311.04,
10003720,VILLY TRADING (M) SDN BHD,VT001,TAY HUNG GUAN,D9036536536512000465,BACHANG FAMILY STORE SDN BHD,MODERN TRADE,3000/B80,5/3/2024,INV0000004637,SO0000004685,,Inv,,69566714,LIPTON PBAG EK P40 24X(40X2G),Lipton,S,Confirmed,7,CS,127.2,890.4,0,0,0,0,890.4,
10003720,VILLY TRADING (M) SDN BHD,VT001,TAY HUNG GUAN,D9036536536512000465,BACHANG FAMILY STORE SDN BHD,MODERN TRADE,3000/B80,5/3/2024,INV0000004637,SO0000004685,,Inv,,69566721,LIPTON PBAG KAW EK P40 24X(40X2.3G),Lipton,S,Confirmed,8,CS,127.2,1017.6,0,0,0,0,1017.6,
10003720,VILLY TRADING (M) SDN BHD,VT001,TAY HUNG GUAN,D9036736736712000146,BATU BERENDAM FAMILY STORE SDN BHD,MODERN TRADE,3000/B08,5/3/2024,INV0000004638,SO0000004684,,Inv,,69566716,LIPTON PBAG KAW EK P20 24X(20X2.3G),Lipton,F,Confirmed,30,PC,0,0,0,0,0,0,0,
10003720,VILLY TRADING (M) SDN BHD,VT001,TAY HUNG GUAN,D9036736736712000146,BATU BERENDAM FAMILY STORE SDN BHD,MODERN TRADE,3000/B08,5/3/2024,INV0000004638,SO0000004684,,Inv,,68928387,LIPTON PBAG EK P20 24X(20X2G),Lipton,S,Confirmed,3,CS,67.2,201.6,0,0,0,0,201.6,
10003720,VILLY TRADING (M) SDN BHD,VT001,TAY HUNG GUAN,D9036736736712000146,BATU BERENDAM FAMILY STORE SDN BHD,MODERN TRADE,3000/B08,5/3/2024,INV0000004638,SO0000004684,,Inv,,69566716,LIPTON PBAG KAW EK P20 24X(20X2.3G),Lipton,S,Confirmed,12,CS,67.2,806.4,0,0,0,0,806.4,
10003720,VILLY TRADING (M) SDN BHD,VT001,TAY HUNG GUAN,D9036436436412000378,MLK MALL FAMILY STORE SDN BHD,MODERN TRADE,3000/M10,5/3/2024,INV0000004639,SO0000004686,,Inv,,69566714,LIPTON PBAG EK P40 24X(40X2G),Lipton,S,Confirmed,8,CS,127.2,1017.6,0,0,0,0,1017.6,
10003720,VILLY TRADING (M) SDN BHD,VT001,TAY HUNG GUAN,D9036436436412000378,MLK MALL FAMILY STORE SDN BHD,MODERN TRADE,3000/M10,5/3/2024,INV0000004639,SO0000004686,,Inv,,69566721,LIPTON PBAG KAW EK P40 24X(40X2.3G),Lipton,S,Confirmed,7,CS,127.2,890.4,0,0,0,0,890.4,
10003720,VILLY TRADING (M) SDN BHD,VT001,TAY HUNG GUAN,D9036436436412000378,MLK MALL FAMILY STORE SDN BHD,MODERN TRADE,3000/M10,5/3/2024,INV0000004639,SO0000004686,,Inv,,69566716,LIPTON PBAG KAW EK P20 24X(20X2.3G),Lipton,S,Confirmed,15,CS,67.2,1008,0,0,0,0,1008,
10003720,VILLY TRADING (M) SDN BHD,VT003,EUNICE SIOW SEUI JIN,D9005205205294026643,ECONMART MANTIN SDN BHD,MODERN TRADE,3100/E16,5/3/2024,INV0000004653,SO0000004700,,Inv,,69566721,LIPTON PBAG KAW EK P40 24X(40X2.3G),Lipton,S,Confirmed,46,PC,127.2,243.8,0,0,0,0,243.8,
10003720,VILLY TRADING (M) SDN BHD,VT003,EUNICE SIOW SEUI JIN,D9005205205294026643,ECONMART MANTIN SDN BHD,MODERN TRADE,3100/E16,5/3/2024,INV0000004653,SO0000004700,,Inv,,69566727,LIPTON PBAG KAW EK P80 24X(80X2.3G),Lipton,S,Confirmed,46,PC,218.4,418.6,0,0,0,0,418.6,
10003720,VILLY TRADING (M) SDN BHD,VT003,EUNICE SIOW SEUI JIN,D9005205205294026643,ECONMART MANTIN SDN BHD,MODERN TRADE,3100/E16,5/3/2024,INV0000004653,SO0000004700,,Inv,,69566716,LIPTON PBAG KAW EK P20 24X(20X2.3G),Lipton,S,Confirmed,46,PC,67.2,128.8,0,0,0,0,128.8,
10003720,VILLY TRADING (M) SDN BHD,VT003,EUNICE SIOW SEUI JIN,D9005205205294026643,ECONMART MANTIN SDN BHD,MODERN TRADE,3100/E16,5/3/2024,INV0000004653,SO0000004700,,Inv,,69566706,LIPTON PBAG EK P80 24X(80X2G),Lipton,S,Confirmed,46,PC,218.4,418.6,0,0,0,0,418.6,
10003720,VILLY TRADING (M) SDN BHD,VT003,EUNICE SIOW SEUI JIN,D9005205205294026643,ECONMART MANTIN SDN BHD,MODERN TRADE,3100/E16,5/3/2024,INV0000004653,SO0000004700,,Inv,,69566714,LIPTON PBAG EK P40 24X(40X2G),Lipton,S,Confirmed,23,PC,127.2,121.9,0,0,0,0,121.9,
10003720,VILLY TRADING (M) SDN BHD,VT008,YONG WEE SEONG,D9036636636694025061,KEDAI RUNCIT ON LOK,GENERAL TRADE,3000/O11,6/3/2024,INV0000004669,SO0000004716,,Inv,,69566706,LIPTON PBAG EK P80 24X(80X2G),Lipton,F,Confirmed,1,PC,0,0,0,0,0,0,0,
10003720,VILLY TRADING (M) SDN BHD,VT008,YONG WEE SEONG,D9036636636694025061,KEDAI RUNCIT ON LOK,GENERAL TRADE,3000/O11,6/3/2024,INV0000004669,SO0000004716,,Inv,,69566731,LIPTON PACKET TEA EK 36X400G,Lipton,S,Confirmed,3,PC,383.04,31.92,0,0,0,0,31.92,
10003720,VILLY TRADING (M) SDN BHD,VT008,YONG WEE SEONG,D9036636636694025061,KEDAI RUNCIT ON LOK,GENERAL TRADE,3000/O11,6/3/2024,INV0000004669,SO0000004716,,Inv,,69566706,LIPTON PBAG EK P80 24X(80X2G),Lipton,S,Confirmed,23,PC,218.4,209.3,0,0,0,0,209.3,
10003720,VILLY TRADING (M) SDN BHD,VT008,YONG WEE SEONG,D9037437437413000233,KEDAI RUNCIT BATANG MELAKA JAYA,GENERAL TRADE,3000/B77,6/3/2024,INV0000004670,SO0000004717,,Inv,,21182545,LIPTON YELLOW LABEL SIP2 12X50X2G,Lipton,S,Confirmed,12,PC,103.68,103.68,0,0,0,0,103.68,
10003720,VILLY TRADING (M) SDN BHD,VT008,YONG WEE SEONG,D9037437437413000122,TAY CHING HUAY,GENERAL TRADE,3000/T41,7/3/2024,INV0000004677,SO0000004725,,Inv,,69566714,LIPTON PBAG EK P40 24X(40X2G),Lipton,F,Confirmed,4,PC,0,0,0,0,0,0,0,
10003720,VILLY TRADING (M) SDN BHD,VT008,YONG WEE SEONG,D9037437437413000122,TAY CHING HUAY,GENERAL TRADE,3000/T41,7/3/2024,INV0000004677,SO0000004725,,Inv,,69566714,LIPTON PBAG EK P40 24X(40X2G),Lipton,S,Confirmed,48,PC,127.2,254.4,0,0,0,0,254.4,
10003720,VILLY TRADING (M) SDN BHD,VT008,YONG WEE SEONG,D9037437437413000122,TAY CHING HUAY,GENERAL TRADE,3000/T41,7/3/2024,INV0000004677,SO0000004725,,Inv,,69566721,LIPTON PBAG KAW EK P40 24X(40X2.3G),Lipton,S,Confirmed,48,PC,127.2,254.4,0,0,0,0,254.4,
10003720,VILLY TRADING (M) SDN BHD,VT008,YONG WEE SEONG,D9037437437413000122,TAY CHING HUAY,GENERAL TRADE,3000/T41,7/3/2024,INV0000004677,SO0000004725,,Inv,,69566721,LIPTON PBAG KAW EK P40 24X(40X2.3G),Lipton,F,Confirmed,4,PC,0,0,0,0,0,0,0,
10003720,VILLY TRADING (M) SDN BHD,VT001,TAY HUNG GUAN,D9036636636694014520,KLEBANG FAMILY STORE SDN BHD,MODERN TRADE,300K/428,7/3/2024,INV0000004679,SO0000004726,,Inv,,69566718,LIPTON MT TEH HALIA EK 24X12X20G,Lipton,S,Confirmed,11,PC,384,176,0,0,0,0,176,
10003720,VILLY TRADING (M) SDN BHD,VT001,TAY HUNG GUAN,D9036636636694014520,KLEBANG FAMILY STORE SDN BHD,MODERN TRADE,300K/428,7/3/2024,INV0000004679,SO0000004726,,Inv,,69566710,LIPTON MT MATCHA EK 24X12X20G,Lipton,S,Confirmed,12,PC,384,192,0,0,0,0,192,
10003720,VILLY TRADING (M) SDN BHD,VT008,YONG WEE SEONG,CT0000000807,ZAKARIAH,GENERAL TRADE,3000/Z32,8/3/2024,INV0000004705,SO0000004752,,Inv,,68928387,LIPTON PBAG EK P20 24X(20X2G),Lipton,F,Confirmed,36,PC,0,0,0,0,0,0,0,
10003720,VILLY TRADING (M) SDN BHD,VT008,YONG WEE SEONG,CT0000000807,ZAKARIAH,GENERAL TRADE,3000/Z32,8/3/2024,INV0000004705,SO0000004752,,Inv,,68928387,LIPTON PBAG EK P20 24X(20X2G),Lipton,S,Confirmed,18,CS,67.2,1209.6,0,0,0,0,1209.6,
10003720,VILLY TRADING (M) SDN BHD,VT002,TAN MEE LIN,CT0000000282,CH PENGKALAN SDN BHD (BRANCH) PASARAYA CH TELOK MAS,GENERAL TRADE,300C/222,5/3/2024,INV0000004624,SO0000004671,,Inv,,68928387,LIPTON PBAG EK P20 24X(20X2G),Lipton,S,Confirmed,138,PC,67.2,386.4,0,0,0,0,386.4,
10003720,VILLY TRADING (M) SDN BHD,VT002,TAN MEE LIN,CT0000000282,CH PENGKALAN SDN BHD (BRANCH) PASARAYA CH TELOK MAS,GENERAL TRADE,300C/222,5/3/2024,INV0000004624,SO0000004671,,Inv,,69566727,LIPTON PBAG KAW EK P80 24X(80X2.3G),Lipton,S,Confirmed,8,CS,218.4,1747.2,0,0,0,0,1747.2,
10003720,VILLY TRADING (M) SDN BHD,VT002,TAN MEE LIN,CT0000000282,CH PENGKALAN SDN BHD (BRANCH) PASARAYA CH TELOK MAS,GENERAL TRADE,300C/222,5/3/2024,INV0000004624,SO0000004671,,Inv,,69566714,LIPTON PBAG EK P40 24X(40X2G),Lipton,S,Confirmed,138,PC,127.2,731.4,0,0,0,0,731.4,
10003720,VILLY TRADING (M) SDN BHD,VT002,TAN MEE LIN,CT0000000282,CH PENGKALAN SDN BHD (BRANCH) PASARAYA CH TELOK MAS,GENERAL TRADE,300C/222,5/3/2024,INV0000004624,SO0000004671,,Inv,,69566727,LIPTON PBAG KAW EK P80 24X(80X2.3G),Lipton,F,Confirmed,36,PC,0,0,0,0,0,0,0,
10003720,VILLY TRADING (M) SDN BHD,VT002,TAN MEE LIN,CT0000000282,CH PENGKALAN SDN BHD (BRANCH) PASARAYA CH TELOK MAS,GENERAL TRADE,300C/222,5/3/2024,INV0000004624,SO0000004671,,Inv,,69566706,LIPTON PBAG EK P80 24X(80X2G),Lipton,S,Confirmed,10,CS,218.4,2184,0,0,0,0,2184,
10003720,VILLY TRADING (M) SDN BHD,VT007,LIM KONG LING,D9037437437494018111,GKA ENTERPRISE,GENERAL TRADE,300G/062,7/3/2024,INV0000004671,SO0000004718,,Inv,,68928387,LIPTON PBAG EK P20 24X(20X2G),Lipton,S,Confirmed,3,PC,67.2,8.4,0,0,0,0,8.4,
10003720,VILLY TRADING (M) SDN BHD,VT002,TAN MEE LIN,D9036636636694024983,ROSEFRACE ENTERPRISE,GENERAL TRADE,3000/D60,1/3/2024,INV0000004556,SO0000004606,,Inv,,68928387,LIPTON PBAG EK P20 24X(20X2G),Lipton,S,Confirmed,1,CS,67.2,67.2,0,0,0,0,67.2,
10003720,VILLY TRADING (M) SDN BHD,VT009,LAI TECK SEAN,D9036436436494025538,STEP IN MINI MART,GENERAL TRADE,300S/709,2/3/2024,INV0000004592,SO0000004631,,Inv,,69566716,LIPTON PBAG KAW EK P20 24X(20X2.3G),Lipton,S,Confirmed,12,PC,67.2,33.6,0,0,0,0,33.6,
10003720,VILLY TRADING (M) SDN BHD,VT009,LAI TECK SEAN,D9036436436494025538,STEP IN MINI MART,GENERAL TRADE,300S/709,2/3/2024,INV0000004592,SO0000004631,,Inv,,68928387,LIPTON PBAG EK P20 24X(20X2G),Lipton,S,Confirmed,12,PC,67.2,33.6,0,0,0,0,33.6,
10003720,VILLY TRADING (M) SDN BHD,VT010,TAN ENG KHANG,D9037237237294032955,PASAR MINI SOFEA MAJU,GENERAL TRADE,300P/246,2/3/2024,INV0000004594,SO0000004641,,Inv,,69566716,LIPTON PBAG KAW EK P20 24X(20X2.3G),Lipton,S,Confirmed,12,PC,67.2,33.6,0,0,0,0,33.6,
10003720,VILLY TRADING (M) SDN BHD,VT010,TAN ENG KHANG,D9037237237294032955,PASAR MINI SOFEA MAJU,GENERAL TRADE,300P/246,2/3/2024,INV0000004594,SO0000004641,,Inv,,68928387,LIPTON PBAG EK P20 24X(20X2G),Lipton,S,Confirmed,12,PC,67.2,33.6,0,0,0,0,33.6,
10003720,VILLY TRADING (M) SDN BHD,VT002,TAN MEE LIN,D9037037037094024686,PASAR MINI SENANG,GENERAL TRADE,300S/197,2/3/2024,INV0000004596,SO0000004642,,Inv,,68928387,LIPTON PBAG EK P20 24X(20X2G),Lipton,S,Confirmed,6,PC,67.2,16.8,0,0,0,0,16.8,
10003720,VILLY TRADING (M) SDN BHD,VT002,TAN MEE LIN,D9038738738794029588,HH FRESH MARKET TRADING,GENERAL TRADE,300H/294,5/3/2024,INV0000004633,SO0000004678,,Inv,,68928387,LIPTON PBAG EK P20 24X(20X2G),Lipton,S,Confirmed,1,CS,67.2,67.2,0,0,0,0,67.2,
10003720,VILLY TRADING (M) SDN BHD,VT002,TAN MEE LIN,D9036636636612000241,PASAR MINI SIN JIE SHEN,GENERAL TRADE,3000/J12,8/3/2024,INV0000004694,SO0000004739,,Inv,,69566716,LIPTON PBAG KAW EK P20 24X(20X2.3G),Lipton,S,Confirmed,1,CS,67.2,67.2,0,0,0,0,67.2,
10003720,VILLY TRADING (M) SDN BHD,VT002,TAN MEE LIN,D9036636636612000174,HANXIN MINI MARKET,GENERAL TRADE,3000/H75,9/3/2024,INV0000004715,SO0000004756,,Inv,,69566716,LIPTON PBAG KAW EK P20 24X(20X2.3G),Lipton,S,Confirmed,1,CS,67.2,67.2,0,0,0,0,67.2,
10003720,VILLY TRADING (M) SDN BHD,VT009,LAI TECK SEAN,D9036636636694024407,YEO BIN KANG,GENERAL TRADE,300Y/004,11/3/2024,INV0000004729,SO0000004777,,Inv,,68928387,LIPTON PBAG EK P20 24X(20X2G),Lipton,S,Confirmed,12,PC,67.2,33.6,0,0,0,0,33.6,
10003720,VILLY TRADING (M) SDN BHD,VT009,LAI TECK SEAN,D9036636636694024407,YEO BIN KANG,GENERAL TRADE,300Y/004,11/3/2024,INV0000004729,SO0000004777,,Inv,,69566716,LIPTON PBAG KAW EK P20 24X(20X2.3G),Lipton,S,Confirmed,12,PC,67.2,33.6,0,0,0,0,33.6,
10003720,VILLY TRADING (M) SDN BHD,VT007,LIM KONG LING,D9036436436412000474,STARS MART NETWORKS (FRI CLOSE),GENERAL TRADE,3000/N20,11/3/2024,INV0000004735,SO0000004780,,Inv,,68928387,LIPTON PBAG EK P20 24X(20X2G),Lipton,S,Confirmed,1,CS,67.2,67.2,0,0,0,0,67.2,
10003720,VILLY TRADING (M) SDN BHD,VT001,TAY HUNG GUAN,D9037137137112000505,HAZRAT SDN BHD,GENERAL TRADE,300H/083,1/3/2024,INV0000004535,SO0000004579,,Inv,,68928387,LIPTON PBAG EK P20 24X(20X2G),Lipton,S,Confirmed,12,PC,67.2,33.6,0,0,0,0,33.6,
10003720,VILLY TRADING (M) SDN BHD,VT001,TAY HUNG GUAN,D9037137137112000505,HAZRAT SDN BHD,GENERAL TRADE,300H/083,1/3/2024,INV0000004535,SO0000004579,,Inv,,69566716,LIPTON PBAG KAW EK P20 24X(20X2.3G),Lipton,S,Confirmed,12,PC,67.2,33.6,0,0,0,0,33.6,
10003720,VILLY TRADING (M) SDN BHD,VT001,TAY HUNG GUAN,D9037137137112000505,HAZRAT SDN BHD,GENERAL TRADE,300H/083,1/3/2024,INV0000004535,SO0000004579,,Inv,,69566714,LIPTON PBAG EK P40 24X(40X2G),Lipton,S,Confirmed,12,PC,127.2,63.6,0,0,0,0,63.6,
10003720,VILLY TRADING (M) SDN BHD,VT001,TAY HUNG GUAN,D9037137137112000505,HAZRAT SDN BHD,GENERAL TRADE,300H/083,1/3/2024,INV0000004535,SO0000004579,,Inv,,69566721,LIPTON PBAG KAW EK P40 24X(40X2.3G),Lipton,S,Confirmed,12,PC,127.2,63.6,0,0,0,0,63.6,
10003720,VILLY TRADING (M) SDN BHD,VT009,LAI TECK SEAN,D9037437437413000195,LAI MINI MARKET,GENERAL TRADE,3000/L45,1/3/2024,INV0000004541,SO0000004590,,Inv,,21182542,LIPTON YELLOW LABEL SIP2 36X100X2G,Lipton,S,Confirmed,18,PC,536.4,268.2,0,0,0,0,268.2,
10003720,VILLY TRADING (M) SDN BHD,VT009,LAI TECK SEAN,D9037437437413000195,LAI MINI MARKET,GENERAL TRADE,3000/L45,1/3/2024,INV0000004541,SO0000004590,,Inv,,69566716,LIPTON PBAG KAW EK P20 24X(20X2.3G),Lipton,F,Confirmed,4,PC,0,0,0,0,0,0,0,
10003720,VILLY TRADING (M) SDN BHD,VT009,LAI TECK SEAN,D9037437437413000195,LAI MINI MARKET,GENERAL TRADE,3000/L45,1/3/2024,INV0000004541,SO0000004590,,Inv,,69566716,LIPTON PBAG KAW EK P20 24X(20X2.3G),Lipton,S,Confirmed,48,PC,67.2,134.4,0,0,0,0,134.4,
10003720,VILLY TRADING (M) SDN BHD,VT009,LAI TECK SEAN,D9038438438494025554,ARIFFIN BIN ABU BAKAR,GENERAL TRADE,300A/085,1/3/2024,INV0000004542,SO0000004592,,Inv,,69566721,LIPTON PBAG KAW EK P40 24X(40X2.3G),Lipton,S,Confirmed,22,PC,127.2,116.6,0,0,0,0,116.6,
10003720,VILLY TRADING (M) SDN BHD,VT009,LAI TECK SEAN,D9038438438494025554,ARIFFIN BIN ABU BAKAR,GENERAL TRADE,300A/085,1/3/2024,INV0000004542,SO0000004592,,Inv,,69566714,LIPTON PBAG EK P40 24X(40X2G),Lipton,F,Confirmed,1,PC,0,0,0,0,0,0,0,
10003720,VILLY TRADING (M) SDN BHD,VT009,LAI TECK SEAN,D9038438438494025554,ARIFFIN BIN ABU BAKAR,GENERAL TRADE,300A/085,1/3/2024,INV0000004542,SO0000004592,,Inv,,69566714,LIPTON PBAG EK P40 24X(40X2G),Lipton,S,Confirmed,23,PC,127.2,121.9,0,0,0,0,121.9,
10003720,VILLY TRADING (M) SDN BHD,VT009,LAI TECK SEAN,D9038438438494025554,ARIFFIN BIN ABU BAKAR,GENERAL TRADE,300A/085,1/3/2024,INV0000004542,SO0000004592,,Inv,,69566721,LIPTON PBAG KAW EK P40 24X(40X2.3G),Lipton,F,Confirmed,2,PC,0,0,0,0,0,0,0,
10003720,VILLY TRADING (M) SDN BHD,VT009,LAI TECK SEAN,D9037937937994024408,AGROBAZAAR RAKYAT 1 MALAYSIA,GENERAL TRADE,300A/179,1/3/2024,INV0000004543,SO0000004594,,Inv,,69566714,LIPTON PBAG EK P40 24X(40X2G),Lipton,S,Confirmed,2,CS,127.2,254.4,0,0,0,0,254.4,
10003720,VILLY TRADING (M) SDN BHD,VT009,LAI TECK SEAN,D9037937937994024408,AGROBAZAAR RAKYAT 1 MALAYSIA,GENERAL TRADE,300A/179,1/3/2024,INV0000004543,SO0000004594,,Inv,,21182545,LIPTON YELLOW LABEL SIP2 12X50X2G,Lipton,S,Confirmed,1,CS,103.68,103.68,0,0,0,0,103.68,
10003720,VILLY TRADING (M) SDN BHD,VT009,LAI TECK SEAN,D9037937937994024408,AGROBAZAAR RAKYAT 1 MALAYSIA,GENERAL TRADE,300A/179,1/3/2024,INV0000004543,SO0000004594,,Inv,,69566716,LIPTON PBAG KAW EK P20 24X(20X2.3G),Lipton,S,Confirmed,3,CS,67.2,201.6,0,0,0,0,201.6,
10003720,VILLY TRADING (M) SDN BHD,VT009,LAI TECK SEAN,D9037937937994024408,AGROBAZAAR RAKYAT 1 MALAYSIA,GENERAL TRADE,300A/179,1/3/2024,INV0000004543,SO0000004594,,Inv,,69566718,LIPTON MT TEH HALIA EK 24X12X20G,Lipton,S,Confirmed,6,PC,384,96,0,0,0,0,96,
10003720,VILLY TRADING (M) SDN BHD,VT009,LAI TECK SEAN,D9037937937994024408,AGROBAZAAR RAKYAT 1 MALAYSIA,GENERAL TRADE,300A/179,1/3/2024,INV0000004543,SO0000004594,,Inv,,68928387,LIPTON PBAG EK P20 24X(20X2G),Lipton,S,Confirmed,3,CS,67.2,201.6,0,0,0,0,201.6,
10003720,VILLY TRADING (M) SDN BHD,VT009,LAI TECK SEAN,D9037937937994024408,AGROBAZAAR RAKYAT 1 MALAYSIA,GENERAL TRADE,300A/179,1/3/2024,INV0000004543,SO0000004594,,Inv,,69566721,LIPTON PBAG KAW EK P40 24X(40X2.3G),Lipton,S,Confirmed,2,CS,127.2,254.4,0,0,0,0,254.4,
10003720,VILLY TRADING (M) SDN BHD,VT009,LAI TECK SEAN,D9037937937994024408,AGROBAZAAR RAKYAT 1 MALAYSIA,GENERAL TRADE,300A/179,1/3/2024,INV0000004543,SO0000004594,,Inv,,69566727,LIPTON PBAG KAW EK P80 24X(80X2.3G),Lipton,S,Confirmed,1,CS,218.4,218.4,0,0,0,0,218.4,
10003720,VILLY TRADING (M) SDN BHD,VT009,LAI TECK SEAN,D9037937937912000399,PASAR MINI SEGARIA SRI AMAN(CLOSE-SAT),GENERAL TRADE,300S/026,1/3/2024,INV0000004544,SO0000004591,,Inv,,69566716,LIPTON PBAG KAW EK P20 24X(20X2.3G),Lipton,S,Confirmed,1,CS,67.2,67.2,0,0,0,0,67.2,
10003720,VILLY TRADING (M) SDN BHD,VT009,LAI TECK SEAN,D9037937937912000399,PASAR MINI SEGARIA SRI AMAN(CLOSE-SAT),GENERAL TRADE,300S/026,1/3/2024,INV0000004544,SO0000004591,,Inv,,68928387,LIPTON PBAG EK P20 24X(20X2G),Lipton,S,Confirmed,1,CS,67.2,67.2,0,0,0,0,67.2,
10003720,VILLY TRADING (M) SDN BHD,VT009,LAI TECK SEAN,D9036336336394024342,CHOP KONG FAH,GENERAL TRADE,3000/K10,1/3/2024,INV0000004546,SO0000004589,,Inv,,69566714,LIPTON PBAG EK P40 24X(40X2G),Lipton,S,Confirmed,3,PC,127.2,15.9,0,0,0,0,15.9,
10003720,VILLY TRADING (M) SDN BHD,VT009,LAI TECK SEAN,D9036336336394024342,CHOP KONG FAH,GENERAL TRADE,3000/K10,1/3/2024,INV0000004546,SO0000004589,,Inv,,69566716,LIPTON PBAG KAW EK P20 24X(20X2.3G),Lipton,S,Confirmed,6,PC,67.2,16.8,0,0,0,0,16.8,
10003720,VILLY TRADING (M) SDN BHD,VT009,LAI TECK SEAN,D9036336336394024342,CHOP KONG FAH,GENERAL TRADE,3000/K10,1/3/2024,INV0000004546,SO0000004589,,Inv,,69566721,LIPTON PBAG KAW EK P40 24X(40X2.3G),Lipton,S,Confirmed,6,PC,127.2,31.8,0,0,0,0,31.8,
10003720,VILLY TRADING (M) SDN BHD,VT009,LAI TECK SEAN,D9036336336394024342,CHOP KONG FAH,GENERAL TRADE,3000/K10,1/3/2024,INV0000004546,SO0000004589,,Inv,,68928387,LIPTON PBAG EK P20 24X(20X2G),Lipton,S,Confirmed,12,PC,67.2,33.6,0,0,0,0,33.6,
10003720,VILLY TRADING (M) SDN BHD,VT009,LAI TECK SEAN,D9038438438494024659,SHAHAB SORAB TRADING,GENERAL TRADE,300S/428,1/3/2024,INV0000004547,SO0000004593,,Inv,,69566731,LIPTON PACKET TEA EK 36X400G,Lipton,S,Confirmed,6,PC,383.04,63.84,0,0,0,0,63.84,
10003720,VILLY TRADING (M) SDN BHD,VT009,LAI TECK SEAN,D9038438438494024659,SHAHAB SORAB TRADING,GENERAL TRADE,300S/428,1/3/2024,INV0000004547,SO0000004593,,Inv,,69566708,LIPTON PACKET TEA EK 72X200G,Lipton,S,Confirmed,6,PC,408.24,34.02,0,0,0,0,34.02,
10003720,VILLY TRADING (M) SDN BHD,VT009,LAI TECK SEAN,D9038438438494024659,SHAHAB SORAB TRADING,GENERAL TRADE,300S/428,1/3/2024,INV0000004547,SO0000004593,,Inv,,21182545,LIPTON YELLOW LABEL SIP2 12X50X2G,Lipton,S,Confirmed,3,PC,103.68,25.92,0,0,0,0,25.92,
10003720,VILLY TRADING (M) SDN BHD,VT007,LIM KONG LING,D9037937937994025259,VENOAD A/L RAMASAMY,GENERAL TRADE,300R/031,1/3/2024,INV0000004561,SO0000004596,,Inv,,68928387,LIPTON PBAG EK P20 24X(20X2G),Lipton,S,Confirmed,12,PC,67.2,33.6,0,0,0,0,33.6,
10003720,VILLY TRADING (M) SDN BHD,VT002,TAN MEE LIN,D9037137137194025815,BINTANG CAHAYA MART,GENERAL TRADE,300B/165,1/3/2024,INV0000004562,SO0000004599,,Inv,,68928387,LIPTON PBAG EK P20 24X(20X2G),Lipton,S,Confirmed,12,PC,67.2,33.6,0,0,0,0,33.6,
10003720,VILLY TRADING (M) SDN BHD,VT009,LAI TECK SEAN,D9036636636694024905,KEDAI RUNCIT JJ,GENERAL TRADE,300K/381,2/3/2024,INV0000004590,SO0000004632,,Inv,,69566714,LIPTON PBAG EK P40 24X(40X2G),Lipton,S,Confirmed,12,PC,127.2,63.6,0,0,0,0,63.6,
10003720,VILLY TRADING (M) SDN BHD,VT009,LAI TECK SEAN,D9036636636694024905,KEDAI RUNCIT JJ,GENERAL TRADE,300K/381,2/3/2024,INV0000004590,SO0000004632,,Inv,,68928387,LIPTON PBAG EK P20 24X(20X2G),Lipton,S,Confirmed,12,PC,67.2,33.6,0,0,0,0,33.6,
10003720,VILLY TRADING (M) SDN BHD,VT007,LIM KONG LING,D9037937937912000187,PASAR MINI GEMERLAPAN (AFTER 12PM),GENERAL TRADE,3000/C33,2/3/2024,INV0000004583,SO0000004628,,Inv,,68928387,LIPTON PBAG EK P20 24X(20X2G),Lipton,S,Confirmed,6,PC,67.2,16.8,0,0,0,0,16.8,
10003720,VILLY TRADING (M) SDN BHD,VT007,LIM KONG LING,D9037937937912000187,PASAR MINI GEMERLAPAN (AFTER 12PM),GENERAL TRADE,3000/C33,2/3/2024,INV0000004583,SO0000004628,,Inv,,69566716,LIPTON PBAG KAW EK P20 24X(20X2.3G),Lipton,S,Confirmed,6,PC,67.2,16.8,0,0,0,0,16.8,
10003720,VILLY TRADING (M) SDN BHD,VT010,TAN ENG KHANG,D9038738738794032045,MAT MIZI ENTERPRISE,GENERAL TRADE,300M/333,2/3/2024,INV0000004597,SO0000004644,,Inv,,68928387,LIPTON PBAG EK P20 24X(20X2G),Lipton,S,Confirmed,12,PC,67.2,33.6,0,0,0,0,33.6,
10003720,VILLY TRADING (M) SDN BHD,VT010,TAN ENG KHANG,D9038738738794032045,MAT MIZI ENTERPRISE,GENERAL TRADE,300M/333,2/3/2024,INV0000004597,SO0000004644,,Inv,,69566714,LIPTON PBAG EK P40 24X(40X2G),Lipton,S,Confirmed,12,PC,127.2,63.6,0,0,0,0,63.6,
10003720,VILLY TRADING (M) SDN BHD,VT003,EUNICE SIOW SEUI JIN,D9006106106104000433,RASAH JAYA DAILY MART SDN BHD,MODERN TRADE,3100/R20,2/3/2024,INV0000004600,SO0000004648,,Inv,,69566716,LIPTON PBAG KAW EK P20 24X(20X2.3G),Lipton,S,Confirmed,1,CS,67.2,67.2,0,0,0,0,67.2,
10003720,VILLY TRADING (M) SDN BHD,VT003,EUNICE SIOW SEUI JIN,D9006106106104000433,RASAH JAYA DAILY MART SDN BHD,MODERN TRADE,3100/R20,2/3/2024,INV0000004600,SO0000004648,,Inv,,69566721,LIPTON PBAG KAW EK P40 24X(40X2.3G),Lipton,F,Confirmed,2,PC,0,0,0,0,0,0,0,
10003720,VILLY TRADING (M) SDN BHD,VT003,EUNICE SIOW SEUI JIN,D9006106106104000433,RASAH JAYA DAILY MART SDN BHD,MODERN TRADE,3100/R20,2/3/2024,INV0000004600,SO0000004648,,Inv,,69566721,LIPTON PBAG KAW EK P40 24X(40X2.3G),Lipton,S,Confirmed,1,CS,127.2,127.2,0,0,0,0,127.2,
10003720,VILLY TRADING (M) SDN BHD,VT003,EUNICE SIOW SEUI JIN,D9006106106104000433,RASAH JAYA DAILY MART SDN BHD,MODERN TRADE,3100/R20,2/3/2024,INV0000004600,SO0000004648,,Inv,,69566716,LIPTON PBAG KAW EK P20 24X(20X2.3G),Lipton,F,Confirmed,2,PC,0,0,0,0,0,0,0,
10003720,VILLY TRADING (M) SDN BHD,VT009,LAI TECK SEAN,CT0000000917,MADINA MINI MARKET,GENERAL TRADE,300M/467,4/3/2024,INV0000004604,SO0000004655,,Inv,,69566716,LIPTON PBAG KAW EK P20 24X(20X2.3G),Lipton,S,Confirmed,12,PC,67.2,33.6,0,0,0,0,33.6,
10003720,VILLY TRADING (M) SDN BHD,VT009,LAI TECK SEAN,D9036736736712000418,P.N.A NAINA MOHAMED STORE,GENERAL TRADE,300P/117,4/3/2024,INV0000004607,SO0000004654,,Inv,,21182545,LIPTON YELLOW LABEL SIP2 12X50X2G,Lipton,S,Confirmed,1,CS,103.68,103.68,0,0,0,0,103.68,
10003720,VILLY TRADING (M) SDN BHD,VT002,TAN MEE LIN,D9037937937912000494,NINETY SIX MINI MART,GENERAL TRADE,3000/N10,4/3/2024,INV0000004608,SO0000004651,,Inv,,69566714,LIPTON PBAG EK P40 24X(40X2G),Lipton,S,Confirmed,1,CS,127.2,127.2,0,0,0,0,127.2,
10003720,VILLY TRADING (M) SDN BHD,VT002,TAN MEE LIN,D9037937937912000494,NINETY SIX MINI MART,GENERAL TRADE,3000/N10,4/3/2024,INV0000004608,SO0000004651,,Inv,,68928387,LIPTON PBAG EK P20 24X(20X2G),Lipton,S,Confirmed,1,CS,67.2,67.2,0,0,0,0,67.2,
10003720,VILLY TRADING (M) SDN BHD,VT007,LIM KONG LING,D9038038038012000021,ANG PENG CHEONG,GENERAL TRADE,300A/188,4/3/2024,INV0000004613,SO0000004661,,Inv,,68928387,LIPTON PBAG EK P20 24X(20X2G),Lipton,S,Confirmed,12,PC,67.2,33.6,0,0,0,0,33.6,
10003720,VILLY TRADING (M) SDN BHD,VT009,LAI TECK SEAN,D9036636636612000555,DEVIBALA ENTERPRISE SDN BHD,GENERAL TRADE,300D/022,5/3/2024,INV0000004625,SO0000004675,,Inv,,69566714,LIPTON PBAG EK P40 24X(40X2G),Lipton,F,Confirmed,1,PC,0,0,0,0,0,0,0,
10003720,VILLY TRADING (M) SDN BHD,VT009,LAI TECK SEAN,D9036636636612000555,DEVIBALA ENTERPRISE SDN BHD,GENERAL TRADE,300D/022,5/3/2024,INV0000004625,SO0000004675,,Inv,,69566706,LIPTON PBAG EK P80 24X(80X2G),Lipton,S,Confirmed,12,PC,218.4,109.2,0,0,0,0,109.2,
10003720,VILLY TRADING (M) SDN BHD,VT009,LAI TECK SEAN,D9036636636612000555,DEVIBALA ENTERPRISE SDN BHD,GENERAL TRADE,300D/022,5/3/2024,INV0000004625,SO0000004675,,Inv,,69566731,LIPTON PACKET TEA EK 36X400G,Lipton,S,Confirmed,12,PC,383.04,127.68,0,0,0,0,127.68,
10003720,VILLY TRADING (M) SDN BHD,VT009,LAI TECK SEAN,D9036636636612000555,DEVIBALA ENTERPRISE SDN BHD,GENERAL TRADE,300D/022,5/3/2024,INV0000004625,SO0000004675,,Inv,,68928387,LIPTON PBAG EK P20 24X(20X2G),Lipton,S,Confirmed,23,PC,67.2,64.4,0,0,0,0,64.4,
10003720,VILLY TRADING (M) SDN BHD,VT009,LAI TECK SEAN,D9036636636612000555,DEVIBALA ENTERPRISE SDN BHD,GENERAL TRADE,300D/022,5/3/2024,INV0000004625,SO0000004675,,Inv,,68928387,LIPTON PBAG EK P20 24X(20X2G),Lipton,F,Confirmed,1,PC,0,0,0,0,0,0,0,
10003720,VILLY TRADING (M) SDN BHD,VT009,LAI TECK SEAN,D9036636636612000555,DEVIBALA ENTERPRISE SDN BHD,GENERAL TRADE,300D/022,5/3/2024,INV0000004625,SO0000004675,,Inv,,69566714,LIPTON PBAG EK P40 24X(40X2G),Lipton,S,Confirmed,23,PC,127.2,121.9,0,0,0,0,121.9,
10003720,VILLY TRADING (M) SDN BHD,VT009,LAI TECK SEAN,D9036636636612000555,DEVIBALA ENTERPRISE SDN BHD,GENERAL TRADE,300D/022,5/3/2024,INV0000004625,SO0000004675,,Inv,,69566708,LIPTON PACKET TEA EK 72X200G,Lipton,S,Confirmed,12,PC,408.24,68.04,0,0,0,0,68.04,
10003720,VILLY TRADING (M) SDN BHD,VT009,LAI TECK SEAN,D9037237237294000266,TERBILANG HARMONI ENTERPRISE (FRI CLOSE),GENERAL TRADE,3000/T54,5/3/2024,INV0000004626,SO0000004674,,Inv,,68928387,LIPTON PBAG EK P20 24X(20X2G),Lipton,F,Confirmed,2,PC,0,0,0,0,0,0,0,
10003720,VILLY TRADING (M) SDN BHD,VT009,LAI TECK SEAN,D9037237237294000266,TERBILANG HARMONI ENTERPRISE (FRI CLOSE),GENERAL TRADE,3000/T54,5/3/2024,INV0000004626,SO0000004674,,Inv,,68928387,LIPTON PBAG EK P20 24X(20X2G),Lipton,S,Confirmed,48,PC,67.2,134.4,0,0,0,0,134.4,
10003720,VILLY TRADING (M) SDN BHD,VT009,LAI TECK SEAN,D9037237237294000266,TERBILANG HARMONI ENTERPRISE (FRI CLOSE),GENERAL TRADE,3000/T54,5/3/2024,INV0000004626,SO0000004674,,Inv,,21182545,LIPTON YELLOW LABEL SIP2 12X50X2G,Lipton,S,Confirmed,1,CS,103.68,103.68,0,0,0,0,103.68,
10003720,VILLY TRADING (M) SDN BHD,VT009,LAI TECK SEAN,D9037237237294000266,TERBILANG HARMONI ENTERPRISE (FRI CLOSE),GENERAL TRADE,3000/T54,5/3/2024,INV0000004626,SO0000004674,,Inv,,69566716,LIPTON PBAG KAW EK P20 24X(20X2.3G),Lipton,S,Confirmed,24,PC,67.2,67.2,0,0,0,0,67.2,
10003720,VILLY TRADING (M) SDN BHD,VT009,LAI TECK SEAN,D9037237237294000266,TERBILANG HARMONI ENTERPRISE (FRI CLOSE),GENERAL TRADE,3000/T54,5/3/2024,INV0000004626,SO0000004674,,Inv,,69566716,LIPTON PBAG KAW EK P20 24X(20X2.3G),Lipton,F,Confirmed,4,PC,0,0,0,0,0,0,0,
10003720,VILLY TRADING (M) SDN BHD,VT009,LAI TECK SEAN,D9037237237294000266,TERBILANG HARMONI ENTERPRISE (FRI CLOSE),GENERAL TRADE,3000/T54,5/3/2024,INV0000004626,SO0000004674,,Inv,,69566721,LIPTON PBAG KAW EK P40 24X(40X2.3G),Lipton,F,Confirmed,4,PC,0,0,0,0,0,0,0,
10003720,VILLY TRADING (M) SDN BHD,VT009,LAI TECK SEAN,D9037237237294000266,TERBILANG HARMONI ENTERPRISE (FRI CLOSE),GENERAL TRADE,3000/T54,5/3/2024,INV0000004626,SO0000004674,,Inv,,69566721,LIPTON PBAG KAW EK P40 24X(40X2.3G),Lipton,S,Confirmed,48,PC,127.2,254.4,0,0,0,0,254.4,
10003720,VILLY TRADING (M) SDN BHD,VT009,LAI TECK SEAN,D9036636636612000152,NETS CONVENIENT SHOP (THU CLOSE),GENERAL TRADE,3000/N06,5/3/2024,INV0000004627,SO0000004673,,Inv,,68928387,LIPTON PBAG EK P20 24X(20X2G),Lipton,S,Confirmed,6,PC,67.2,16.8,0,0,0,0,16.8,
10003720,VILLY TRADING (M) SDN BHD,VT009,LAI TECK SEAN,D9036636636612000152,NETS CONVENIENT SHOP (THU CLOSE),GENERAL TRADE,3000/N06,5/3/2024,INV0000004627,SO0000004673,,Inv,,21182545,LIPTON YELLOW LABEL SIP2 12X50X2G,Lipton,S,Confirmed,6,PC,103.68,51.84,0,0,0,0,51.84,
10003720,VILLY TRADING (M) SDN BHD,VT009,LAI TECK SEAN,D9036636636612000152,NETS CONVENIENT SHOP (THU CLOSE),GENERAL TRADE,3000/N06,5/3/2024,INV0000004627,SO0000004673,,Inv,,69566708,LIPTON PACKET TEA EK 72X200G,Lipton,S,Confirmed,6,PC,408.24,34.02,0,0,0,0,34.02,
10003720,VILLY TRADING (M) SDN BHD,VT009,LAI TECK SEAN,D9036636636694032449,DBB SUCCESS TRADING,GENERAL TRADE,300D/093,5/3/2024,INV0000004628,SO0000004672,,Inv,,68928385,LIPTON PACKET TEA EK 12X12X50G,Lipton,S,Confirmed,12,PC,259.2,21.6,0,0,0,0,21.6,
10003720,VILLY TRADING (M) SDN BHD,VT002,TAN MEE LIN,D9036636636694032221,SNF MINI MART,GENERAL TRADE,300S/761,5/3/2024,INV0000004632,SO0000004677,,Inv,,68928387,LIPTON PBAG EK P20 24X(20X2G),Lipton,S,Confirmed,6,PC,67.2,16.8,0,0,0,0,16.8,
10003720,VILLY TRADING (M) SDN BHD,VT002,TAN MEE LIN,D9036636636694032221,SNF MINI MART,GENERAL TRADE,300S/761,5/3/2024,INV0000004632,SO0000004677,,Inv,,69566714,LIPTON PBAG EK P40 24X(40X2G),Lipton,S,Confirmed,6,PC,127.2,31.8,0,0,0,0,31.8,
10003720,VILLY TRADING (M) SDN BHD,VT003,EUNICE SIOW SEUI JIN,D9004104104104000247,CHOP ENG KEE,GENERAL TRADE,3100/C48,5/3/2024,INV0000004645,SO0000004692,,Inv,,68928387,LIPTON PBAG EK P20 24X(20X2G),Lipton,S,Confirmed,6,PC,67.2,16.8,0,0,0,0,16.8,
10003720,VILLY TRADING (M) SDN BHD,VT003,EUNICE SIOW SEUI JIN,D9004104104104000247,CHOP ENG KEE,GENERAL TRADE,3100/C48,5/3/2024,INV0000004645,SO0000004692,,Inv,,69566716,LIPTON PBAG KAW EK P20 24X(20X2.3G),Lipton,S,Confirmed,6,PC,67.2,16.8,0,0,0,0,16.8,
10003720,VILLY TRADING (M) SDN BHD,VT002,TAN MEE LIN,D9037237237294029485,K.K.SAKHTI ENTERPRISE,GENERAL TRADE,3000/K39,6/3/2024,INV0000004656,SO0000004703,,Inv,,68928387,LIPTON PBAG EK P20 24X(20X2G),Lipton,S,Confirmed,6,PC,67.2,16.8,0,0,0,0,16.8,
10003720,VILLY TRADING (M) SDN BHD,VT002,TAN MEE LIN,D9037237237294029485,K.K.SAKHTI ENTERPRISE,GENERAL TRADE,3000/K39,6/3/2024,INV0000004656,SO0000004703,,Inv,,69566716,LIPTON PBAG KAW EK P20 24X(20X2.3G),Lipton,S,Confirmed,6,PC,67.2,16.8,0,0,0,0,16.8,
10003720,VILLY TRADING (M) SDN BHD,VT002,TAN MEE LIN,D9037237237294029485,K.K.SAKHTI ENTERPRISE,GENERAL TRADE,3000/K39,6/3/2024,INV0000004656,SO0000004703,,Inv,,69566714,LIPTON PBAG EK P40 24X(40X2G),Lipton,S,Confirmed,6,PC,127.2,31.8,0,0,0,0,31.8,
10003720,VILLY TRADING (M) SDN BHD,VT002,TAN MEE LIN,D9037237237294029485,K.K.SAKHTI ENTERPRISE,GENERAL TRADE,3000/K39,6/3/2024,INV0000004656,SO0000004703,,Inv,,69566721,LIPTON PBAG KAW EK P40 24X(40X2.3G),Lipton,S,Confirmed,6,PC,127.2,31.8,0,0,0,0,31.8,
10003720,VILLY TRADING (M) SDN BHD,VT009,LAI TECK SEAN,CT0000000166,M ARIF ROHANA ENTERPRISE (NOOR ANIS ENTERPRISE),GENERAL TRADE,300M/152,7/3/2024,INV0000004674,SO0000004721,,Inv,,21182545,LIPTON YELLOW LABEL SIP2 12X50X2G,Lipton,S,Confirmed,6,PC,103.68,51.84,0,0,0,0,51.84,
10003720,VILLY TRADING (M) SDN BHD,VT009,LAI TECK SEAN,CT0000000166,M ARIF ROHANA ENTERPRISE (NOOR ANIS ENTERPRISE),GENERAL TRADE,300M/152,7/3/2024,INV0000004674,SO0000004721,,Inv,,69566731,LIPTON PACKET TEA EK 36X400G,Lipton,S,Confirmed,6,PC,383.04,63.84,0,0,0,0,63.84,
10003720,VILLY TRADING (M) SDN BHD,VT009,LAI TECK SEAN,D9036336336312000154,PASAR MINI KEAN ANN (MON CLOSE),GENERAL TRADE,3000/K19,7/3/2024,INV0000004675,SO0000004723,,Inv,,21182545,LIPTON YELLOW LABEL SIP2 12X50X2G,Lipton,S,Confirmed,1,CS,103.68,103.68,0,0,0,0,103.68,
10003720,VILLY TRADING (M) SDN BHD,VT009,LAI TECK SEAN,CT0000000792,DMZ FAMILY MAJU ENTERPRISE,GENERAL TRADE,300D/101,7/3/2024,INV0000004676,SO0000004722,,Inv,,68928387,LIPTON PBAG EK P20 24X(20X2G),Lipton,S,Confirmed,12,PC,67.2,33.6,0,0,0,0,33.6,
10003720,VILLY TRADING (M) SDN BHD,VT006,WAN XIN YI,CT0000000287,KINGSLEY FROZEN & GROCERIES,GENERAL TRADE,310K/025,7/3/2024,INV0000004686,SO0000004733,,Inv,,68928387,LIPTON PBAG EK P20 24X(20X2G),Lipton,S,Confirmed,12,PC,67.2,33.6,0,0,0,0,33.6,
10003720,VILLY TRADING (M) SDN BHD,VT009,LAI TECK SEAN,CT0000000395,PASAR MINI AL ARAFAH ,GENERAL TRADE,300P/302,8/3/2024,INV0000004690,SO0000004735,,Inv,,68928387,LIPTON PBAG EK P20 24X(20X2G),Lipton,F,Confirmed,2,PC,0,0,0,0,0,0,0,
10003720,VILLY TRADING (M) SDN BHD,VT009,LAI TECK SEAN,CT0000000395,PASAR MINI AL ARAFAH ,GENERAL TRADE,300P/302,8/3/2024,INV0000004690,SO0000004735,,Inv,,69566714,LIPTON PBAG EK P40 24X(40X2G),Lipton,S,Confirmed,23,PC,127.2,121.9,0,0,0,0,121.9,
10003720,VILLY TRADING (M) SDN BHD,VT009,LAI TECK SEAN,CT0000000395,PASAR MINI AL ARAFAH ,GENERAL TRADE,300P/302,8/3/2024,INV0000004690,SO0000004735,,Inv,,68928387,LIPTON PBAG EK P20 24X(20X2G),Lipton,S,Confirmed,23,PC,67.2,64.4,0,0,0,0,64.4,
10003720,VILLY TRADING (M) SDN BHD,VT009,LAI TECK SEAN,CT0000000395,PASAR MINI AL ARAFAH ,GENERAL TRADE,300P/302,8/3/2024,INV0000004690,SO0000004735,,Inv,,69566723,LIPTON MT CLASSIC EK 24X12X20G,Lipton,S,Confirmed,6,PC,384,96,0,0,0,0,96,
10003720,VILLY TRADING (M) SDN BHD,VT009,LAI TECK SEAN,CT0000000395,PASAR MINI AL ARAFAH ,GENERAL TRADE,300P/302,8/3/2024,INV0000004690,SO0000004735,,Inv,,69566716,LIPTON PBAG KAW EK P20 24X(20X2.3G),Lipton,S,Confirmed,23,PC,67.2,64.4,0,0,0,0,64.4,
10003720,VILLY TRADING (M) SDN BHD,VT009,LAI TECK SEAN,CT0000000395,PASAR MINI AL ARAFAH ,GENERAL TRADE,300P/302,8/3/2024,INV0000004690,SO0000004735,,Inv,,69566714,LIPTON PBAG EK P40 24X(40X2G),Lipton,F,Confirmed,1,PC,0,0,0,0,0,0,0,
10003720,VILLY TRADING (M) SDN BHD,VT009,LAI TECK SEAN,CT0000000395,PASAR MINI AL ARAFAH ,GENERAL TRADE,300P/302,8/3/2024,INV0000004690,SO0000004735,,Inv,,69566716,LIPTON PBAG KAW EK P20 24X(20X2.3G),Lipton,F,Confirmed,1,PC,0,0,0,0,0,0,0,
10003720,VILLY TRADING (M) SDN BHD,VT005,WAN HUI YI,D9006106106194025168,SU & DIN ENTERPRISE,GENERAL TRADE,310S/005,8/3/2024,INV0000004703,SO0000004749,,Inv,,69566721,LIPTON PBAG KAW EK P40 24X(40X2.3G),Lipton,S,Confirmed,6,PC,127.2,31.8,0,0,0,0,31.8,
10003720,VILLY TRADING (M) SDN BHD,VT005,WAN HUI YI,D9006106106194025168,SU & DIN ENTERPRISE,GENERAL TRADE,310S/005,8/3/2024,INV0000004703,SO0000004749,,Inv,,69566716,LIPTON PBAG KAW EK P20 24X(20X2.3G),Lipton,S,Confirmed,6,PC,67.2,16.8,0,0,0,0,16.8,
10003720,VILLY TRADING (M) SDN BHD,VT007,LIM KONG LING,D9038038038012000212,NADZRI MATUP ENTERPRISE,GENERAL TRADE,3000/N07,9/3/2024,INV0000004711,SO0000004765,,Inv,,68928387,LIPTON PBAG EK P20 24X(20X2G),Lipton,S,Confirmed,1,CS,67.2,67.2,0,0,0,0,67.2,
10003720,VILLY TRADING (M) SDN BHD,VT007,LIM KONG LING,D9038038038012000212,NADZRI MATUP ENTERPRISE,GENERAL TRADE,3000/N07,9/3/2024,INV0000004711,SO0000004765,,Inv,,69566714,LIPTON PBAG EK P40 24X(40X2G),Lipton,S,Confirmed,1,CS,127.2,127.2,0,0,0,0,127.2,
10003720,VILLY TRADING (M) SDN BHD,VT003,EUNICE SIOW SEUI JIN,D9006106106104000087,SINAR JMART ENTERPRISE,GENERAL TRADE,3100/S45,9/3/2024,INV0000004727,SO0000004775,,Inv,,69566721,LIPTON PBAG KAW EK P40 24X(40X2.3G),Lipton,S,Confirmed,6,PC,127.2,31.8,0,0,0,0,31.8,
10003720,VILLY TRADING (M) SDN BHD,VT003,EUNICE SIOW SEUI JIN,D9006106106104000087,SINAR JMART ENTERPRISE,GENERAL TRADE,3100/S45,9/3/2024,INV0000004727,SO0000004775,,Inv,,69566714,LIPTON PBAG EK P40 24X(40X2G),Lipton,S,Confirmed,6,PC,127.2,31.8,0,0,0,0,31.8,
10003720,VILLY TRADING (M) SDN BHD,VT003,EUNICE SIOW SEUI JIN,D9006106106104000087,SINAR JMART ENTERPRISE,GENERAL TRADE,3100/S45,9/3/2024,INV0000004727,SO0000004775,,Inv,,68928387,LIPTON PBAG EK P20 24X(20X2G),Lipton,S,Confirmed,12,PC,67.2,33.6,0,0,0,0,33.6,
10003720,VILLY TRADING (M) SDN BHD,VT009,LAI TECK SEAN,D9038438438494025569,BRO NANAFIRAMIRA GLOBAL,GENERAL TRADE,300B/135,11/3/2024,INV0000004730,SO0000004778,,Inv,,69566714,LIPTON PBAG EK P40 24X(40X2G),Lipton,S,Confirmed,1,CS,127.2,127.2,0,0,0,0,127.2,
10003720,VILLY TRADING (M) SDN BHD,VT009,LAI TECK SEAN,D9038438438494025569,BRO NANAFIRAMIRA GLOBAL,GENERAL TRADE,300B/135,11/3/2024,INV0000004730,SO0000004778,,Inv,,68928387,LIPTON PBAG EK P20 24X(20X2G),Lipton,S,Confirmed,1,CS,67.2,67.2,0,0,0,0,67.2,
10003720,VILLY TRADING (M) SDN BHD,VT009,LAI TECK SEAN,D9037237237212000417,SIMPLE MART,GENERAL TRADE,3000/S68,11/3/2024,INV0000004731,SO0000004776,,Inv,,68928387,LIPTON PBAG EK P20 24X(20X2G),Lipton,S,Confirmed,6,PC,67.2,16.8,0,0,0,0,16.8,
10003720,VILLY TRADING (M) SDN BHD,VT009,LAI TECK SEAN,D9037237237212000417,SIMPLE MART,GENERAL TRADE,3000/S68,11/3/2024,INV0000004731,SO0000004776,,Inv,,21182545,LIPTON YELLOW LABEL SIP2 12X50X2G,Lipton,S,Confirmed,6,PC,103.68,51.84,0,0,0,0,51.84,
10003720,VILLY TRADING (M) SDN BHD,VT009,LAI TECK SEAN,D9037237237212000417,SIMPLE MART,GENERAL TRADE,3000/S68,11/3/2024,INV0000004731,SO0000004776,,Inv,,68928385,LIPTON PACKET TEA EK 12X12X50G,Lipton,S,Confirmed,12,PC,259.2,21.6,0,0,0,0,21.6,
10003720,VILLY TRADING (M) SDN BHD,VT009,LAI TECK SEAN,D9037937937912000103,TAI CHOK PENG & SONS SDN BHD,MODERN TRADE,3000/T64,11/3/2024,INV0000004736,SO0000004783,,Inv,,68928387,LIPTON PBAG EK P20 24X(20X2G),Lipton,F,Confirmed,10,PC,0,0,0,0,0,0,0,
10003720,VILLY TRADING (M) SDN BHD,VT009,LAI TECK SEAN,D9037937937912000103,TAI CHOK PENG & SONS SDN BHD,MODERN TRADE,3000/T64,11/3/2024,INV0000004736,SO0000004783,,Inv,,68928387,LIPTON PBAG EK P20 24X(20X2G),Lipton,S,Confirmed,115,PC,67.2,322,0,0,0,0,322,
10003720,VILLY TRADING (M) SDN BHD,VT009,LAI TECK SEAN,D9037937937912000103,TAI CHOK PENG & SONS SDN BHD,MODERN TRADE,3000/T64,11/3/2024,INV0000004736,SO0000004783,,Inv,,69566716,LIPTON PBAG KAW EK P20 24X(20X2.3G),Lipton,F,Confirmed,5,PC,0,0,0,0,0,0,0,
10003720,VILLY TRADING (M) SDN BHD,VT009,LAI TECK SEAN,D9037937937912000103,TAI CHOK PENG & SONS SDN BHD,MODERN TRADE,3000/T64,11/3/2024,INV0000004736,SO0000004783,,Inv,,69566716,LIPTON PBAG KAW EK P20 24X(20X2.3G),Lipton,S,Confirmed,69,PC,67.2,193.2,0,0,0,0,193.2,
10003720,VILLY TRADING (M) SDN BHD,VT009,LAI TECK SEAN,D9037937937912000145,KAZANAH JAYA ENTERPRISE,GENERAL TRADE,3000/K77,12/3/2024,INV0000004752,SO0000004798,,Inv,,69566721,LIPTON PBAG KAW EK P40 24X(40X2.3G),Lipton,F,Confirmed,1,PC,0,0,0,0,0,0,0,
10003720,VILLY TRADING (M) SDN BHD,VT009,LAI TECK SEAN,D9037937937912000145,KAZANAH JAYA ENTERPRISE,GENERAL TRADE,3000/K77,12/3/2024,INV0000004752,SO0000004798,,Inv,,69566721,LIPTON PBAG KAW EK P40 24X(40X2.3G),Lipton,S,Confirmed,23,PC,127.2,121.9,0,0,0,0,121.9,
10003720,VILLY TRADING (M) SDN BHD,VT009,LAI TECK SEAN,D9037937937912000145,KAZANAH JAYA ENTERPRISE,GENERAL TRADE,3000/K77,12/3/2024,INV0000004752,SO0000004798,,Inv,,69566714,LIPTON PBAG EK P40 24X(40X2G),Lipton,F,Confirmed,2,PC,0,0,0,0,0,0,0,
10003720,VILLY TRADING (M) SDN BHD,VT009,LAI TECK SEAN,D9037937937912000145,KAZANAH JAYA ENTERPRISE,GENERAL TRADE,3000/K77,12/3/2024,INV0000004752,SO0000004798,,Inv,,69566706,LIPTON PBAG EK P80 24X(80X2G),Lipton,S,Confirmed,1,CS,218.4,218.4,0,0,0,0,218.4,
10003720,VILLY TRADING (M) SDN BHD,VT009,LAI TECK SEAN,D9037937937912000145,KAZANAH JAYA ENTERPRISE,GENERAL TRADE,3000/K77,12/3/2024,INV0000004752,SO0000004798,,Inv,,69566727,LIPTON PBAG KAW EK P80 24X(80X2.3G),Lipton,S,Confirmed,1,CS,218.4,218.4,0,0,0,0,218.4,
10003720,VILLY TRADING (M) SDN BHD,VT009,LAI TECK SEAN,D9037937937912000145,KAZANAH JAYA ENTERPRISE,GENERAL TRADE,3000/K77,12/3/2024,INV0000004752,SO0000004798,,Inv,,69566714,LIPTON PBAG EK P40 24X(40X2G),Lipton,S,Confirmed,23,PC,127.2,121.9,0,0,0,0,121.9,
10003720,VILLY TRADING (M) SDN BHD,VT009,LAI TECK SEAN,D9037937937912000103,TAI CHOK PENG & SONS SDN BHD,MODERN TRADE,3000/T64,12/3/2024,INV0000004753,SO0000004799,,Inv,,69566716,LIPTON PBAG KAW EK P20 24X(20X2.3G),Lipton,F,Confirmed,9,PC,0,0,0,0,0,0,0,
10003720,VILLY TRADING (M) SDN BHD,VT009,LAI TECK SEAN,D9037937937912000103,TAI CHOK PENG & SONS SDN BHD,MODERN TRADE,3000/T64,12/3/2024,INV0000004753,SO0000004799,,Inv,,21182545,LIPTON YELLOW LABEL SIP2 12X50X2G,Lipton,S,Confirmed,2,CS,103.68,207.36,0,0,0,0,207.36,
10003720,VILLY TRADING (M) SDN BHD,VT009,LAI TECK SEAN,D9037937937912000103,TAI CHOK PENG & SONS SDN BHD,MODERN TRADE,3000/T64,12/3/2024,INV0000004753,SO0000004799,,Inv,,69566716,LIPTON PBAG KAW EK P20 24X(20X2.3G),Lipton,S,Confirmed,115,PC,67.2,322,0,0,0,0,322,
10003720,VILLY TRADING (M) SDN BHD,VT009,LAI TECK SEAN,D9037937937912000103,TAI CHOK PENG & SONS SDN BHD,MODERN TRADE,3000/T64,12/3/2024,INV0000004753,SO0000004799,,Inv,,68928387,LIPTON PBAG EK P20 24X(20X2G),Lipton,F,Confirmed,10,PC,0,0,0,0,0,0,0,
10003720,VILLY TRADING (M) SDN BHD,VT009,LAI TECK SEAN,D9037937937912000103,TAI CHOK PENG & SONS SDN BHD,MODERN TRADE,3000/T64,12/3/2024,INV0000004753,SO0000004799,,Inv,,69566721,LIPTON PBAG KAW EK P40 24X(40X2.3G),Lipton,S,Confirmed,69,PC,127.2,365.7,0,0,0,0,365.7,
10003720,VILLY TRADING (M) SDN BHD,VT009,LAI TECK SEAN,D9037937937912000103,TAI CHOK PENG & SONS SDN BHD,MODERN TRADE,3000/T64,12/3/2024,INV0000004753,SO0000004799,,Inv,,69566721,LIPTON PBAG KAW EK P40 24X(40X2.3G),Lipton,F,Confirmed,5,PC,0,0,0,0,0,0,0,
10003720,VILLY TRADING (M) SDN BHD,VT009,LAI TECK SEAN,D9037937937912000103,TAI CHOK PENG & SONS SDN BHD,MODERN TRADE,3000/T64,12/3/2024,INV0000004753,SO0000004799,,Inv,,69566706,LIPTON PBAG EK P80 24X(80X2G),Lipton,S,Confirmed,1,CS,218.4,218.4,0,0,0,0,218.4,
10003720,VILLY TRADING (M) SDN BHD,VT009,LAI TECK SEAN,D9037937937912000103,TAI CHOK PENG & SONS SDN BHD,MODERN TRADE,3000/T64,12/3/2024,INV0000004753,SO0000004799,,Inv,,69566727,LIPTON PBAG KAW EK P80 24X(80X2.3G),Lipton,S,Confirmed,1,CS,218.4,218.4,0,0,0,0,218.4,
10003720,VILLY TRADING (M) SDN BHD,VT009,LAI TECK SEAN,D9037937937912000103,TAI CHOK PENG & SONS SDN BHD,MODERN TRADE,3000/T64,12/3/2024,INV0000004753,SO0000004799,,Inv,,69566714,LIPTON PBAG EK P40 24X(40X2G),Lipton,F,Confirmed,4,PC,0,0,0,0,0,0,0,
10003720,VILLY TRADING (M) SDN BHD,VT009,LAI TECK SEAN,D9037937937912000103,TAI CHOK PENG & SONS SDN BHD,MODERN TRADE,3000/T64,12/3/2024,INV0000004753,SO0000004799,,Inv,,69566714,LIPTON PBAG EK P40 24X(40X2G),Lipton,S,Confirmed,46,PC,127.2,243.8,0,0,0,0,243.8,
10003720,VILLY TRADING (M) SDN BHD,VT009,LAI TECK SEAN,D9037937937912000103,TAI CHOK PENG & SONS SDN BHD,MODERN TRADE,3000/T64,12/3/2024,INV0000004753,SO0000004799,,Inv,,68928387,LIPTON PBAG EK P20 24X(20X2G),Lipton,S,Confirmed,115,PC,67.2,322,0,0,0,0,322,
10003720,VILLY TRADING (M) SDN BHD,VT004,YUKI LOH SOOK HAR,D9005700300394025411,MING TAI FOOD (M) SDN BHD (LUKUT),GENERAL TRADE,3100/M52,12/3/2024,INV0000004766,SO0000004814,,Inv,,69566721,LIPTON PBAG KAW EK P40 24X(40X2.3G),Lipton,S,Confirmed,6,PC,127.2,31.8,0,0,0,0,31.8,
10003720,VILLY TRADING (M) SDN BHD,VT004,YUKI LOH SOOK HAR,D9005700300394025411,MING TAI FOOD (M) SDN BHD (LUKUT),GENERAL TRADE,3100/M52,12/3/2024,INV0000004766,SO0000004814,,Inv,,68928387,LIPTON PBAG EK P20 24X(20X2G),Lipton,S,Confirmed,6,PC,67.2,16.8,0,0,0,0,16.8,
10003720,VILLY TRADING (M) SDN BHD,VT004,YUKI LOH SOOK HAR,D9005700300394025411,MING TAI FOOD (M) SDN BHD (LUKUT),GENERAL TRADE,3100/M52,12/3/2024,INV0000004766,SO0000004814,,Inv,,69566716,LIPTON PBAG KAW EK P20 24X(20X2.3G),Lipton,S,Confirmed,6,PC,67.2,16.8,0,0,0,0,16.8,
10003720,VILLY TRADING (M) SDN BHD,VT004,YUKI LOH SOOK HAR,D9005700300394025411,MING TAI FOOD (M) SDN BHD (LUKUT),GENERAL TRADE,3100/M52,12/3/2024,INV0000004766,SO0000004814,,Inv,,69566714,LIPTON PBAG EK P40 24X(40X2G),Lipton,S,Confirmed,6,PC,127.2,31.8,0,0,0,0,31.8,
10003720,VILLY TRADING (M) SDN BHD,VT007,LIM KONG LING,D9037937937994025743,KEDAI RUNCIT NASHRI ISMAIL,GENERAL TRADE,300K/440,1/3/2024,INV0000004558,SO0000004597,,Inv,,69566727,LIPTON PBAG KAW EK P80 24X(80X2.3G),Lipton,F,Confirmed,2,PC,0,0,0,0,0,0,0,
10003720,VILLY TRADING (M) SDN BHD,VT007,LIM KONG LING,D9037937937994025743,KEDAI RUNCIT NASHRI ISMAIL,GENERAL TRADE,300K/440,1/3/2024,INV0000004558,SO0000004597,,Inv,,69566706,LIPTON PBAG EK P80 24X(80X2G),Lipton,S,Confirmed,23,PC,218.4,209.3,0,0,0,0,209.3,
10003720,VILLY TRADING (M) SDN BHD,VT007,LIM KONG LING,D9037937937994025743,KEDAI RUNCIT NASHRI ISMAIL,GENERAL TRADE,300K/440,1/3/2024,INV0000004558,SO0000004597,,Inv,,69566716,LIPTON PBAG KAW EK P20 24X(20X2.3G),Lipton,F,Confirmed,2,PC,0,0,0,0,0,0,0,
10003720,VILLY TRADING (M) SDN BHD,VT007,LIM KONG LING,D9037937937994025743,KEDAI RUNCIT NASHRI ISMAIL,GENERAL TRADE,300K/440,1/3/2024,INV0000004558,SO0000004597,,Inv,,69566716,LIPTON PBAG KAW EK P20 24X(20X2.3G),Lipton,S,Confirmed,22,PC,67.2,61.6,0,0,0,0,61.6,
10003720,VILLY TRADING (M) SDN BHD,VT007,LIM KONG LING,D9037937937994025743,KEDAI RUNCIT NASHRI ISMAIL,GENERAL TRADE,300K/440,1/3/2024,INV0000004558,SO0000004597,,Inv,,68928387,LIPTON PBAG EK P20 24X(20X2G),Lipton,S,Confirmed,23,PC,67.2,64.4,0,0,0,0,64.4,
10003720,VILLY TRADING (M) SDN BHD,VT007,LIM KONG LING,D9037937937994025743,KEDAI RUNCIT NASHRI ISMAIL,GENERAL TRADE,300K/440,1/3/2024,INV0000004558,SO0000004597,,Inv,,69566714,LIPTON PBAG EK P40 24X(40X2G),Lipton,S,Confirmed,23,PC,127.2,121.9,0,0,0,0,121.9,
10003720,VILLY TRADING (M) SDN BHD,VT007,LIM KONG LING,D9037937937994025743,KEDAI RUNCIT NASHRI ISMAIL,GENERAL TRADE,300K/440,1/3/2024,INV0000004558,SO0000004597,,Inv,,69566714,LIPTON PBAG EK P40 24X(40X2G),Lipton,F,Confirmed,1,PC,0,0,0,0,0,0,0,
10003720,VILLY TRADING (M) SDN BHD,VT007,LIM KONG LING,D9037937937994025743,KEDAI RUNCIT NASHRI ISMAIL,GENERAL TRADE,300K/440,1/3/2024,INV0000004558,SO0000004597,,Inv,,69566721,LIPTON PBAG KAW EK P40 24X(40X2.3G),Lipton,F,Confirmed,2,PC,0,0,0,0,0,0,0,
10003720,VILLY TRADING (M) SDN BHD,VT007,LIM KONG LING,D9037937937994025743,KEDAI RUNCIT NASHRI ISMAIL,GENERAL TRADE,300K/440,1/3/2024,INV0000004558,SO0000004597,,Inv,,69566706,LIPTON PBAG EK P80 24X(80X2G),Lipton,F,Confirmed,1,PC,0,0,0,0,0,0,0,
10003720,VILLY TRADING (M) SDN BHD,VT007,LIM KONG LING,D9037937937994025743,KEDAI RUNCIT NASHRI ISMAIL,GENERAL TRADE,300K/440,1/3/2024,INV0000004558,SO0000004597,,Inv,,68928387,LIPTON PBAG EK P20 24X(20X2G),Lipton,F,Confirmed,1,PC,0,0,0,0,0,0,0,
10003720,VILLY TRADING (M) SDN BHD,VT007,LIM KONG LING,D9037937937994025743,KEDAI RUNCIT NASHRI ISMAIL,GENERAL TRADE,300K/440,1/3/2024,INV0000004558,SO0000004597,,Inv,,69566727,LIPTON PBAG KAW EK P80 24X(80X2.3G),Lipton,S,Confirmed,22,PC,218.4,200.2,0,0,0,0,200.2,
10003720,VILLY TRADING (M) SDN BHD,VT007,LIM KONG LING,D9037937937994025743,KEDAI RUNCIT NASHRI ISMAIL,GENERAL TRADE,300K/440,1/3/2024,INV0000004558,SO0000004597,,Inv,,69566721,LIPTON PBAG KAW EK P40 24X(40X2.3G),Lipton,S,Confirmed,22,PC,127.2,116.6,0,0,0,0,116.6,
10003720,VILLY TRADING (M) SDN BHD,VT007,LIM KONG LING,D9037937937912000356,AMBAH ENTERPRISE (FRI CLOSE),GENERAL TRADE,300A/256,1/3/2024,INV0000004559,SO0000004598,,Inv,,69566721,LIPTON PBAG KAW EK P40 24X(40X2.3G),Lipton,F,Confirmed,2,PC,0,0,0,0,0,0,0,
10003720,VILLY TRADING (M) SDN BHD,VT007,LIM KONG LING,D9037937937912000356,AMBAH ENTERPRISE (FRI CLOSE),GENERAL TRADE,300A/256,1/3/2024,INV0000004559,SO0000004598,,Inv,,21182545,LIPTON YELLOW LABEL SIP2 12X50X2G,Lipton,S,Confirmed,1,CS,103.68,103.68,0,0,0,0,103.68,
10003720,VILLY TRADING (M) SDN BHD,VT007,LIM KONG LING,D9037937937912000356,AMBAH ENTERPRISE (FRI CLOSE),GENERAL TRADE,300A/256,1/3/2024,INV0000004559,SO0000004598,,Inv,,69566706,LIPTON PBAG EK P80 24X(80X2G),Lipton,S,Confirmed,6,PC,218.4,54.6,0,0,0,0,54.6,
10003720,VILLY TRADING (M) SDN BHD,VT007,LIM KONG LING,D9037937937912000356,AMBAH ENTERPRISE (FRI CLOSE),GENERAL TRADE,300A/256,1/3/2024,INV0000004559,SO0000004598,,Inv,,68928387,LIPTON PBAG EK P20 24X(20X2G),Lipton,F,Confirmed,4,PC,0,0,0,0,0,0,0,
10003720,VILLY TRADING (M) SDN BHD,VT007,LIM KONG LING,D9037937937912000356,AMBAH ENTERPRISE (FRI CLOSE),GENERAL TRADE,300A/256,1/3/2024,INV0000004559,SO0000004598,,Inv,,69566714,LIPTON PBAG EK P40 24X(40X2G),Lipton,S,Confirmed,1,CS,127.2,127.2,0,0,0,0,127.2,
10003720,VILLY TRADING (M) SDN BHD,VT007,LIM KONG LING,D9037937937912000356,AMBAH ENTERPRISE (FRI CLOSE),GENERAL TRADE,300A/256,1/3/2024,INV0000004559,SO0000004598,,Inv,,69566721,LIPTON PBAG KAW EK P40 24X(40X2.3G),Lipton,S,Confirmed,1,CS,127.2,127.2,0,0,0,0,127.2,
10003720,VILLY TRADING (M) SDN BHD,VT007,LIM KONG LING,D9037937937912000356,AMBAH ENTERPRISE (FRI CLOSE),GENERAL TRADE,300A/256,1/3/2024,INV0000004559,SO0000004598,,Inv,,69566714,LIPTON PBAG EK P40 24X(40X2G),Lipton,F,Confirmed,2,PC,0,0,0,0,0,0,0,
10003720,VILLY TRADING (M) SDN BHD,VT007,LIM KONG LING,D9037937937912000356,AMBAH ENTERPRISE (FRI CLOSE),GENERAL TRADE,300A/256,1/3/2024,INV0000004559,SO0000004598,,Inv,,21182542,LIPTON YELLOW LABEL SIP2 36X100X2G,Lipton,S,Confirmed,6,PC,536.4,89.4,0,0,0,0,89.4,
10003720,VILLY TRADING (M) SDN BHD,VT007,LIM KONG LING,D9037937937912000356,AMBAH ENTERPRISE (FRI CLOSE),GENERAL TRADE,300A/256,1/3/2024,INV0000004559,SO0000004598,,Inv,,69566716,LIPTON PBAG KAW EK P20 24X(20X2.3G),Lipton,S,Confirmed,2,CS,67.2,134.4,0,0,0,0,134.4,
10003720,VILLY TRADING (M) SDN BHD,VT007,LIM KONG LING,D9037937937912000356,AMBAH ENTERPRISE (FRI CLOSE),GENERAL TRADE,300A/256,1/3/2024,INV0000004559,SO0000004598,,Inv,,69566716,LIPTON PBAG KAW EK P20 24X(20X2.3G),Lipton,F,Confirmed,4,PC,0,0,0,0,0,0,0,
10003720,VILLY TRADING (M) SDN BHD,VT007,LIM KONG LING,D9037937937912000356,AMBAH ENTERPRISE (FRI CLOSE),GENERAL TRADE,300A/256,1/3/2024,INV0000004559,SO0000004598,,Inv,,69566727,LIPTON PBAG KAW EK P80 24X(80X2.3G),Lipton,S,Confirmed,6,PC,218.4,54.6,0,0,0,0,54.6,
10003720,VILLY TRADING (M) SDN BHD,VT007,LIM KONG LING,D9037937937912000356,AMBAH ENTERPRISE (FRI CLOSE),GENERAL TRADE,300A/256,1/3/2024,INV0000004559,SO0000004598,,Inv,,68928387,LIPTON PBAG EK P20 24X(20X2G),Lipton,S,Confirmed,2,CS,67.2,134.4,0,0,0,0,134.4,
10003720,VILLY TRADING (M) SDN BHD,VT007,LIM KONG LING,D9037937937994025744,ROKIAH BT.HJ.ZAINI (FRIDAY CLOSE),GENERAL TRADE,300R/051,1/3/2024,INV0000004560,SO0000004595,,Inv,,68928387,LIPTON PBAG EK P20 24X(20X2G),Lipton,F,Confirmed,1,PC,0,0,0,0,0,0,0,
10003720,VILLY TRADING (M) SDN BHD,VT007,LIM KONG LING,D9037937937994025744,ROKIAH BT.HJ.ZAINI (FRIDAY CLOSE),GENERAL TRADE,300R/051,1/3/2024,INV0000004560,SO0000004595,,Inv,,68928387,LIPTON PBAG EK P20 24X(20X2G),Lipton,S,Confirmed,23,PC,67.2,64.4,0,0,0,0,64.4,
10003720,VILLY TRADING (M) SDN BHD,VT009,LAI TECK SEAN,D9037237237212000467,HUANG LI JAYA,GENERAL TRADE,300H/258,2/3/2024,INV0000004584,SO0000004634,,Inv,,69566716,LIPTON PBAG KAW EK P20 24X(20X2.3G),Lipton,F,Confirmed,1,PC,0,0,0,0,0,0,0,
10003720,VILLY TRADING (M) SDN BHD,VT009,LAI TECK SEAN,D9037237237212000467,HUANG LI JAYA,GENERAL TRADE,300H/258,2/3/2024,INV0000004584,SO0000004634,,Inv,,69566721,LIPTON PBAG KAW EK P40 24X(40X2.3G),Lipton,F,Confirmed,1,PC,0,0,0,0,0,0,0,
10003720,VILLY TRADING (M) SDN BHD,VT009,LAI TECK SEAN,D9037237237212000467,HUANG LI JAYA,GENERAL TRADE,300H/258,2/3/2024,INV0000004584,SO0000004634,,Inv,,69566721,LIPTON PBAG KAW EK P40 24X(40X2.3G),Lipton,S,Confirmed,23,PC,127.2,121.9,0,0,0,0,121.9,
10003720,VILLY TRADING (M) SDN BHD,VT009,LAI TECK SEAN,D9037237237212000467,HUANG LI JAYA,GENERAL TRADE,300H/258,2/3/2024,INV0000004584,SO0000004634,,Inv,,69566716,LIPTON PBAG KAW EK P20 24X(20X2.3G),Lipton,S,Confirmed,23,PC,67.2,64.4,0,0,0,0,64.4,
10003720,VILLY TRADING (M) SDN BHD,VT009,LAI TECK SEAN,D9036336336312000086,KEDAI RUNCIT YONG GUAT (10AM-2PM),GENERAL TRADE,3000/Y11,2/3/2024,INV0000004585,SO0000004637,,Inv,,69566716,LIPTON PBAG KAW EK P20 24X(20X2.3G),Lipton,F,Confirmed,1,PC,0,0,0,0,0,0,0,
10003720,VILLY TRADING (M) SDN BHD,VT009,LAI TECK SEAN,D9036336336312000086,KEDAI RUNCIT YONG GUAT (10AM-2PM),GENERAL TRADE,3000/Y11,2/3/2024,INV0000004585,SO0000004637,,Inv,,69566721,LIPTON PBAG KAW EK P40 24X(40X2.3G),Lipton,S,Confirmed,22,PC,127.2,116.6,0,0,0,0,116.6,
10003720,VILLY TRADING (M) SDN BHD,VT009,LAI TECK SEAN,D9036336336312000086,KEDAI RUNCIT YONG GUAT (10AM-2PM),GENERAL TRADE,3000/Y11,2/3/2024,INV0000004585,SO0000004637,,Inv,,69566721,LIPTON PBAG KAW EK P40 24X(40X2.3G),Lipton,F,Confirmed,2,PC,0,0,0,0,0,0,0,
10003720,VILLY TRADING (M) SDN BHD,VT009,LAI TECK SEAN,D9036336336312000086,KEDAI RUNCIT YONG GUAT (10AM-2PM),GENERAL TRADE,3000/Y11,2/3/2024,INV0000004585,SO0000004637,,Inv,,69566716,LIPTON PBAG KAW EK P20 24X(20X2.3G),Lipton,S,Confirmed,23,PC,67.2,64.4,0,0,0,0,64.4,
10003720,VILLY TRADING (M) SDN BHD,VT009,LAI TECK SEAN,D9036336336312000086,KEDAI RUNCIT YONG GUAT (10AM-2PM),GENERAL TRADE,3000/Y11,2/3/2024,INV0000004585,SO0000004637,,Inv,,69566714,LIPTON PBAG EK P40 24X(40X2G),Lipton,F,Confirmed,1,PC,0,0,0,0,0,0,0,
10003720,VILLY TRADING (M) SDN BHD,VT009,LAI TECK SEAN,D9036336336312000086,KEDAI RUNCIT YONG GUAT (10AM-2PM),GENERAL TRADE,3000/Y11,2/3/2024,INV0000004585,SO0000004637,,Inv,,69566714,LIPTON PBAG EK P40 24X(40X2G),Lipton,S,Confirmed,23,PC,127.2,121.9,0,0,0,0,121.9,
10003720,VILLY TRADING (M) SDN BHD,VT009,LAI TECK SEAN,D9036336336312000086,KEDAI RUNCIT YONG GUAT (10AM-2PM),GENERAL TRADE,3000/Y11,2/3/2024,INV0000004585,SO0000004637,,Inv,,21182545,LIPTON YELLOW LABEL SIP2 12X50X2G,Lipton,S,Confirmed,1,CS,103.68,103.68,0,0,0,0,103.68,
10003720,VILLY TRADING (M) SDN BHD,VT009,LAI TECK SEAN,D9036636636612000068,PASAR MINI FAIR,GENERAL TRADE,3000/F12,2/3/2024,INV0000004586,SO0000004636,,Inv,,69566714,LIPTON PBAG EK P40 24X(40X2G),Lipton,F,Confirmed,1,PC,0,0,0,0,0,0,0,
10003720,VILLY TRADING (M) SDN BHD,VT009,LAI TECK SEAN,D9036636636612000068,PASAR MINI FAIR,GENERAL TRADE,3000/F12,2/3/2024,INV0000004586,SO0000004636,,Inv,,21182545,LIPTON YELLOW LABEL SIP2 12X50X2G,Lipton,S,Confirmed,3,PC,103.68,25.92,0,0,0,0,25.92,
10003720,VILLY TRADING (M) SDN BHD,VT009,LAI TECK SEAN,D9036636636612000068,PASAR MINI FAIR,GENERAL TRADE,3000/F12,2/3/2024,INV0000004586,SO0000004636,,Inv,,69566714,LIPTON PBAG EK P40 24X(40X2G),Lipton,S,Confirmed,22,PC,127.2,116.6,0,0,0,0,116.6,
10003720,VILLY TRADING (M) SDN BHD,VT009,LAI TECK SEAN,D9036636636612000068,PASAR MINI FAIR,GENERAL TRADE,3000/F12,2/3/2024,INV0000004586,SO0000004636,,Inv,,68928387,LIPTON PBAG EK P20 24X(20X2G),Lipton,F,Confirmed,1,PC,0,0,0,0,0,0,0,
10003720,VILLY TRADING (M) SDN BHD,VT009,LAI TECK SEAN,D9036636636612000068,PASAR MINI FAIR,GENERAL TRADE,3000/F12,2/3/2024,INV0000004586,SO0000004636,,Inv,,68928387,LIPTON PBAG EK P20 24X(20X2G),Lipton,S,Confirmed,23,PC,67.2,64.4,0,0,0,0,64.4,
10003720,VILLY TRADING (M) SDN BHD,VT009,LAI TECK SEAN,D9037237237212000203,U-BESMART WHOLESALE MARKET SDN BHD,GENERAL TRADE,3000/U12,2/3/2024,INV0000004587,SO0000004639,,Inv,,69566721,LIPTON PBAG KAW EK P40 24X(40X2.3G),Lipton,S,Confirmed,24,PC,127.2,127.2,0,0,0,0,127.2,
10003720,VILLY TRADING (M) SDN BHD,VT009,LAI TECK SEAN,D9037237237212000203,U-BESMART WHOLESALE MARKET SDN BHD,GENERAL TRADE,3000/U12,2/3/2024,INV0000004587,SO0000004639,,Inv,,69566727,LIPTON PBAG KAW EK P80 24X(80X2.3G),Lipton,S,Confirmed,1,CS,218.4,218.4,0,0,0,0,218.4,
10003720,VILLY TRADING (M) SDN BHD,VT009,LAI TECK SEAN,D9037237237212000203,U-BESMART WHOLESALE MARKET SDN BHD,GENERAL TRADE,3000/U12,2/3/2024,INV0000004587,SO0000004639,,Inv,,69566714,LIPTON PBAG EK P40 24X(40X2G),Lipton,S,Confirmed,24,PC,127.2,127.2,0,0,0,0,127.2,
10003720,VILLY TRADING (M) SDN BHD,VT009,LAI TECK SEAN,D9037237237212000203,U-BESMART WHOLESALE MARKET SDN BHD,GENERAL TRADE,3000/U12,2/3/2024,INV0000004587,SO0000004639,,Inv,,69566714,LIPTON PBAG EK P40 24X(40X2G),Lipton,F,Confirmed,2,PC,0,0,0,0,0,0,0,
10003720,VILLY TRADING (M) SDN BHD,VT009,LAI TECK SEAN,D9037237237212000203,U-BESMART WHOLESALE MARKET SDN BHD,GENERAL TRADE,3000/U12,2/3/2024,INV0000004587,SO0000004639,,Inv,,69566716,LIPTON PBAG KAW EK P20 24X(20X2.3G),Lipton,F,Confirmed,4,PC,0,0,0,0,0,0,0,
10003720,VILLY TRADING (M) SDN BHD,VT009,LAI TECK SEAN,D9037237237212000203,U-BESMART WHOLESALE MARKET SDN BHD,GENERAL TRADE,3000/U12,2/3/2024,INV0000004587,SO0000004639,,Inv,,21182545,LIPTON YELLOW LABEL SIP2 12X50X2G,Lipton,S,Confirmed,2,CS,103.68,207.36,0,0,0,0,207.36,
10003720,VILLY TRADING (M) SDN BHD,VT009,LAI TECK SEAN,D9037237237212000203,U-BESMART WHOLESALE MARKET SDN BHD,GENERAL TRADE,3000/U12,2/3/2024,INV0000004587,SO0000004639,,Inv,,69566706,LIPTON PBAG EK P80 24X(80X2G),Lipton,S,Confirmed,1,CS,218.4,218.4,0,0,0,0,218.4,
10003720,VILLY TRADING (M) SDN BHD,VT009,LAI TECK SEAN,D9037237237212000203,U-BESMART WHOLESALE MARKET SDN BHD,GENERAL TRADE,3000/U12,2/3/2024,INV0000004587,SO0000004639,,Inv,,68928387,LIPTON PBAG EK P20 24X(20X2G),Lipton,S,Confirmed,48,PC,67.2,134.4,0,0,0,0,134.4,
10003720,VILLY TRADING (M) SDN BHD,VT009,LAI TECK SEAN,D9037237237212000203,U-BESMART WHOLESALE MARKET SDN BHD,GENERAL TRADE,3000/U12,2/3/2024,INV0000004587,SO0000004639,,Inv,,69566721,LIPTON PBAG KAW EK P40 24X(40X2.3G),Lipton,F,Confirmed,2,PC,0,0,0,0,0,0,0,
10003720,VILLY TRADING (M) SDN BHD,VT009,LAI TECK SEAN,D9037237237212000203,U-BESMART WHOLESALE MARKET SDN BHD,GENERAL TRADE,3000/U12,2/3/2024,INV0000004587,SO0000004639,,Inv,,69566716,LIPTON PBAG KAW EK P20 24X(20X2.3G),Lipton,S,Confirmed,48,PC,67.2,134.4,0,0,0,0,134.4,
10003720,VILLY TRADING (M) SDN BHD,VT009,LAI TECK SEAN,D9037237237212000203,U-BESMART WHOLESALE MARKET SDN BHD,GENERAL TRADE,3000/U12,2/3/2024,INV0000004587,SO0000004639,,Inv,,68928387,LIPTON PBAG EK P20 24X(20X2G),Lipton,F,Confirmed,4,PC,0,0,0,0,0,0,0,
10003720,VILLY TRADING (M) SDN BHD,VT009,LAI TECK SEAN,D9036736736794032203,XIN GUAN TRADING,GENERAL TRADE,300X/022,2/3/2024,INV0000004588,SO0000004635,,Inv,,69566721,LIPTON PBAG KAW EK P40 24X(40X2.3G),Lipton,S,Confirmed,22,PC,127.2,116.6,0,0,0,0,116.6,
10003720,VILLY TRADING (M) SDN BHD,VT009,LAI TECK SEAN,D9036736736794032203,XIN GUAN TRADING,GENERAL TRADE,300X/022,2/3/2024,INV0000004588,SO0000004635,,Inv,,69566721,LIPTON PBAG KAW EK P40 24X(40X2.3G),Lipton,F,Confirmed,2,PC,0,0,0,0,0,0,0,
10003720,VILLY TRADING (M) SDN BHD,VT009,LAI TECK SEAN,D9036736736794032203,XIN GUAN TRADING,GENERAL TRADE,300X/022,2/3/2024,INV0000004588,SO0000004635,,Inv,,69566714,LIPTON PBAG EK P40 24X(40X2G),Lipton,F,Confirmed,1,PC,0,0,0,0,0,0,0,
10003720,VILLY TRADING (M) SDN BHD,VT009,LAI TECK SEAN,D9036736736794032203,XIN GUAN TRADING,GENERAL TRADE,300X/022,2/3/2024,INV0000004588,SO0000004635,,Inv,,69566714,LIPTON PBAG EK P40 24X(40X2G),Lipton,S,Confirmed,23,PC,127.2,121.9,0,0,0,0,121.9,
10003720,VILLY TRADING (M) SDN BHD,VT009,LAI TECK SEAN,D9036736736794032203,XIN GUAN TRADING,GENERAL TRADE,300X/022,2/3/2024,INV0000004588,SO0000004635,,Inv,,69566708,LIPTON PACKET TEA EK 72X200G,Lipton,S,Confirmed,6,PC,408.24,34.02,0,0,0,0,34.02,
10003720,VILLY TRADING (M) SDN BHD,VT009,LAI TECK SEAN,D9036336336394020648,PASAR MINI AZHAR UMAR,GENERAL TRADE,300P/217,2/3/2024,INV0000004589,SO0000004638,,Inv,,21182545,LIPTON YELLOW LABEL SIP2 12X50X2G,Lipton,S,Confirmed,1,CS,103.68,103.68,0,0,0,0,103.68,
10003720,VILLY TRADING (M) SDN BHD,VT009,LAI TECK SEAN,D9036336336394020648,PASAR MINI AZHAR UMAR,GENERAL TRADE,300P/217,2/3/2024,INV0000004589,SO0000004638,,Inv,,69566721,LIPTON PBAG KAW EK P40 24X(40X2.3G),Lipton,F,Confirmed,2,PC,0,0,0,0,0,0,0,
10003720,VILLY TRADING (M) SDN BHD,VT009,LAI TECK SEAN,D9036336336394020648,PASAR MINI AZHAR UMAR,GENERAL TRADE,300P/217,2/3/2024,INV0000004589,SO0000004638,,Inv,,68928387,LIPTON PBAG EK P20 24X(20X2G),Lipton,S,Confirmed,23,PC,67.2,64.4,0,0,0,0,64.4,
10003720,VILLY TRADING (M) SDN BHD,VT009,LAI TECK SEAN,D9036336336394020648,PASAR MINI AZHAR UMAR,GENERAL TRADE,300P/217,2/3/2024,INV0000004589,SO0000004638,,Inv,,69566714,LIPTON PBAG EK P40 24X(40X2G),Lipton,S,Confirmed,23,PC,127.2,121.9,0,0,0,0,121.9,
10003720,VILLY TRADING (M) SDN BHD,VT009,LAI TECK SEAN,D9036336336394020648,PASAR MINI AZHAR UMAR,GENERAL TRADE,300P/217,2/3/2024,INV0000004589,SO0000004638,,Inv,,69566716,LIPTON PBAG KAW EK P20 24X(20X2.3G),Lipton,S,Confirmed,22,PC,67.2,61.6,0,0,0,0,61.6,
10003720,VILLY TRADING (M) SDN BHD,VT009,LAI TECK SEAN,D9036336336394020648,PASAR MINI AZHAR UMAR,GENERAL TRADE,300P/217,2/3/2024,INV0000004589,SO0000004638,,Inv,,69566714,LIPTON PBAG EK P40 24X(40X2G),Lipton,F,Confirmed,1,PC,0,0,0,0,0,0,0,
10003720,VILLY TRADING (M) SDN BHD,VT009,LAI TECK SEAN,D9036336336394020648,PASAR MINI AZHAR UMAR,GENERAL TRADE,300P/217,2/3/2024,INV0000004589,SO0000004638,,Inv,,68928387,LIPTON PBAG EK P20 24X(20X2G),Lipton,F,Confirmed,1,PC,0,0,0,0,0,0,0,
10003720,VILLY TRADING (M) SDN BHD,VT009,LAI TECK SEAN,D9036336336394020648,PASAR MINI AZHAR UMAR,GENERAL TRADE,300P/217,2/3/2024,INV0000004589,SO0000004638,,Inv,,69566716,LIPTON PBAG KAW EK P20 24X(20X2.3G),Lipton,F,Confirmed,2,PC,0,0,0,0,0,0,0,
10003720,VILLY TRADING (M) SDN BHD,VT009,LAI TECK SEAN,D9036336336394020648,PASAR MINI AZHAR UMAR,GENERAL TRADE,300P/217,2/3/2024,INV0000004589,SO0000004638,,Inv,,69566721,LIPTON PBAG KAW EK P40 24X(40X2.3G),Lipton,S,Confirmed,22,PC,127.2,116.6,0,0,0,0,116.6,
10003720,VILLY TRADING (M) SDN BHD,VT009,LAI TECK SEAN,D9037937937912000491,GEMBIRA CASH AND CARRY (MON CLOSE),GENERAL TRADE,3000/G80,2/3/2024,INV0000004591,SO0000004633,,Inv,,69566714,LIPTON PBAG EK P40 24X(40X2G),Lipton,S,Confirmed,12,PC,127.2,63.6,0,0,0,0,63.6,
10003720,VILLY TRADING (M) SDN BHD,VT009,LAI TECK SEAN,D9037937937912000491,GEMBIRA CASH AND CARRY (MON CLOSE),GENERAL TRADE,3000/G80,2/3/2024,INV0000004591,SO0000004633,,Inv,,68928387,LIPTON PBAG EK P20 24X(20X2G),Lipton,S,Confirmed,12,PC,67.2,33.6,0,0,0,0,33.6,
10003720,VILLY TRADING (M) SDN BHD,VT009,LAI TECK SEAN,D9037937937912000491,GEMBIRA CASH AND CARRY (MON CLOSE),GENERAL TRADE,3000/G80,2/3/2024,INV0000004591,SO0000004633,,Inv,,69566706,LIPTON PBAG EK P80 24X(80X2G),Lipton,S,Confirmed,6,PC,218.4,54.6,0,0,0,0,54.6,
10003720,VILLY TRADING (M) SDN BHD,VT007,LIM KONG LING,D9037937937912000233,BEMAI MINI MARKET (SAT CLOSE),GENERAL TRADE,3000/B81,2/3/2024,INV0000004581,SO0000004630,,Inv,,69566714,LIPTON PBAG EK P40 24X(40X2G),Lipton,S,Confirmed,48,PC,127.2,254.4,0,0,0,0,254.4,
10003720,VILLY TRADING (M) SDN BHD,VT007,LIM KONG LING,D9037937937912000233,BEMAI MINI MARKET (SAT CLOSE),GENERAL TRADE,3000/B81,2/3/2024,INV0000004581,SO0000004630,,Inv,,69566708,LIPTON PACKET TEA EK 72X200G,Lipton,S,Confirmed,6,PC,408.24,34.02,0,0,0,0,34.02,
10003720,VILLY TRADING (M) SDN BHD,VT007,LIM KONG LING,D9037937937912000233,BEMAI MINI MARKET (SAT CLOSE),GENERAL TRADE,3000/B81,2/3/2024,INV0000004581,SO0000004630,,Inv,,69566714,LIPTON PBAG EK P40 24X(40X2G),Lipton,F,Confirmed,4,PC,0,0,0,0,0,0,0,
10003720,VILLY TRADING (M) SDN BHD,VT007,LIM KONG LING,D9038338338394029889,NAM HOE MINI MARKET,GENERAL TRADE,300N/017,4/3/2024,INV0000004611,SO0000004659,,Inv,,68928387,LIPTON PBAG EK P20 24X(20X2G),Lipton,F,Confirmed,3,PC,0,0,0,0,0,0,0,
10003720,VILLY TRADING (M) SDN BHD,VT007,LIM KONG LING,D9038338338394029889,NAM HOE MINI MARKET,GENERAL TRADE,300N/017,4/3/2024,INV0000004611,SO0000004659,,Inv,,69566714,LIPTON PBAG EK P40 24X(40X2G),Lipton,S,Confirmed,23,PC,127.2,121.9,0,0,0,0,121.9,
10003720,VILLY TRADING (M) SDN BHD,VT007,LIM KONG LING,D9038338338394029889,NAM HOE MINI MARKET,GENERAL TRADE,300N/017,4/3/2024,INV0000004611,SO0000004659,,Inv,,68928387,LIPTON PBAG EK P20 24X(20X2G),Lipton,S,Confirmed,45,PC,67.2,126,0,0,0,0,126,
10003720,VILLY TRADING (M) SDN BHD,VT007,LIM KONG LING,D9038338338394029889,NAM HOE MINI MARKET,GENERAL TRADE,300N/017,4/3/2024,INV0000004611,SO0000004659,,Inv,,69566714,LIPTON PBAG EK P40 24X(40X2G),Lipton,F,Confirmed,1,PC,0,0,0,0,0,0,0,
10003720,VILLY TRADING (M) SDN BHD,VT007,LIM KONG LING,D9038038038094024515,LIM AH CHIN,GENERAL TRADE,3000/H80,4/3/2024,INV0000004612,SO0000004660,,Inv,,69566716,LIPTON PBAG KAW EK P20 24X(20X2.3G),Lipton,F,Confirmed,2,PC,0,0,0,0,0,0,0,
10003720,VILLY TRADING (M) SDN BHD,VT007,LIM KONG LING,D9038038038094024515,LIM AH CHIN,GENERAL TRADE,3000/H80,4/3/2024,INV0000004612,SO0000004660,,Inv,,68928387,LIPTON PBAG EK P20 24X(20X2G),Lipton,F,Confirmed,1,PC,0,0,0,0,0,0,0,
10003720,VILLY TRADING (M) SDN BHD,VT007,LIM KONG LING,D9038038038094024515,LIM AH CHIN,GENERAL TRADE,3000/H80,4/3/2024,INV0000004612,SO0000004660,,Inv,,68928387,LIPTON PBAG EK P20 24X(20X2G),Lipton,S,Confirmed,23,PC,67.2,64.4,0,0,0,0,64.4,
10003720,VILLY TRADING (M) SDN BHD,VT007,LIM KONG LING,D9038038038094024515,LIM AH CHIN,GENERAL TRADE,3000/H80,4/3/2024,INV0000004612,SO0000004660,,Inv,,21182545,LIPTON YELLOW LABEL SIP2 12X50X2G,Lipton,S,Confirmed,6,PC,103.68,51.84,0,0,0,0,51.84,
10003720,VILLY TRADING (M) SDN BHD,VT007,LIM KONG LING,D9038038038094024515,LIM AH CHIN,GENERAL TRADE,3000/H80,4/3/2024,INV0000004612,SO0000004660,,Inv,,69566721,LIPTON PBAG KAW EK P40 24X(40X2.3G),Lipton,F,Confirmed,1,PC,0,0,0,0,0,0,0,
10003720,VILLY TRADING (M) SDN BHD,VT007,LIM KONG LING,D9038038038094024515,LIM AH CHIN,GENERAL TRADE,3000/H80,4/3/2024,INV0000004612,SO0000004660,,Inv,,69566716,LIPTON PBAG KAW EK P20 24X(20X2.3G),Lipton,S,Confirmed,22,PC,67.2,61.6,0,0,0,0,61.6,
10003720,VILLY TRADING (M) SDN BHD,VT007,LIM KONG LING,D9038038038094024515,LIM AH CHIN,GENERAL TRADE,3000/H80,4/3/2024,INV0000004612,SO0000004660,,Inv,,69566721,LIPTON PBAG KAW EK P40 24X(40X2.3G),Lipton,S,Confirmed,23,PC,127.2,121.9,0,0,0,0,121.9,
10003720,VILLY TRADING (M) SDN BHD,VT007,LIM KONG LING,D9038038038094013646,SHOP & SAVE MINI MART,GENERAL TRADE,300S/602,4/3/2024,INV0000004615,SO0000004658,,Inv,,69566716,LIPTON PBAG KAW EK P20 24X(20X2.3G),Lipton,S,Confirmed,12,PC,67.2,33.6,0,0,0,0,33.6,
10003720,VILLY TRADING (M) SDN BHD,VT007,LIM KONG LING,D9038038038094013646,SHOP & SAVE MINI MART,GENERAL TRADE,300S/602,4/3/2024,INV0000004615,SO0000004658,,Inv,,69566721,LIPTON PBAG KAW EK P40 24X(40X2.3G),Lipton,S,Confirmed,6,PC,127.2,31.8,0,0,0,0,31.8,
10003720,VILLY TRADING (M) SDN BHD,VT007,LIM KONG LING,D9038038038094013646,SHOP & SAVE MINI MART,GENERAL TRADE,300S/602,4/3/2024,INV0000004615,SO0000004658,,Inv,,68928387,LIPTON PBAG EK P20 24X(20X2G),Lipton,S,Confirmed,12,PC,67.2,33.6,0,0,0,0,33.6,
10003720,VILLY TRADING (M) SDN BHD,VT007,LIM KONG LING,D9038338338312000010,GOH BROTHERS MINIMARKET,GENERAL TRADE,3000/G54,4/3/2024,INV0000004616,SO0000004662,,Inv,,21182542,LIPTON YELLOW LABEL SIP2 36X100X2G,Lipton,S,Confirmed,3,PC,536.4,44.7,0,0,0,0,44.7,
10003720,VILLY TRADING (M) SDN BHD,VT007,LIM KONG LING,D9038338338312000456,FOOK GUAN HOE TRADING,GENERAL TRADE,3000/F23,4/3/2024,INV0000004610,SO0000004663,,Inv,,68928387,LIPTON PBAG EK P20 24X(20X2G),Lipton,S,Confirmed,23,PC,67.2,64.4,0,0,0,0,64.4,
10003720,VILLY TRADING (M) SDN BHD,VT007,LIM KONG LING,D9038338338312000456,FOOK GUAN HOE TRADING,GENERAL TRADE,3000/F23,4/3/2024,INV0000004610,SO0000004663,,Inv,,68928387,LIPTON PBAG EK P20 24X(20X2G),Lipton,F,Confirmed,1,PC,0,0,0,0,0,0,0,
10003720,VILLY TRADING (M) SDN BHD,VT003,EUNICE SIOW SEUI JIN,D9006106106194024404,PMJDK ENTERPRISE (tuesday close),GENERAL TRADE,3100/P64,4/3/2024,INV0000004619,SO0000004667,,Inv,,68928387,LIPTON PBAG EK P20 24X(20X2G),Lipton,S,Confirmed,12,PC,67.2,33.6,0,0,0,0,33.6,
10003720,VILLY TRADING (M) SDN BHD,VT003,EUNICE SIOW SEUI JIN,D9006106106194024404,PMJDK ENTERPRISE (tuesday close),GENERAL TRADE,3100/P64,4/3/2024,INV0000004619,SO0000004667,,Inv,,69566716,LIPTON PBAG KAW EK P20 24X(20X2.3G),Lipton,S,Confirmed,12,PC,67.2,33.6,0,0,0,0,33.6,
10003720,VILLY TRADING (M) SDN BHD,VT003,EUNICE SIOW SEUI JIN,D9006106106194024404,PMJDK ENTERPRISE (tuesday close),GENERAL TRADE,3100/P64,4/3/2024,INV0000004619,SO0000004667,,Inv,,21182546,LIPTON YELLOW LABEL SIP2 24X25X2G,Lipton,S,Confirmed,3,PC,111.6,13.95,0,0,0,0,13.95,
10003720,VILLY TRADING (M) SDN BHD,VT003,EUNICE SIOW SEUI JIN,D9006106106104000080,PASAR MINI SENGODAN,GENERAL TRADE,310P/016,4/3/2024,INV0000004621,SO0000004666,,Inv,,69566714,LIPTON PBAG EK P40 24X(40X2G),Lipton,S,Confirmed,10,PC,127.2,53,0,0,0,0,53,
10003720,VILLY TRADING (M) SDN BHD,VT003,EUNICE SIOW SEUI JIN,D9006106106104000080,PASAR MINI SENGODAN,GENERAL TRADE,310P/016,4/3/2024,INV0000004621,SO0000004666,,Inv,,69566731,LIPTON PACKET TEA EK 36X400G,Lipton,S,Confirmed,3,PC,383.04,31.92,0,0,0,0,31.92,
10003720,VILLY TRADING (M) SDN BHD,VT003,EUNICE SIOW SEUI JIN,D9006106106104000080,PASAR MINI SENGODAN,GENERAL TRADE,310P/016,4/3/2024,INV0000004621,SO0000004666,,Inv,,68928385,LIPTON PACKET TEA EK 12X12X50G,Lipton,S,Confirmed,6,PC,259.2,10.8,0,0,0,0,10.8,
10003720,VILLY TRADING (M) SDN BHD,VT003,EUNICE SIOW SEUI JIN,D9006106106104000080,PASAR MINI SENGODAN,GENERAL TRADE,310P/016,4/3/2024,INV0000004621,SO0000004666,,Inv,,69566716,LIPTON PBAG KAW EK P20 24X(20X2.3G),Lipton,S,Confirmed,10,PC,67.2,28,0,0,0,0,28,
10003720,VILLY TRADING (M) SDN BHD,VT003,EUNICE SIOW SEUI JIN,D9006106106104000080,PASAR MINI SENGODAN,GENERAL TRADE,310P/016,4/3/2024,INV0000004621,SO0000004666,,Inv,,69566708,LIPTON PACKET TEA EK 72X200G,Lipton,S,Confirmed,3,PC,408.24,17.01,0,0,0,0,17.01,
10003720,VILLY TRADING (M) SDN BHD,VT003,EUNICE SIOW SEUI JIN,D9006106106104000080,PASAR MINI SENGODAN,GENERAL TRADE,310P/016,4/3/2024,INV0000004621,SO0000004666,,Inv,,68928387,LIPTON PBAG EK P20 24X(20X2G),Lipton,S,Confirmed,10,PC,67.2,28,0,0,0,0,28,
10003720,VILLY TRADING (M) SDN BHD,VT003,EUNICE SIOW SEUI JIN,D9006106106104000080,PASAR MINI SENGODAN,GENERAL TRADE,310P/016,4/3/2024,INV0000004621,SO0000004666,,Inv,,69566721,LIPTON PBAG KAW EK P40 24X(40X2.3G),Lipton,S,Confirmed,10,PC,127.2,53,0,0,0,0,53,
10003720,VILLY TRADING (M) SDN BHD,VT003,EUNICE SIOW SEUI JIN,D9006106106104000130,ONE SENAWANG ENTERPRSIE,GENERAL TRADE,3100/O03,4/3/2024,INV0000004622,SO0000004668,,Inv,,68928387,LIPTON PBAG EK P20 24X(20X2G),Lipton,S,Confirmed,10,PC,67.2,28,0,0,0,0,28,
10003720,VILLY TRADING (M) SDN BHD,VT003,EUNICE SIOW SEUI JIN,D9006106106104000130,ONE SENAWANG ENTERPRSIE,GENERAL TRADE,3100/O03,4/3/2024,INV0000004622,SO0000004668,,Inv,,69566716,LIPTON PBAG KAW EK P20 24X(20X2.3G),Lipton,S,Confirmed,10,PC,67.2,28,0,0,0,0,28,
10003720,VILLY TRADING (M) SDN BHD,VT003,EUNICE SIOW SEUI JIN,D9006106106104000130,ONE SENAWANG ENTERPRSIE,GENERAL TRADE,3100/O03,4/3/2024,INV0000004622,SO0000004668,,Inv,,68928385,LIPTON PACKET TEA EK 12X12X50G,Lipton,S,Confirmed,6,PC,259.2,10.8,0,0,0,0,10.8,
10003720,VILLY TRADING (M) SDN BHD,VT003,EUNICE SIOW SEUI JIN,D9006106106104000130,ONE SENAWANG ENTERPRSIE,GENERAL TRADE,3100/O03,4/3/2024,INV0000004622,SO0000004668,,Inv,,21182545,LIPTON YELLOW LABEL SIP2 12X50X2G,Lipton,S,Confirmed,6,PC,103.68,51.84,0,0,0,0,51.84,
10003720,VILLY TRADING (M) SDN BHD,VT003,EUNICE SIOW SEUI JIN,D9006106106104000130,ONE SENAWANG ENTERPRSIE,GENERAL TRADE,3100/O03,4/3/2024,INV0000004622,SO0000004668,,Inv,,69566727,LIPTON PBAG KAW EK P80 24X(80X2.3G),Lipton,S,Confirmed,6,PC,218.4,54.6,0,0,0,0,54.6,
10003720,VILLY TRADING (M) SDN BHD,VT003,EUNICE SIOW SEUI JIN,D9006106106194024685,MANTAU MINIMART,GENERAL TRADE,3100/M54,4/3/2024,INV0000004623,SO0000004669,,Inv,,68928385,LIPTON PACKET TEA EK 12X12X50G,Lipton,S,Confirmed,12,PC,259.2,21.6,0,0,0,0,21.6,
10003720,VILLY TRADING (M) SDN BHD,VT003,EUNICE SIOW SEUI JIN,D9006106106194024685,MANTAU MINIMART,GENERAL TRADE,3100/M54,4/3/2024,INV0000004623,SO0000004669,,Inv,,69566708,LIPTON PACKET TEA EK 72X200G,Lipton,S,Confirmed,12,PC,408.24,68.04,0,0,0,0,68.04,
10003720,VILLY TRADING (M) SDN BHD,VT007,LIM KONG LING,D9037437437413000172,KEDAI RUNCIT NOMBOR SATU,GENERAL TRADE,3000/N47,5/3/2024,INV0000004634,SO0000004683,,Inv,,69566714,LIPTON PBAG EK P40 24X(40X2G),Lipton,F,Confirmed,1,PC,0,0,0,0,0,0,0,
10003720,VILLY TRADING (M) SDN BHD,VT007,LIM KONG LING,D9037437437413000172,KEDAI RUNCIT NOMBOR SATU,GENERAL TRADE,3000/N47,5/3/2024,INV0000004634,SO0000004683,,Inv,,68928387,LIPTON PBAG EK P20 24X(20X2G),Lipton,S,Confirmed,23,PC,67.2,64.4,0,0,0,0,64.4,
10003720,VILLY TRADING (M) SDN BHD,VT007,LIM KONG LING,D9037437437413000172,KEDAI RUNCIT NOMBOR SATU,GENERAL TRADE,3000/N47,5/3/2024,INV0000004634,SO0000004683,,Inv,,68928387,LIPTON PBAG EK P20 24X(20X2G),Lipton,F,Confirmed,1,PC,0,0,0,0,0,0,0,
10003720,VILLY TRADING (M) SDN BHD,VT007,LIM KONG LING,D9037437437413000172,KEDAI RUNCIT NOMBOR SATU,GENERAL TRADE,3000/N47,5/3/2024,INV0000004634,SO0000004683,,Inv,,69566706,LIPTON PBAG EK P80 24X(80X2G),Lipton,F,Confirmed,1,PC,0,0,0,0,0,0,0,
10003720,VILLY TRADING (M) SDN BHD,VT007,LIM KONG LING,D9037437437413000172,KEDAI RUNCIT NOMBOR SATU,GENERAL TRADE,3000/N47,5/3/2024,INV0000004634,SO0000004683,,Inv,,69566706,LIPTON PBAG EK P80 24X(80X2G),Lipton,S,Confirmed,23,PC,218.4,209.3,0,0,0,0,209.3,
10003720,VILLY TRADING (M) SDN BHD,VT007,LIM KONG LING,D9037437437413000172,KEDAI RUNCIT NOMBOR SATU,GENERAL TRADE,3000/N47,5/3/2024,INV0000004634,SO0000004683,,Inv,,69566714,LIPTON PBAG EK P40 24X(40X2G),Lipton,S,Confirmed,23,PC,127.2,121.9,0,0,0,0,121.9,
10003720,VILLY TRADING (M) SDN BHD,VT007,LIM KONG LING,D9037437437413000119,LAI MAN SIN,GENERAL TRADE,300L/004,5/3/2024,INV0000004635,SO0000004682,,Inv,,68928387,LIPTON PBAG EK P20 24X(20X2G),Lipton,S,Confirmed,23,PC,67.2,64.4,0,0,0,0,64.4,
10003720,VILLY TRADING (M) SDN BHD,VT007,LIM KONG LING,D9037437437413000119,LAI MAN SIN,GENERAL TRADE,300L/004,5/3/2024,INV0000004635,SO0000004682,,Inv,,69566714,LIPTON PBAG EK P40 24X(40X2G),Lipton,S,Confirmed,23,PC,127.2,121.9,0,0,0,0,121.9,
10003720,VILLY TRADING (M) SDN BHD,VT007,LIM KONG LING,D9037437437413000119,LAI MAN SIN,GENERAL TRADE,300L/004,5/3/2024,INV0000004635,SO0000004682,,Inv,,68928387,LIPTON PBAG EK P20 24X(20X2G),Lipton,F,Confirmed,1,PC,0,0,0,0,0,0,0,
10003720,VILLY TRADING (M) SDN BHD,VT007,LIM KONG LING,D9037437437413000119,LAI MAN SIN,GENERAL TRADE,300L/004,5/3/2024,INV0000004635,SO0000004682,,Inv,,69566714,LIPTON PBAG EK P40 24X(40X2G),Lipton,F,Confirmed,1,PC,0,0,0,0,0,0,0,
10003720,VILLY TRADING (M) SDN BHD,VT007,LIM KONG LING,D9037437437494016488,KESAVAN A/L GUNASEKAREN,GENERAL TRADE,300P/129,5/3/2024,INV0000004636,SO0000004681,,Inv,,68928387,LIPTON PBAG EK P20 24X(20X2G),Lipton,S,Confirmed,23,PC,67.2,64.4,0,0,0,0,64.4,
10003720,VILLY TRADING (M) SDN BHD,VT007,LIM KONG LING,D9037437437494016488,KESAVAN A/L GUNASEKAREN,GENERAL TRADE,300P/129,5/3/2024,INV0000004636,SO0000004681,,Inv,,68928387,LIPTON PBAG EK P20 24X(20X2G),Lipton,F,Confirmed,1,PC,0,0,0,0,0,0,0,
10003720,VILLY TRADING (M) SDN BHD,VT007,LIM KONG LING,D9037437437494016488,KESAVAN A/L GUNASEKAREN,GENERAL TRADE,300P/129,5/3/2024,INV0000004636,SO0000004681,,Inv,,69566727,LIPTON PBAG KAW EK P80 24X(80X2.3G),Lipton,S,Confirmed,12,PC,218.4,109.2,0,0,0,0,109.2,
10003720,VILLY TRADING (M) SDN BHD,VT007,LIM KONG LING,D9037437437494016488,KESAVAN A/L GUNASEKAREN,GENERAL TRADE,300P/129,5/3/2024,INV0000004636,SO0000004681,,Inv,,69566716,LIPTON PBAG KAW EK P20 24X(20X2.3G),Lipton,S,Confirmed,22,PC,67.2,61.6,0,0,0,0,61.6,
10003720,VILLY TRADING (M) SDN BHD,VT007,LIM KONG LING,D9037437437494016488,KESAVAN A/L GUNASEKAREN,GENERAL TRADE,300P/129,5/3/2024,INV0000004636,SO0000004681,,Inv,,69566716,LIPTON PBAG KAW EK P20 24X(20X2.3G),Lipton,F,Confirmed,2,PC,0,0,0,0,0,0,0,
10003720,VILLY TRADING (M) SDN BHD,VT007,LIM KONG LING,D9037437437494016488,KESAVAN A/L GUNASEKAREN,GENERAL TRADE,300P/129,5/3/2024,INV0000004636,SO0000004681,,Inv,,69566706,LIPTON PBAG EK P80 24X(80X2G),Lipton,S,Confirmed,12,PC,218.4,109.2,0,0,0,0,109.2,
10003720,VILLY TRADING (M) SDN BHD,VT003,EUNICE SIOW SEUI JIN,D9004104104104000249,HUP SENG SHOPPING CENTRE,GENERAL TRADE,3100/H13,5/3/2024,INV0000004642,SO0000004689,,Inv,,68928387,LIPTON PBAG EK P20 24X(20X2G),Lipton,S,Confirmed,23,PC,67.2,64.4,0,0,0,0,64.4,
10003720,VILLY TRADING (M) SDN BHD,VT003,EUNICE SIOW SEUI JIN,D9004104104104000249,HUP SENG SHOPPING CENTRE,GENERAL TRADE,3100/H13,5/3/2024,INV0000004642,SO0000004689,,Inv,,69566706,LIPTON PBAG EK P80 24X(80X2G),Lipton,S,Confirmed,12,PC,218.4,109.2,0,0,0,0,109.2,
10003720,VILLY TRADING (M) SDN BHD,VT003,EUNICE SIOW SEUI JIN,D9004104104104000249,HUP SENG SHOPPING CENTRE,GENERAL TRADE,3100/H13,5/3/2024,INV0000004642,SO0000004689,,Inv,,69566727,LIPTON PBAG KAW EK P80 24X(80X2.3G),Lipton,S,Confirmed,12,PC,218.4,109.2,0,0,0,0,109.2,
10003720,VILLY TRADING (M) SDN BHD,VT003,EUNICE SIOW SEUI JIN,D9004104104104000249,HUP SENG SHOPPING CENTRE,GENERAL TRADE,3100/H13,5/3/2024,INV0000004642,SO0000004689,,Inv,,68928387,LIPTON PBAG EK P20 24X(20X2G),Lipton,F,Confirmed,1,PC,0,0,0,0,0,0,0,
10003720,VILLY TRADING (M) SDN BHD,VT003,EUNICE SIOW SEUI JIN,D9004104104194024985,KK SHOPPING CENTRE,GENERAL TRADE,3100/K66,5/3/2024,INV0000004643,SO0000004690,,Inv,,69566714,LIPTON PBAG EK P40 24X(40X2G),Lipton,F,Confirmed,1,PC,0,0,0,0,0,0,0,
10003720,VILLY TRADING (M) SDN BHD,VT003,EUNICE SIOW SEUI JIN,D9004104104194024985,KK SHOPPING CENTRE,GENERAL TRADE,3100/K66,5/3/2024,INV0000004643,SO0000004690,,Inv,,69566706,LIPTON PBAG EK P80 24X(80X2G),Lipton,S,Confirmed,6,PC,218.4,54.6,0,0,0,0,54.6,
10003720,VILLY TRADING (M) SDN BHD,VT003,EUNICE SIOW SEUI JIN,D9004104104194024985,KK SHOPPING CENTRE,GENERAL TRADE,3100/K66,5/3/2024,INV0000004643,SO0000004690,,Inv,,68928387,LIPTON PBAG EK P20 24X(20X2G),Lipton,F,Confirmed,1,PC,0,0,0,0,0,0,0,
10003720,VILLY TRADING (M) SDN BHD,VT003,EUNICE SIOW SEUI JIN,D9004104104194024985,KK SHOPPING CENTRE,GENERAL TRADE,3100/K66,5/3/2024,INV0000004643,SO0000004690,,Inv,,69566714,LIPTON PBAG EK P40 24X(40X2G),Lipton,S,Confirmed,23,PC,127.2,121.9,0,0,0,0,121.9,
10003720,VILLY TRADING (M) SDN BHD,VT003,EUNICE SIOW SEUI JIN,D9004104104194024985,KK SHOPPING CENTRE,GENERAL TRADE,3100/K66,5/3/2024,INV0000004643,SO0000004690,,Inv,,68928387,LIPTON PBAG EK P20 24X(20X2G),Lipton,S,Confirmed,23,PC,67.2,64.4,0,0,0,0,64.4,
10003720,VILLY TRADING (M) SDN BHD,VT003,EUNICE SIOW SEUI JIN,D9005705705704000310,PEMBORONG MAKANAN & MINUMAN CERIA,GENERAL TRADE,3100/P79,5/3/2024,INV0000004646,SO0000004693,,Inv,,21182542,LIPTON YELLOW LABEL SIP2 36X100X2G,Lipton,S,Confirmed,1,CS,536.4,536.4,0,0,0,0,536.4,
10003720,VILLY TRADING (M) SDN BHD,VT003,EUNICE SIOW SEUI JIN,D9004104104104000676,HONG HONG MINI MARKET SDN BHD,GENERAL TRADE,3100/H18,5/3/2024,INV0000004647,SO0000004694,,Inv,,69566714,LIPTON PBAG EK P40 24X(40X2G),Lipton,S,Confirmed,23,PC,127.2,121.9,0,0,0,0,121.9,
10003720,VILLY TRADING (M) SDN BHD,VT003,EUNICE SIOW SEUI JIN,D9004104104104000676,HONG HONG MINI MARKET SDN BHD,GENERAL TRADE,3100/H18,5/3/2024,INV0000004647,SO0000004694,,Inv,,69566714,LIPTON PBAG EK P40 24X(40X2G),Lipton,F,Confirmed,1,PC,0,0,0,0,0,0,0,
10003720,VILLY TRADING (M) SDN BHD,VT003,EUNICE SIOW SEUI JIN,D9004104104104000676,HONG HONG MINI MARKET SDN BHD,GENERAL TRADE,3100/H18,5/3/2024,INV0000004647,SO0000004694,,Inv,,68928387,LIPTON PBAG EK P20 24X(20X2G),Lipton,F,Confirmed,1,PC,0,0,0,0,0,0,0,
10003720,VILLY TRADING (M) SDN BHD,VT003,EUNICE SIOW SEUI JIN,D9004104104104000676,HONG HONG MINI MARKET SDN BHD,GENERAL TRADE,3100/H18,5/3/2024,INV0000004647,SO0000004694,,Inv,,68928387,LIPTON PBAG EK P20 24X(20X2G),Lipton,S,Confirmed,23,PC,67.2,64.4,0,0,0,0,64.4,
10003720,VILLY TRADING (M) SDN BHD,VT003,EUNICE SIOW SEUI JIN,D9004104104104000676,HONG HONG MINI MARKET SDN BHD,GENERAL TRADE,3100/H18,5/3/2024,INV0000004647,SO0000004694,,Inv,,21182542,LIPTON YELLOW LABEL SIP2 36X100X2G,Lipton,S,Confirmed,12,PC,536.4,178.8,0,0,0,0,178.8,
10003720,VILLY TRADING (M) SDN BHD,VT003,EUNICE SIOW SEUI JIN,D9004104104104000676,HONG HONG MINI MARKET SDN BHD,GENERAL TRADE,3100/H18,5/3/2024,INV0000004647,SO0000004694,,Inv,,69566721,LIPTON PBAG KAW EK P40 24X(40X2.3G),Lipton,F,Confirmed,2,PC,0,0,0,0,0,0,0,
10003720,VILLY TRADING (M) SDN BHD,VT003,EUNICE SIOW SEUI JIN,D9004104104104000676,HONG HONG MINI MARKET SDN BHD,GENERAL TRADE,3100/H18,5/3/2024,INV0000004647,SO0000004694,,Inv,,69566721,LIPTON PBAG KAW EK P40 24X(40X2.3G),Lipton,S,Confirmed,22,PC,127.2,116.6,0,0,0,0,116.6,
10003720,VILLY TRADING (M) SDN BHD,VT003,EUNICE SIOW SEUI JIN,D9004104104104000720,SEON REE LOONG MINI MARKET,GENERAL TRADE,3100/S16,5/3/2024,INV0000004648,SO0000004696,,Inv,,21182542,LIPTON YELLOW LABEL SIP2 36X100X2G,Lipton,S,Confirmed,6,PC,536.4,89.4,0,0,0,0,89.4,
10003720,VILLY TRADING (M) SDN BHD,VT003,EUNICE SIOW SEUI JIN,D9004104104104000720,SEON REE LOONG MINI MARKET,GENERAL TRADE,3100/S16,5/3/2024,INV0000004648,SO0000004696,,Inv,,21182545,LIPTON YELLOW LABEL SIP2 12X50X2G,Lipton,S,Confirmed,1,CS,103.68,103.68,0,0,0,0,103.68,
10003720,VILLY TRADING (M) SDN BHD,VT003,EUNICE SIOW SEUI JIN,D9004104104104000720,SEON REE LOONG MINI MARKET,GENERAL TRADE,3100/S16,5/3/2024,INV0000004648,SO0000004696,,Inv,,69566706,LIPTON PBAG EK P80 24X(80X2G),Lipton,S,Confirmed,23,PC,218.4,209.3,0,0,0,0,209.3,
10003720,VILLY TRADING (M) SDN BHD,VT003,EUNICE SIOW SEUI JIN,D9004104104104000720,SEON REE LOONG MINI MARKET,GENERAL TRADE,3100/S16,5/3/2024,INV0000004648,SO0000004696,,Inv,,69566706,LIPTON PBAG EK P80 24X(80X2G),Lipton,F,Confirmed,1,PC,0,0,0,0,0,0,0,
10003720,VILLY TRADING (M) SDN BHD,VT003,EUNICE SIOW SEUI JIN,D9004104104104000684,KEDAI RUNCIT FORHIN PERTANG,GENERAL TRADE,3100/K24,5/3/2024,INV0000004650,SO0000004698,,Inv,,68928387,LIPTON PBAG EK P20 24X(20X2G),Lipton,S,Confirmed,23,PC,67.2,64.4,0,0,0,0,64.4,
10003720,VILLY TRADING (M) SDN BHD,VT003,EUNICE SIOW SEUI JIN,D9004104104104000684,KEDAI RUNCIT FORHIN PERTANG,GENERAL TRADE,3100/K24,5/3/2024,INV0000004650,SO0000004698,,Inv,,68928387,LIPTON PBAG EK P20 24X(20X2G),Lipton,F,Confirmed,1,PC,0,0,0,0,0,0,0,
10003720,VILLY TRADING (M) SDN BHD,VT003,EUNICE SIOW SEUI JIN,D9004104104104000738,CHOP TECK KIN,GENERAL TRADE,3100/C49,5/3/2024,INV0000004651,SO0000004697,,Inv,,68928387,LIPTON PBAG EK P20 24X(20X2G),Lipton,S,Confirmed,10,PC,67.2,28,0,0,0,0,28,
10003720,VILLY TRADING (M) SDN BHD,VT003,EUNICE SIOW SEUI JIN,D9004104104104000738,CHOP TECK KIN,GENERAL TRADE,3100/C49,5/3/2024,INV0000004651,SO0000004697,,Inv,,21182545,LIPTON YELLOW LABEL SIP2 12X50X2G,Lipton,S,Confirmed,1,CS,103.68,103.68,0,0,0,0,103.68,
10003720,VILLY TRADING (M) SDN BHD,VT003,EUNICE SIOW SEUI JIN,D9005205205294026643,ECONMART MANTIN SDN BHD,MODERN TRADE,3100/E16,5/3/2024,INV0000004652,SO0000004699,,Inv,,69566708,LIPTON PACKET TEA EK 72X200G,Lipton,S,Confirmed,12,PC,408.24,68.04,0,0,0,0,68.04,
10003720,VILLY TRADING (M) SDN BHD,VT003,EUNICE SIOW SEUI JIN,D9005205205294026643,ECONMART MANTIN SDN BHD,MODERN TRADE,3100/E16,5/3/2024,INV0000004652,SO0000004699,,Inv,,69566723,LIPTON MT CLASSIC EK 24X12X20G,Lipton,S,Confirmed,24,PC,384,384,0,0,0,0,384,
10003720,VILLY TRADING (M) SDN BHD,VT009,LAI TECK SEAN,D9036336336312000359,KEDAI RUNCIT AHMAD KHANAPI BIN UMAR,GENERAL TRADE,3000/A24,6/3/2024,INV0000004660,SO0000004710,,Inv,,69566716,LIPTON PBAG KAW EK P20 24X(20X2.3G),Lipton,F,Confirmed,1,PC,0,0,0,0,0,0,0,
10003720,VILLY TRADING (M) SDN BHD,VT009,LAI TECK SEAN,D9036336336312000359,KEDAI RUNCIT AHMAD KHANAPI BIN UMAR,GENERAL TRADE,3000/A24,6/3/2024,INV0000004660,SO0000004710,,Inv,,21182545,LIPTON YELLOW LABEL SIP2 12X50X2G,Lipton,S,Confirmed,1,CS,103.68,103.68,0,0,0,0,103.68,
10003720,VILLY TRADING (M) SDN BHD,VT009,LAI TECK SEAN,D9036336336312000359,KEDAI RUNCIT AHMAD KHANAPI BIN UMAR,GENERAL TRADE,3000/A24,6/3/2024,INV0000004660,SO0000004710,,Inv,,69566716,LIPTON PBAG KAW EK P20 24X(20X2.3G),Lipton,S,Confirmed,23,PC,67.2,64.4,0,0,0,0,64.4,
10003720,VILLY TRADING (M) SDN BHD,VT009,LAI TECK SEAN,D9036336336312000359,KEDAI RUNCIT AHMAD KHANAPI BIN UMAR,GENERAL TRADE,3000/A24,6/3/2024,INV0000004660,SO0000004710,,Inv,,68928387,LIPTON PBAG EK P20 24X(20X2G),Lipton,F,Confirmed,2,PC,0,0,0,0,0,0,0,
10003720,VILLY TRADING (M) SDN BHD,VT009,LAI TECK SEAN,D9036336336312000359,KEDAI RUNCIT AHMAD KHANAPI BIN UMAR,GENERAL TRADE,3000/A24,6/3/2024,INV0000004660,SO0000004710,,Inv,,69566721,LIPTON PBAG KAW EK P40 24X(40X2.3G),Lipton,F,Confirmed,1,PC,0,0,0,0,0,0,0,
10003720,VILLY TRADING (M) SDN BHD,VT009,LAI TECK SEAN,D9036336336312000359,KEDAI RUNCIT AHMAD KHANAPI BIN UMAR,GENERAL TRADE,3000/A24,6/3/2024,INV0000004660,SO0000004710,,Inv,,68928387,LIPTON PBAG EK P20 24X(20X2G),Lipton,S,Confirmed,23,PC,67.2,64.4,0,0,0,0,64.4,
10003720,VILLY TRADING (M) SDN BHD,VT009,LAI TECK SEAN,D9036336336312000359,KEDAI RUNCIT AHMAD KHANAPI BIN UMAR,GENERAL TRADE,3000/A24,6/3/2024,INV0000004660,SO0000004710,,Inv,,69566721,LIPTON PBAG KAW EK P40 24X(40X2.3G),Lipton,S,Confirmed,23,PC,127.2,121.9,0,0,0,0,121.9,
10003720,VILLY TRADING (M) SDN BHD,VT009,LAI TECK SEAN,D9036336336394024340,PASAR MINI BISMI ZAM ZAM,GENERAL TRADE,3000/Z23,6/3/2024,INV0000004661,SO0000004708,,Inv,,69566714,LIPTON PBAG EK P40 24X(40X2G),Lipton,S,Confirmed,1,CS,127.2,127.2,0,0,0,0,127.2,
10003720,VILLY TRADING (M) SDN BHD,VT009,LAI TECK SEAN,D9036336336394024340,PASAR MINI BISMI ZAM ZAM,GENERAL TRADE,3000/Z23,6/3/2024,INV0000004661,SO0000004708,,Inv,,69566706,LIPTON PBAG EK P80 24X(80X2G),Lipton,S,Confirmed,12,PC,218.4,109.2,0,0,0,0,109.2,
10003720,VILLY TRADING (M) SDN BHD,VT009,LAI TECK SEAN,D9036336336394024340,PASAR MINI BISMI ZAM ZAM,GENERAL TRADE,3000/Z23,6/3/2024,INV0000004661,SO0000004708,,Inv,,68928387,LIPTON PBAG EK P20 24X(20X2G),Lipton,S,Confirmed,1,CS,67.2,67.2,0,0,0,0,67.2,
10003720,VILLY TRADING (M) SDN BHD,VT009,LAI TECK SEAN,D9036336336394024340,PASAR MINI BISMI ZAM ZAM,GENERAL TRADE,3000/Z23,6/3/2024,INV0000004661,SO0000004708,,Inv,,69566727,LIPTON PBAG KAW EK P80 24X(80X2.3G),Lipton,S,Confirmed,12,PC,218.4,109.2,0,0,0,0,109.2,
10003720,VILLY TRADING (M) SDN BHD,VT009,LAI TECK SEAN,D9036336336394024340,PASAR MINI BISMI ZAM ZAM,GENERAL TRADE,3000/Z23,6/3/2024,INV0000004661,SO0000004708,,Inv,,69566716,LIPTON PBAG KAW EK P20 24X(20X2.3G),Lipton,S,Confirmed,1,CS,67.2,67.2,0,0,0,0,67.2,
10003720,VILLY TRADING (M) SDN BHD,VT009,LAI TECK SEAN,D9038438438412000260,SOON LEE CASH & CARRY(WED&SAT),GENERAL TRADE,300S/205,6/3/2024,INV0000004662,SO0000004709,,Inv,,68928387,LIPTON PBAG EK P20 24X(20X2G),Lipton,S,Confirmed,12,PC,67.2,33.6,0,0,0,0,33.6,
10003720,VILLY TRADING (M) SDN BHD,VT009,LAI TECK SEAN,D9038438438412000260,SOON LEE CASH & CARRY(WED&SAT),GENERAL TRADE,300S/205,6/3/2024,INV0000004662,SO0000004709,,Inv,,69566714,LIPTON PBAG EK P40 24X(40X2G),Lipton,S,Confirmed,12,PC,127.2,63.6,0,0,0,0,63.6,
10003720,VILLY TRADING (M) SDN BHD,VT009,LAI TECK SEAN,D9038438438412000260,SOON LEE CASH & CARRY(WED&SAT),GENERAL TRADE,300S/205,6/3/2024,INV0000004662,SO0000004709,,Inv,,69566716,LIPTON PBAG KAW EK P20 24X(20X2.3G),Lipton,S,Confirmed,12,PC,67.2,33.6,0,0,0,0,33.6,
10003720,VILLY TRADING (M) SDN BHD,VT009,LAI TECK SEAN,D9037237237294024363,YSA SURIA JAYA ENTERPRISE,GENERAL TRADE,300Y/126,6/3/2024,INV0000004663,SO0000004707,,Inv,,69566714,LIPTON PBAG EK P40 24X(40X2G),Lipton,S,Confirmed,12,PC,127.2,63.6,0,0,0,0,63.6,
10003720,VILLY TRADING (M) SDN BHD,VT007,LIM KONG LING,D9038038038012000340,SHENG LONG ENTERPRISE,GENERAL TRADE,300S/176,6/3/2024,INV0000004664,SO0000004711,,Inv,,68928387,LIPTON PBAG EK P20 24X(20X2G),Lipton,F,Confirmed,1,PC,0,0,0,0,0,0,0,
10003720,VILLY TRADING (M) SDN BHD,VT007,LIM KONG LING,D9038038038012000340,SHENG LONG ENTERPRISE,GENERAL TRADE,300S/176,6/3/2024,INV0000004664,SO0000004711,,Inv,,68928387,LIPTON PBAG EK P20 24X(20X2G),Lipton,S,Confirmed,23,PC,67.2,64.4,0,0,0,0,64.4,
10003720,VILLY TRADING (M) SDN BHD,VT007,LIM KONG LING,D9037237237294029021,USG GLOBAL TRADING (87 PASAR MINI),GENERAL TRADE,300U/024,6/3/2024,INV0000004665,SO0000004715,,Inv,,69566706,LIPTON PBAG EK P80 24X(80X2G),Lipton,S,Confirmed,12,PC,218.4,109.2,0,0,0,0,109.2,
10003720,VILLY TRADING (M) SDN BHD,VT007,LIM KONG LING,D9037237237294029021,USG GLOBAL TRADING (87 PASAR MINI),GENERAL TRADE,300U/024,6/3/2024,INV0000004665,SO0000004715,,Inv,,69566714,LIPTON PBAG EK P40 24X(40X2G),Lipton,S,Confirmed,23,PC,127.2,121.9,0,0,0,0,121.9,
10003720,VILLY TRADING (M) SDN BHD,VT007,LIM KONG LING,D9037237237294029021,USG GLOBAL TRADING (87 PASAR MINI),GENERAL TRADE,300U/024,6/3/2024,INV0000004665,SO0000004715,,Inv,,69566714,LIPTON PBAG EK P40 24X(40X2G),Lipton,F,Confirmed,1,PC,0,0,0,0,0,0,0,
10003720,VILLY TRADING (M) SDN BHD,VT007,LIM KONG LING,D9037237237294029021,USG GLOBAL TRADING (87 PASAR MINI),GENERAL TRADE,300U/024,6/3/2024,INV0000004665,SO0000004715,,Inv,,68928387,LIPTON PBAG EK P20 24X(20X2G),Lipton,S,Confirmed,23,PC,67.2,64.4,0,0,0,0,64.4,
10003720,VILLY TRADING (M) SDN BHD,VT007,LIM KONG LING,D9037237237294029021,USG GLOBAL TRADING (87 PASAR MINI),GENERAL TRADE,300U/024,6/3/2024,INV0000004665,SO0000004715,,Inv,,21182545,LIPTON YELLOW LABEL SIP2 12X50X2G,Lipton,S,Confirmed,1,CS,103.68,103.68,0,0,0,0,103.68,
10003720,VILLY TRADING (M) SDN BHD,VT007,LIM KONG LING,D9037237237294029021,USG GLOBAL TRADING (87 PASAR MINI),GENERAL TRADE,300U/024,6/3/2024,INV0000004665,SO0000004715,,Inv,,68928387,LIPTON PBAG EK P20 24X(20X2G),Lipton,F,Confirmed,1,PC,0,0,0,0,0,0,0,
10003720,VILLY TRADING (M) SDN BHD,VT007,LIM KONG LING,D9038038038012000018,KIM HUAT SENG (MON CLOSE),GENERAL TRADE,300K/028,6/3/2024,INV0000004666,SO0000004712,,Inv,,68928387,LIPTON PBAG EK P20 24X(20X2G),Lipton,S,Confirmed,23,PC,67.2,64.4,0,0,0,0,64.4,
10003720,VILLY TRADING (M) SDN BHD,VT007,LIM KONG LING,D9038038038012000018,KIM HUAT SENG (MON CLOSE),GENERAL TRADE,300K/028,6/3/2024,INV0000004666,SO0000004712,,Inv,,68928387,LIPTON PBAG EK P20 24X(20X2G),Lipton,F,Confirmed,1,PC,0,0,0,0,0,0,0,
10003720,VILLY TRADING (M) SDN BHD,VT007,LIM KONG LING,D9037437437494018111,GKA ENTERPRISE,GENERAL TRADE,300G/062,6/3/2024,INV0000004667,SO0000004714,,Inv,,69566714,LIPTON PBAG EK P40 24X(40X2G),Lipton,S,Confirmed,6,PC,127.2,31.8,0,0,0,0,31.8,
10003720,VILLY TRADING (M) SDN BHD,VT007,LIM KONG LING,D9037437437494018111,GKA ENTERPRISE,GENERAL TRADE,300G/062,6/3/2024,INV0000004667,SO0000004714,,Inv,,68928387,LIPTON PBAG EK P20 24X(20X2G),Lipton,S,Confirmed,12,PC,67.2,33.6,0,0,0,0,33.6,
10003720,VILLY TRADING (M) SDN BHD,VT007,LIM KONG LING,D9037437437494018111,GKA ENTERPRISE,GENERAL TRADE,300G/062,6/3/2024,INV0000004667,SO0000004714,,Inv,,69566708,LIPTON PACKET TEA EK 72X200G,Lipton,S,Confirmed,3,PC,408.24,17.01,0,0,0,0,17.01,
10003720,VILLY TRADING (M) SDN BHD,VT007,LIM KONG LING,D9037437437494018111,GKA ENTERPRISE,GENERAL TRADE,300G/062,6/3/2024,INV0000004667,SO0000004714,,Inv,,69566716,LIPTON PBAG KAW EK P20 24X(20X2.3G),Lipton,S,Confirmed,12,PC,67.2,33.6,0,0,0,0,33.6,
10003720,VILLY TRADING (M) SDN BHD,VT007,LIM KONG LING,D9037437437494018111,GKA ENTERPRISE,GENERAL TRADE,300G/062,6/3/2024,INV0000004667,SO0000004714,,Inv,,69566721,LIPTON PBAG KAW EK P40 24X(40X2.3G),Lipton,S,Confirmed,6,PC,127.2,31.8,0,0,0,0,31.8,
10003720,VILLY TRADING (M) SDN BHD,VT007,LIM KONG LING,D9037437437413000132,SYARIKAT SIN HUP SENG,GENERAL TRADE,3000/S63,6/3/2024,INV0000004668,SO0000004713,,Inv,,69566727,LIPTON PBAG KAW EK P80 24X(80X2.3G),Lipton,S,Confirmed,1,CS,218.4,218.4,0,0,0,0,218.4,
10003720,VILLY TRADING (M) SDN BHD,VT007,LIM KONG LING,D9037437437413000132,SYARIKAT SIN HUP SENG,GENERAL TRADE,3000/S63,6/3/2024,INV0000004668,SO0000004713,,Inv,,69566706,LIPTON PBAG EK P80 24X(80X2G),Lipton,S,Confirmed,1,CS,218.4,218.4,0,0,0,0,218.4,
10003720,VILLY TRADING (M) SDN BHD,VT007,LIM KONG LING,D9037437437413000132,SYARIKAT SIN HUP SENG,GENERAL TRADE,3000/S63,6/3/2024,INV0000004668,SO0000004713,,Inv,,69566714,LIPTON PBAG EK P40 24X(40X2G),Lipton,S,Confirmed,12,PC,127.2,63.6,0,0,0,0,63.6,
10003720,VILLY TRADING (M) SDN BHD,VT007,LIM KONG LING,D9037437437413000132,SYARIKAT SIN HUP SENG,GENERAL TRADE,3000/S63,6/3/2024,INV0000004668,SO0000004713,,Inv,,69566721,LIPTON PBAG KAW EK P40 24X(40X2.3G),Lipton,S,Confirmed,12,PC,127.2,63.6,0,0,0,0,63.6,
10003720,VILLY TRADING (M) SDN BHD,VT007,LIM KONG LING,D9037437437413000132,SYARIKAT SIN HUP SENG,GENERAL TRADE,3000/S63,6/3/2024,INV0000004668,SO0000004713,,Inv,,21182545,LIPTON YELLOW LABEL SIP2 12X50X2G,Lipton,S,Confirmed,1,CS,103.68,103.68,0,0,0,0,103.68,
10003720,VILLY TRADING (M) SDN BHD,VT007,LIM KONG LING,D9037437437413000132,SYARIKAT SIN HUP SENG,GENERAL TRADE,3000/S63,6/3/2024,INV0000004668,SO0000004713,,Inv,,68928387,LIPTON PBAG EK P20 24X(20X2G),Lipton,S,Confirmed,12,PC,67.2,33.6,0,0,0,0,33.6,
10003720,VILLY TRADING (M) SDN BHD,VT007,LIM KONG LING,D9037937937994025691,MARKET STATION ENTERPRISE,GENERAL TRADE,300M/341,7/3/2024,INV0000004673,SO0000004720,,Inv,,69566714,LIPTON PBAG EK P40 24X(40X2G),Lipton,S,Confirmed,6,PC,127.2,31.8,0,0,0,0,31.8,
10003720,VILLY TRADING (M) SDN BHD,VT007,LIM KONG LING,D9037937937994025691,MARKET STATION ENTERPRISE,GENERAL TRADE,300M/341,7/3/2024,INV0000004673,SO0000004720,,Inv,,69566716,LIPTON PBAG KAW EK P20 24X(20X2.3G),Lipton,S,Confirmed,12,PC,67.2,33.6,0,0,0,0,33.6,
10003720,VILLY TRADING (M) SDN BHD,VT007,LIM KONG LING,D9037937937994025691,MARKET STATION ENTERPRISE,GENERAL TRADE,300M/341,7/3/2024,INV0000004673,SO0000004720,,Inv,,69566721,LIPTON PBAG KAW EK P40 24X(40X2.3G),Lipton,S,Confirmed,6,PC,127.2,31.8,0,0,0,0,31.8,
10003720,VILLY TRADING (M) SDN BHD,VT007,LIM KONG LING,D9037937937994025691,MARKET STATION ENTERPRISE,GENERAL TRADE,300M/341,7/3/2024,INV0000004673,SO0000004720,,Inv,,68928387,LIPTON PBAG EK P20 24X(20X2G),Lipton,S,Confirmed,12,PC,67.2,33.6,0,0,0,0,33.6,
10003720,VILLY TRADING (M) SDN BHD,VT007,LIM KONG LING,D9038038038012000281,MAZNAH GEMILANG ENTERPRISE,GENERAL TRADE,300M/101,8/3/2024,INV0000004689,SO0000004738,,Inv,,21182545,LIPTON YELLOW LABEL SIP2 12X50X2G,Lipton,S,Confirmed,6,PC,103.68,51.84,0,0,0,0,51.84,
10003720,VILLY TRADING (M) SDN BHD,VT007,LIM KONG LING,D9038038038012000281,MAZNAH GEMILANG ENTERPRISE,GENERAL TRADE,300M/101,8/3/2024,INV0000004689,SO0000004738,,Inv,,69566714,LIPTON PBAG EK P40 24X(40X2G),Lipton,F,Confirmed,5,PC,0,0,0,0,0,0,0,
10003720,VILLY TRADING (M) SDN BHD,VT007,LIM KONG LING,D9038038038012000281,MAZNAH GEMILANG ENTERPRISE,GENERAL TRADE,300M/101,8/3/2024,INV0000004689,SO0000004738,,Inv,,68928387,LIPTON PBAG EK P20 24X(20X2G),Lipton,S,Confirmed,46,PC,67.2,128.8,0,0,0,0,128.8,
10003720,VILLY TRADING (M) SDN BHD,VT007,LIM KONG LING,D9038038038012000281,MAZNAH GEMILANG ENTERPRISE,GENERAL TRADE,300M/101,8/3/2024,INV0000004689,SO0000004738,,Inv,,69566714,LIPTON PBAG EK P40 24X(40X2G),Lipton,S,Confirmed,69,PC,127.2,365.7,0,0,0,0,365.7,
10003720,VILLY TRADING (M) SDN BHD,VT007,LIM KONG LING,D9038038038012000281,MAZNAH GEMILANG ENTERPRISE,GENERAL TRADE,300M/101,8/3/2024,INV0000004689,SO0000004738,,Inv,,69566706,LIPTON PBAG EK P80 24X(80X2G),Lipton,S,Confirmed,2,CS,218.4,436.8,0,0,0,0,436.8,
10003720,VILLY TRADING (M) SDN BHD,VT007,LIM KONG LING,D9038038038012000281,MAZNAH GEMILANG ENTERPRISE,GENERAL TRADE,300M/101,8/3/2024,INV0000004689,SO0000004738,,Inv,,68928387,LIPTON PBAG EK P20 24X(20X2G),Lipton,F,Confirmed,3,PC,0,0,0,0,0,0,0,
10003720,VILLY TRADING (M) SDN BHD,VT007,LIM KONG LING,D9038038038012000277,PASAR MINI BANDAR BARU MERLIMAU,GENERAL TRADE,3000/B70,8/3/2024,INV0000004691,SO0000004737,,Inv,,69566714,LIPTON PBAG EK P40 24X(40X2G),Lipton,S,Confirmed,1,CS,127.2,127.2,0,0,0,0,127.2,
10003720,VILLY TRADING (M) SDN BHD,VT007,LIM KONG LING,D9038038038012000279,KWAN LEE TRADING SDN. BHD.,GENERAL TRADE,3000/K89,8/3/2024,INV0000004695,SO0000004736,,Inv,,21182545,LIPTON YELLOW LABEL SIP2 12X50X2G,Lipton,S,Confirmed,2,CS,103.68,207.36,0,0,0,0,207.36,
10003720,VILLY TRADING (M) SDN BHD,VT003,EUNICE SIOW SEUI JIN,D9006106106104000131,PERNIAGAAN HE SOON,GENERAL TRADE,3100/P12,8/3/2024,INV0000004700,SO0000004747,,Inv,,69566731,LIPTON PACKET TEA EK 36X400G,Lipton,S,Confirmed,3,PC,383.04,31.92,0,0,0,0,31.92,
10003720,VILLY TRADING (M) SDN BHD,VT003,EUNICE SIOW SEUI JIN,D9006106106104000131,PERNIAGAAN HE SOON,GENERAL TRADE,3100/P12,8/3/2024,INV0000004700,SO0000004747,,Inv,,69566716,LIPTON PBAG KAW EK P20 24X(20X2.3G),Lipton,S,Confirmed,1,CS,67.2,67.2,0,0,0,0,67.2,
10003720,VILLY TRADING (M) SDN BHD,VT003,EUNICE SIOW SEUI JIN,D9006106106104000131,PERNIAGAAN HE SOON,GENERAL TRADE,3100/P12,8/3/2024,INV0000004700,SO0000004747,,Inv,,68928387,LIPTON PBAG EK P20 24X(20X2G),Lipton,S,Confirmed,21,PC,67.2,58.8,0,0,0,0,58.8,
10003720,VILLY TRADING (M) SDN BHD,VT003,EUNICE SIOW SEUI JIN,D9006106106104000131,PERNIAGAAN HE SOON,GENERAL TRADE,3100/P12,8/3/2024,INV0000004700,SO0000004747,,Inv,,21182545,LIPTON YELLOW LABEL SIP2 12X50X2G,Lipton,S,Confirmed,3,PC,103.68,25.92,0,0,0,0,25.92,
10003720,VILLY TRADING (M) SDN BHD,VT003,EUNICE SIOW SEUI JIN,D9006106106104000131,PERNIAGAAN HE SOON,GENERAL TRADE,3100/P12,8/3/2024,INV0000004700,SO0000004747,,Inv,,69566721,LIPTON PBAG KAW EK P40 24X(40X2.3G),Lipton,S,Confirmed,12,PC,127.2,63.6,0,0,0,0,63.6,
10003720,VILLY TRADING (M) SDN BHD,VT003,EUNICE SIOW SEUI JIN,D9006106106104000131,PERNIAGAAN HE SOON,GENERAL TRADE,3100/P12,8/3/2024,INV0000004700,SO0000004747,,Inv,,68928387,LIPTON PBAG EK P20 24X(20X2G),Lipton,F,Confirmed,3,PC,0,0,0,0,0,0,0,
10003720,VILLY TRADING (M) SDN BHD,VT003,EUNICE SIOW SEUI JIN,D9006106106104000131,PERNIAGAAN HE SOON,GENERAL TRADE,3100/P12,8/3/2024,INV0000004700,SO0000004747,,Inv,,69566714,LIPTON PBAG EK P40 24X(40X2G),Lipton,S,Confirmed,12,PC,127.2,63.6,0,0,0,0,63.6,
10003720,VILLY TRADING (M) SDN BHD,VT003,EUNICE SIOW SEUI JIN,D9006106106104000185,HOCK HIN LABU  ENTERPRISE,GENERAL TRADE,3100/C11,8/3/2024,INV0000004701,SO0000004748,,Inv,,69566716,LIPTON PBAG KAW EK P20 24X(20X2.3G),Lipton,F,Confirmed,1,PC,0,0,0,0,0,0,0,
10003720,VILLY TRADING (M) SDN BHD,VT003,EUNICE SIOW SEUI JIN,D9006106106104000185,HOCK HIN LABU  ENTERPRISE,GENERAL TRADE,3100/C11,8/3/2024,INV0000004701,SO0000004748,,Inv,,69566716,LIPTON PBAG KAW EK P20 24X(20X2.3G),Lipton,S,Confirmed,23,PC,67.2,64.4,0,0,0,0,64.4,
10003720,VILLY TRADING (M) SDN BHD,VT003,EUNICE SIOW SEUI JIN,D9006106106104000518,FAMILY STORE,MODERN TRADE,3100/F05,8/3/2024,INV0000004706,SO0000004753,,Inv,,69566727,LIPTON PBAG KAW EK P80 24X(80X2.3G),Lipton,F,Confirmed,28,PC,0,0,0,0,0,0,0,
10003720,VILLY TRADING (M) SDN BHD,VT003,EUNICE SIOW SEUI JIN,D9006106106104000518,FAMILY STORE,MODERN TRADE,3100/F05,8/3/2024,INV0000004706,SO0000004753,,Inv,,69566706,LIPTON PBAG EK P80 24X(80X2G),Lipton,S,Confirmed,11,PC,218.4,100.1,0,0,0,0,100.1,
10003720,VILLY TRADING (M) SDN BHD,VT003,EUNICE SIOW SEUI JIN,D9006106106104000518,FAMILY STORE,MODERN TRADE,3100/F05,8/3/2024,INV0000004706,SO0000004753,,Inv,,69566706,LIPTON PBAG EK P80 24X(80X2G),Lipton,S,Confirmed,14,CS,218.4,3057.6,0,0,0,0,3057.6,
10003720,VILLY TRADING (M) SDN BHD,VT009,LAI TECK SEAN,D9037237237237000528,OPPA MART S/B (TANJUNG MINYAK),GENERAL TRADE,300O/024,9/3/2024,INV0000004707,SO0000004758,,Inv,,69566714,LIPTON PBAG EK P40 24X(40X2G),Lipton,S,Confirmed,12,PC,127.2,63.6,0,0,0,0,63.6,
10003720,VILLY TRADING (M) SDN BHD,VT009,LAI TECK SEAN,D9037237237237000528,OPPA MART S/B (TANJUNG MINYAK),GENERAL TRADE,300O/024,9/3/2024,INV0000004707,SO0000004758,,Inv,,21182545,LIPTON YELLOW LABEL SIP2 12X50X2G,Lipton,S,Confirmed,6,PC,103.68,51.84,0,0,0,0,51.84,
10003720,VILLY TRADING (M) SDN BHD,VT009,LAI TECK SEAN,D9037237237237000528,OPPA MART S/B (TANJUNG MINYAK),GENERAL TRADE,300O/024,9/3/2024,INV0000004707,SO0000004758,,Inv,,68928387,LIPTON PBAG EK P20 24X(20X2G),Lipton,S,Confirmed,23,PC,67.2,64.4,0,0,0,0,64.4,
10003720,VILLY TRADING (M) SDN BHD,VT009,LAI TECK SEAN,D9037237237237000528,OPPA MART S/B (TANJUNG MINYAK),GENERAL TRADE,300O/024,9/3/2024,INV0000004707,SO0000004758,,Inv,,68928387,LIPTON PBAG EK P20 24X(20X2G),Lipton,F,Confirmed,1,PC,0,0,0,0,0,0,0,
10003720,VILLY TRADING (M) SDN BHD,VT009,LAI TECK SEAN,D9036336336312000232,PASAR MINI SINAR GEMILANG,GENERAL TRADE,300S/185,9/3/2024,INV0000004708,SO0000004762,,Inv,,69566716,LIPTON PBAG KAW EK P20 24X(20X2.3G),Lipton,F,Confirmed,2,PC,0,0,0,0,0,0,0,
10003720,VILLY TRADING (M) SDN BHD,VT009,LAI TECK SEAN,D9036336336312000232,PASAR MINI SINAR GEMILANG,GENERAL TRADE,300S/185,9/3/2024,INV0000004708,SO0000004762,,Inv,,21182545,LIPTON YELLOW LABEL SIP2 12X50X2G,Lipton,S,Confirmed,1,CS,103.68,103.68,0,0,0,0,103.68,
10003720,VILLY TRADING (M) SDN BHD,VT009,LAI TECK SEAN,D9036336336312000232,PASAR MINI SINAR GEMILANG,GENERAL TRADE,300S/185,9/3/2024,INV0000004708,SO0000004762,,Inv,,68928387,LIPTON PBAG EK P20 24X(20X2G),Lipton,F,Confirmed,7,PC,0,0,0,0,0,0,0,
10003720,VILLY TRADING (M) SDN BHD,VT009,LAI TECK SEAN,D9036336336312000232,PASAR MINI SINAR GEMILANG,GENERAL TRADE,300S/185,9/3/2024,INV0000004708,SO0000004762,,Inv,,69566714,LIPTON PBAG EK P40 24X(40X2G),Lipton,S,Confirmed,23,PC,127.2,121.9,0,0,0,0,121.9,
10003720,VILLY TRADING (M) SDN BHD,VT009,LAI TECK SEAN,D9036336336312000232,PASAR MINI SINAR GEMILANG,GENERAL TRADE,300S/185,9/3/2024,INV0000004708,SO0000004762,,Inv,,69566716,LIPTON PBAG KAW EK P20 24X(20X2.3G),Lipton,S,Confirmed,46,PC,67.2,128.8,0,0,0,0,128.8,
10003720,VILLY TRADING (M) SDN BHD,VT009,LAI TECK SEAN,D9036336336312000232,PASAR MINI SINAR GEMILANG,GENERAL TRADE,300S/185,9/3/2024,INV0000004708,SO0000004762,,Inv,,69566721,LIPTON PBAG KAW EK P40 24X(40X2.3G),Lipton,S,Confirmed,46,PC,127.2,243.8,0,0,0,0,243.8,
10003720,VILLY TRADING (M) SDN BHD,VT009,LAI TECK SEAN,D9036336336312000232,PASAR MINI SINAR GEMILANG,GENERAL TRADE,300S/185,9/3/2024,INV0000004708,SO0000004762,,Inv,,68928387,LIPTON PBAG EK P20 24X(20X2G),Lipton,S,Confirmed,69,PC,67.2,193.2,0,0,0,0,193.2,
10003720,VILLY TRADING (M) SDN BHD,VT009,LAI TECK SEAN,D9036336336312000232,PASAR MINI SINAR GEMILANG,GENERAL TRADE,300S/185,9/3/2024,INV0000004708,SO0000004762,,Inv,,69566714,LIPTON PBAG EK P40 24X(40X2G),Lipton,F,Confirmed,2,PC,0,0,0,0,0,0,0,
10003720,VILLY TRADING (M) SDN BHD,VT009,LAI TECK SEAN,D9036336336312000232,PASAR MINI SINAR GEMILANG,GENERAL TRADE,300S/185,9/3/2024,INV0000004708,SO0000004762,,Inv,,69566721,LIPTON PBAG KAW EK P40 24X(40X2.3G),Lipton,F,Confirmed,3,PC,0,0,0,0,0,0,0,
10003720,VILLY TRADING (M) SDN BHD,VT007,LIM KONG LING,D9037137137112000160,PERNIAGAAN BB SEKELUARGA,GENERAL TRADE,3000/B45,9/3/2024,INV0000004709,SO0000004763,,Inv,,68928387,LIPTON PBAG EK P20 24X(20X2G),Lipton,F,Confirmed,2,PC,0,0,0,0,0,0,0,
10003720,VILLY TRADING (M) SDN BHD,VT007,LIM KONG LING,D9037137137112000160,PERNIAGAAN BB SEKELUARGA,GENERAL TRADE,3000/B45,9/3/2024,INV0000004709,SO0000004763,,Inv,,69566716,LIPTON PBAG KAW EK P20 24X(20X2.3G),Lipton,S,Confirmed,23,PC,67.2,64.4,0,0,0,0,64.4,
10003720,VILLY TRADING (M) SDN BHD,VT007,LIM KONG LING,D9037137137112000160,PERNIAGAAN BB SEKELUARGA,GENERAL TRADE,3000/B45,9/3/2024,INV0000004709,SO0000004763,,Inv,,68928387,LIPTON PBAG EK P20 24X(20X2G),Lipton,S,Confirmed,23,PC,67.2,64.4,0,0,0,0,64.4,
10003720,VILLY TRADING (M) SDN BHD,VT007,LIM KONG LING,D9037137137112000160,PERNIAGAAN BB SEKELUARGA,GENERAL TRADE,3000/B45,9/3/2024,INV0000004709,SO0000004763,,Inv,,69566716,LIPTON PBAG KAW EK P20 24X(20X2.3G),Lipton,F,Confirmed,1,PC,0,0,0,0,0,0,0,
10003720,VILLY TRADING (M) SDN BHD,VT007,LIM KONG LING,D9038038038012000487,BANDAR BARU MINI MARKET S/B,GENERAL TRADE,3000/B23,9/3/2024,INV0000004712,SO0000004764,,Inv,,21182545,LIPTON YELLOW LABEL SIP2 12X50X2G,Lipton,S,Confirmed,1,CS,103.68,103.68,0,0,0,0,103.68,
10003720,VILLY TRADING (M) SDN BHD,VT007,LIM KONG LING,D9038038038012000487,BANDAR BARU MINI MARKET S/B,GENERAL TRADE,3000/B23,9/3/2024,INV0000004712,SO0000004764,,Inv,,69566706,LIPTON PBAG EK P80 24X(80X2G),Lipton,S,Confirmed,1,CS,218.4,218.4,0,0,0,0,218.4,
10003720,VILLY TRADING (M) SDN BHD,VT007,LIM KONG LING,D9038038038012000487,BANDAR BARU MINI MARKET S/B,GENERAL TRADE,3000/B23,9/3/2024,INV0000004712,SO0000004764,,Inv,,69566714,LIPTON PBAG EK P40 24X(40X2G),Lipton,S,Confirmed,1,CS,127.2,127.2,0,0,0,0,127.2,
10003720,VILLY TRADING (M) SDN BHD,VT009,LAI TECK SEAN,D9036436436494025414,MINI MARKET MUZAR FASHAH,GENERAL TRADE,300M/370,9/3/2024,INV0000004713,SO0000004761,,Inv,,21182545,LIPTON YELLOW LABEL SIP2 12X50X2G,Lipton,S,Confirmed,6,PC,103.68,51.84,0,0,0,0,51.84,
10003720,VILLY TRADING (M) SDN BHD,VT009,LAI TECK SEAN,D9036936936912000151,FATKI,GENERAL TRADE,3000/F52,9/3/2024,INV0000004714,SO0000004760,,Inv,,69566714,LIPTON PBAG EK P40 24X(40X2G),Lipton,S,Confirmed,12,PC,127.2,63.6,0,0,0,0,63.6,
10003720,VILLY TRADING (M) SDN BHD,VT009,LAI TECK SEAN,D9036936936912000151,FATKI,GENERAL TRADE,3000/F52,9/3/2024,INV0000004714,SO0000004760,,Inv,,21182545,LIPTON YELLOW LABEL SIP2 12X50X2G,Lipton,S,Confirmed,6,PC,103.68,51.84,0,0,0,0,51.84,
10003720,VILLY TRADING (M) SDN BHD,VT009,LAI TECK SEAN,D9037237237294008097,PASARAYA TOP MAX (SAT CLOSE) - BEFORE 26HB,GENERAL TRADE,300P/176,9/3/2024,INV0000004716,SO0000004759,,Inv,,21182545,LIPTON YELLOW LABEL SIP2 12X50X2G,Lipton,S,Confirmed,6,PC,103.68,51.84,0,0,0,0,51.84,
10003720,VILLY TRADING (M) SDN BHD,VT009,LAI TECK SEAN,D9037237237294008097,PASARAYA TOP MAX (SAT CLOSE) - BEFORE 26HB,GENERAL TRADE,300P/176,9/3/2024,INV0000004716,SO0000004759,,Inv,,69566708,LIPTON PACKET TEA EK 72X200G,Lipton,S,Confirmed,6,PC,408.24,34.02,0,0,0,0,34.02,
10003720,VILLY TRADING (M) SDN BHD,VT009,LAI TECK SEAN,D9037237237294008097,PASARAYA TOP MAX (SAT CLOSE) - BEFORE 26HB,GENERAL TRADE,300P/176,9/3/2024,INV0000004716,SO0000004759,,Inv,,69566714,LIPTON PBAG EK P40 24X(40X2G),Lipton,S,Confirmed,12,PC,127.2,63.6,0,0,0,0,63.6,
10003720,VILLY TRADING (M) SDN BHD,VT009,LAI TECK SEAN,D9037237237294008097,PASARAYA TOP MAX (SAT CLOSE) - BEFORE 26HB,GENERAL TRADE,300P/176,9/3/2024,INV0000004716,SO0000004759,,Inv,,68928387,LIPTON PBAG EK P20 24X(20X2G),Lipton,S,Confirmed,12,PC,67.2,33.6,0,0,0,0,33.6,
10003720,VILLY TRADING (M) SDN BHD,VT007,LIM KONG LING,D9037937937994032044,VENUS GC FRESH MART SDN BHD(LUBOK CHINA),GENERAL TRADE,300V/032,11/3/2024,INV0000004732,SO0000004779,,Inv,,69566731,LIPTON PACKET TEA EK 36X400G,Lipton,S,Confirmed,24,PC,383.04,255.36,0,0,0,0,255.36,
10003720,VILLY TRADING (M) SDN BHD,VT007,LIM KONG LING,D9037937937994032044,VENUS GC FRESH MART SDN BHD(LUBOK CHINA),GENERAL TRADE,300V/032,11/3/2024,INV0000004732,SO0000004779,,Inv,,21182545,LIPTON YELLOW LABEL SIP2 12X50X2G,Lipton,S,Confirmed,2,CS,103.68,207.36,0,0,0,0,207.36,
10003720,VILLY TRADING (M) SDN BHD,VT007,LIM KONG LING,D9037937937994032044,VENUS GC FRESH MART SDN BHD(LUBOK CHINA),GENERAL TRADE,300V/032,11/3/2024,INV0000004732,SO0000004779,,Inv,,69566721,LIPTON PBAG KAW EK P40 24X(40X2.3G),Lipton,S,Confirmed,3,CS,127.2,381.6,0,0,0,0,381.6,
10003720,VILLY TRADING (M) SDN BHD,VT007,LIM KONG LING,D9037937937994032044,VENUS GC FRESH MART SDN BHD(LUBOK CHINA),GENERAL TRADE,300V/032,11/3/2024,INV0000004732,SO0000004779,,Inv,,21182542,LIPTON YELLOW LABEL SIP2 36X100X2G,Lipton,S,Confirmed,6,PC,536.4,89.4,0,0,0,0,89.4,
10003720,VILLY TRADING (M) SDN BHD,VT007,LIM KONG LING,D9037937937994032044,VENUS GC FRESH MART SDN BHD(LUBOK CHINA),GENERAL TRADE,300V/032,11/3/2024,INV0000004732,SO0000004779,,Inv,,69566727,LIPTON PBAG KAW EK P80 24X(80X2.3G),Lipton,S,Confirmed,2,CS,218.4,436.8,0,0,0,0,436.8,
10003720,VILLY TRADING (M) SDN BHD,VT007,LIM KONG LING,D9037937937994032044,VENUS GC FRESH MART SDN BHD(LUBOK CHINA),GENERAL TRADE,300V/032,11/3/2024,INV0000004732,SO0000004779,,Inv,,69566714,LIPTON PBAG EK P40 24X(40X2G),Lipton,S,Confirmed,3,CS,127.2,381.6,0,0,0,0,381.6,
10003720,VILLY TRADING (M) SDN BHD,VT007,LIM KONG LING,D9037937937994032044,VENUS GC FRESH MART SDN BHD(LUBOK CHINA),GENERAL TRADE,300V/032,11/3/2024,INV0000004732,SO0000004779,,Inv,,69566708,LIPTON PACKET TEA EK 72X200G,Lipton,S,Confirmed,24,PC,408.24,136.08,0,0,0,0,136.08,
10003720,VILLY TRADING (M) SDN BHD,VT007,LIM KONG LING,D9037937937994032044,VENUS GC FRESH MART SDN BHD(LUBOK CHINA),GENERAL TRADE,300V/032,11/3/2024,INV0000004732,SO0000004779,,Inv,,69566706,LIPTON PBAG EK P80 24X(80X2G),Lipton,S,Confirmed,2,CS,218.4,436.8,0,0,0,0,436.8,
10003720,VILLY TRADING (M) SDN BHD,VT007,LIM KONG LING,D9037937937994032044,VENUS GC FRESH MART SDN BHD(LUBOK CHINA),GENERAL TRADE,300V/032,11/3/2024,INV0000004732,SO0000004779,,Inv,,68928385,LIPTON PACKET TEA EK 12X12X50G,Lipton,S,Confirmed,24,PC,259.2,43.2,0,0,0,0,43.2,
10003720,VILLY TRADING (M) SDN BHD,VT007,LIM KONG LING,D9037937937994032044,VENUS GC FRESH MART SDN BHD(LUBOK CHINA),GENERAL TRADE,300V/032,11/3/2024,INV0000004732,SO0000004779,,Inv,,68928387,LIPTON PBAG EK P20 24X(20X2G),Lipton,S,Confirmed,3,CS,67.2,201.6,0,0,0,0,201.6,
10003720,VILLY TRADING (M) SDN BHD,VT007,LIM KONG LING,D9037937937994032044,VENUS GC FRESH MART SDN BHD(LUBOK CHINA),GENERAL TRADE,300V/032,11/3/2024,INV0000004732,SO0000004779,,Inv,,69566716,LIPTON PBAG KAW EK P20 24X(20X2.3G),Lipton,S,Confirmed,3,CS,67.2,201.6,0,0,0,0,201.6,
10003720,VILLY TRADING (M) SDN BHD,VT007,LIM KONG LING,D9036636636612000052,SYARIKAT M.B.ABDUL NASER (FRI CLOSE),GENERAL TRADE,3000/M53,11/3/2024,INV0000004733,SO0000004781,,Inv,,69566731,LIPTON PACKET TEA EK 36X400G,Lipton,S,Confirmed,12,PC,383.04,127.68,0,0,0,0,127.68,
10003720,VILLY TRADING (M) SDN BHD,VT007,LIM KONG LING,D9036636636612000052,SYARIKAT M.B.ABDUL NASER (FRI CLOSE),GENERAL TRADE,3000/M53,11/3/2024,INV0000004733,SO0000004781,,Inv,,69566721,LIPTON PBAG KAW EK P40 24X(40X2.3G),Lipton,S,Confirmed,1,CS,127.2,127.2,0,0,0,0,127.2,
10003720,VILLY TRADING (M) SDN BHD,VT007,LIM KONG LING,D9036636636612000052,SYARIKAT M.B.ABDUL NASER (FRI CLOSE),GENERAL TRADE,3000/M53,11/3/2024,INV0000004733,SO0000004781,,Inv,,69566716,LIPTON PBAG KAW EK P20 24X(20X2.3G),Lipton,S,Confirmed,1,CS,67.2,67.2,0,0,0,0,67.2,
10003720,VILLY TRADING (M) SDN BHD,VT007,LIM KONG LING,D9036636636612000052,SYARIKAT M.B.ABDUL NASER (FRI CLOSE),GENERAL TRADE,3000/M53,11/3/2024,INV0000004733,SO0000004781,,Inv,,69566714,LIPTON PBAG EK P40 24X(40X2G),Lipton,S,Confirmed,1,CS,127.2,127.2,0,0,0,0,127.2,
10003720,VILLY TRADING (M) SDN BHD,VT007,LIM KONG LING,D9036636636612000052,SYARIKAT M.B.ABDUL NASER (FRI CLOSE),GENERAL TRADE,3000/M53,11/3/2024,INV0000004733,SO0000004781,,Inv,,68928387,LIPTON PBAG EK P20 24X(20X2G),Lipton,S,Confirmed,1,CS,67.2,67.2,0,0,0,0,67.2,
10003720,VILLY TRADING (M) SDN BHD,VT007,LIM KONG LING,D9036636636612000052,SYARIKAT M.B.ABDUL NASER (FRI CLOSE),GENERAL TRADE,3000/M53,11/3/2024,INV0000004733,SO0000004781,,Inv,,69566706,LIPTON PBAG EK P80 24X(80X2G),Lipton,S,Confirmed,1,CS,218.4,218.4,0,0,0,0,218.4,
10003720,VILLY TRADING (M) SDN BHD,VT007,LIM KONG LING,D9036636636612000052,SYARIKAT M.B.ABDUL NASER (FRI CLOSE),GENERAL TRADE,3000/M53,11/3/2024,INV0000004733,SO0000004781,,Inv,,69566727,LIPTON PBAG KAW EK P80 24X(80X2.3G),Lipton,S,Confirmed,1,CS,218.4,218.4,0,0,0,0,218.4,
10003720,VILLY TRADING (M) SDN BHD,VT007,LIM KONG LING,D9036636636612000052,SYARIKAT M.B.ABDUL NASER (FRI CLOSE),GENERAL TRADE,3000/M53,11/3/2024,INV0000004733,SO0000004781,,Inv,,68928385,LIPTON PACKET TEA EK 12X12X50G,Lipton,S,Confirmed,12,PC,259.2,21.6,0,0,0,0,21.6,
10003720,VILLY TRADING (M) SDN BHD,VT007,LIM KONG LING,D9037037037012000104,PASAR EKONOMI HUP HENG (SAT CLOSE),GENERAL TRADE,3000/H06,11/3/2024,INV0000004734,SO0000004782,,Inv,,69566714,LIPTON PBAG EK P40 24X(40X2G),Lipton,S,Confirmed,12,PC,127.2,63.6,0,0,0,0,63.6,
10003720,VILLY TRADING (M) SDN BHD,VT007,LIM KONG LING,D9037037037012000104,PASAR EKONOMI HUP HENG (SAT CLOSE),GENERAL TRADE,3000/H06,11/3/2024,INV0000004734,SO0000004782,,Inv,,21182545,LIPTON YELLOW LABEL SIP2 12X50X2G,Lipton,S,Confirmed,6,PC,103.68,51.84,0,0,0,0,51.84,
10003720,VILLY TRADING (M) SDN BHD,VT007,LIM KONG LING,D9037037037012000104,PASAR EKONOMI HUP HENG (SAT CLOSE),GENERAL TRADE,3000/H06,11/3/2024,INV0000004734,SO0000004782,,Inv,,69566706,LIPTON PBAG EK P80 24X(80X2G),Lipton,S,Confirmed,12,PC,218.4,109.2,0,0,0,0,109.2,
10003720,VILLY TRADING (M) SDN BHD,VT007,LIM KONG LING,D9037037037012000104,PASAR EKONOMI HUP HENG (SAT CLOSE),GENERAL TRADE,3000/H06,11/3/2024,INV0000004734,SO0000004782,,Inv,,21182542,LIPTON YELLOW LABEL SIP2 36X100X2G,Lipton,S,Confirmed,6,PC,536.4,89.4,0,0,0,0,89.4,
10003720,VILLY TRADING (M) SDN BHD,VT007,LIM KONG LING,D9037037037012000104,PASAR EKONOMI HUP HENG (SAT CLOSE),GENERAL TRADE,3000/H06,11/3/2024,INV0000004734,SO0000004782,,Inv,,69566718,LIPTON MT TEH HALIA EK 24X12X20G,Lipton,S,Confirmed,3,PC,384,48,0,0,0,0,48,
10003720,VILLY TRADING (M) SDN BHD,VT003,EUNICE SIOW SEUI JIN,D9006106106194025256,PASAR MINI AMPANGAN,GENERAL TRADE,3100/P34,11/3/2024,INV0000004747,SO0000004794,,Inv,,69566708,LIPTON PACKET TEA EK 72X200G,Lipton,S,Confirmed,3,PC,408.24,17.01,0,0,0,0,17.01,
10003720,VILLY TRADING (M) SDN BHD,VT003,EUNICE SIOW SEUI JIN,D9006106106194025256,PASAR MINI AMPANGAN,GENERAL TRADE,3100/P34,11/3/2024,INV0000004747,SO0000004794,,Inv,,68928385,LIPTON PACKET TEA EK 12X12X50G,Lipton,S,Confirmed,3,PC,259.2,5.4,0,0,0,0,5.4,
10003720,VILLY TRADING (M) SDN BHD,VT003,EUNICE SIOW SEUI JIN,D9006106106194025256,PASAR MINI AMPANGAN,GENERAL TRADE,3100/P34,11/3/2024,INV0000004747,SO0000004794,,Inv,,69566714,LIPTON PBAG EK P40 24X(40X2G),Lipton,S,Confirmed,10,PC,127.2,53,0,0,0,0,53,
10003720,VILLY TRADING (M) SDN BHD,VT003,EUNICE SIOW SEUI JIN,D9006106106194025256,PASAR MINI AMPANGAN,GENERAL TRADE,3100/P34,11/3/2024,INV0000004747,SO0000004794,,Inv,,21182545,LIPTON YELLOW LABEL SIP2 12X50X2G,Lipton,S,Confirmed,6,PC,103.68,51.84,0,0,0,0,51.84,
10003720,VILLY TRADING (M) SDN BHD,VT003,EUNICE SIOW SEUI JIN,D9006106106194025256,PASAR MINI AMPANGAN,GENERAL TRADE,3100/P34,11/3/2024,INV0000004747,SO0000004794,,Inv,,68928387,LIPTON PBAG EK P20 24X(20X2G),Lipton,S,Confirmed,10,PC,67.2,28,0,0,0,0,28,
10003720,VILLY TRADING (M) SDN BHD,VT003,EUNICE SIOW SEUI JIN,D9006106106104000532,PASARAYA TTJ FAMILY SDN BHD,MODERN TRADE,310P/013,11/3/2024,INV0000004748,SO0000004796,,Inv,,69566708,LIPTON PACKET TEA EK 72X200G,Lipton,S,Confirmed,1,CS,408.24,408.24,0,0,0,0,408.24,
10003720,VILLY TRADING (M) SDN BHD,VT003,EUNICE SIOW SEUI JIN,D9006106106104000532,PASARAYA TTJ FAMILY SDN BHD,MODERN TRADE,310P/013,11/3/2024,INV0000004748,SO0000004796,,Inv,,68928385,LIPTON PACKET TEA EK 12X12X50G,Lipton,S,Confirmed,36,PC,259.2,64.8,0,0,0,0,64.8,
10003720,VILLY TRADING (M) SDN BHD,VT003,EUNICE SIOW SEUI JIN,D9006106106104000405,CHING POH & RAKAN (AFTER 2PM SEND),GENERAL TRADE,3100/C07,11/3/2024,INV0000004749,SO0000004795,,Inv,,21182545,LIPTON YELLOW LABEL SIP2 12X50X2G,Lipton,S,Confirmed,6,PC,103.68,51.84,0,0,0,0,51.84,
10003720,VILLY TRADING (M) SDN BHD,VT003,EUNICE SIOW SEUI JIN,D9006106106104000405,CHING POH & RAKAN (AFTER 2PM SEND),GENERAL TRADE,3100/C07,11/3/2024,INV0000004749,SO0000004795,,Inv,,69566727,LIPTON PBAG KAW EK P80 24X(80X2.3G),Lipton,S,Confirmed,3,PC,218.4,27.3,0,0,0,0,27.3,
10003720,VILLY TRADING (M) SDN BHD,VT003,EUNICE SIOW SEUI JIN,D9006106106104000405,CHING POH & RAKAN (AFTER 2PM SEND),GENERAL TRADE,3100/C07,11/3/2024,INV0000004749,SO0000004795,,Inv,,69566721,LIPTON PBAG KAW EK P40 24X(40X2.3G),Lipton,S,Confirmed,6,PC,127.2,31.8,0,0,0,0,31.8,
10003720,VILLY TRADING (M) SDN BHD,VT003,EUNICE SIOW SEUI JIN,D9006106106104000405,CHING POH & RAKAN (AFTER 2PM SEND),GENERAL TRADE,3100/C07,11/3/2024,INV0000004749,SO0000004795,,Inv,,69566714,LIPTON PBAG EK P40 24X(40X2G),Lipton,S,Confirmed,6,PC,127.2,31.8,0,0,0,0,31.8,
10003720,VILLY TRADING (M) SDN BHD,VT003,EUNICE SIOW SEUI JIN,D9006106106104000405,CHING POH & RAKAN (AFTER 2PM SEND),GENERAL TRADE,3100/C07,11/3/2024,INV0000004749,SO0000004795,,Inv,,69566706,LIPTON PBAG EK P80 24X(80X2G),Lipton,S,Confirmed,3,PC,218.4,27.3,0,0,0,0,27.3,
10003720,VILLY TRADING (M) SDN BHD,VT007,LIM KONG LING,D9036336336312000256,XUN FA MINI MARKET,GENERAL TRADE,3000/C83,12/3/2024,INV0000004750,SO0000004802,,Inv,,21182545,LIPTON YELLOW LABEL SIP2 12X50X2G,Lipton,S,Confirmed,3,PC,103.68,25.92,0,0,0,0,25.92,
10003720,VILLY TRADING (M) SDN BHD,VT007,LIM KONG LING,D9036336336312000256,XUN FA MINI MARKET,GENERAL TRADE,3000/C83,12/3/2024,INV0000004750,SO0000004802,,Inv,,69566721,LIPTON PBAG KAW EK P40 24X(40X2.3G),Lipton,F,Confirmed,1,PC,0,0,0,0,0,0,0,
10003720,VILLY TRADING (M) SDN BHD,VT007,LIM KONG LING,D9036336336312000256,XUN FA MINI MARKET,GENERAL TRADE,3000/C83,12/3/2024,INV0000004750,SO0000004802,,Inv,,69566721,LIPTON PBAG KAW EK P40 24X(40X2.3G),Lipton,S,Confirmed,11,PC,127.2,58.3,0,0,0,0,58.3,
10003720,VILLY TRADING (M) SDN BHD,VT007,LIM KONG LING,D9036336336312000256,XUN FA MINI MARKET,GENERAL TRADE,3000/C83,12/3/2024,INV0000004750,SO0000004802,,Inv,,69566714,LIPTON PBAG EK P40 24X(40X2G),Lipton,S,Confirmed,12,PC,127.2,63.6,0,0,0,0,63.6,
10003720,VILLY TRADING (M) SDN BHD,VT007,LIM KONG LING,D9036336336312000059,YONG LEE MINI MARKET,GENERAL TRADE,3000/Y70,12/3/2024,INV0000004754,SO0000004801,,Inv,,68928387,LIPTON PBAG EK P20 24X(20X2G),Lipton,S,Confirmed,23,PC,67.2,64.4,0,0,0,0,64.4,
10003720,VILLY TRADING (M) SDN BHD,VT007,LIM KONG LING,D9036336336312000059,YONG LEE MINI MARKET,GENERAL TRADE,3000/Y70,12/3/2024,INV0000004754,SO0000004801,,Inv,,69566716,LIPTON PBAG KAW EK P20 24X(20X2.3G),Lipton,S,Confirmed,23,PC,67.2,64.4,0,0,0,0,64.4,
10003720,VILLY TRADING (M) SDN BHD,VT007,LIM KONG LING,D9036336336312000059,YONG LEE MINI MARKET,GENERAL TRADE,3000/Y70,12/3/2024,INV0000004754,SO0000004801,,Inv,,68928387,LIPTON PBAG EK P20 24X(20X2G),Lipton,F,Confirmed,2,PC,0,0,0,0,0,0,0,
10003720,VILLY TRADING (M) SDN BHD,VT007,LIM KONG LING,D9036336336312000059,YONG LEE MINI MARKET,GENERAL TRADE,3000/Y70,12/3/2024,INV0000004754,SO0000004801,,Inv,,69566716,LIPTON PBAG KAW EK P20 24X(20X2.3G),Lipton,F,Confirmed,1,PC,0,0,0,0,0,0,0,
10003720,VILLY TRADING (M) SDN BHD,VT007,LIM KONG LING,D9036336336394027261,ABD KADER MART,GENERAL TRADE,300A/348,12/3/2024,INV0000004755,SO0000004800,,Inv,,69566714,LIPTON PBAG EK P40 24X(40X2G),Lipton,S,Confirmed,50,PC,127.2,265,0,0,0,0,265,
10003720,VILLY TRADING (M) SDN BHD,VT003,EUNICE SIOW SEUI JIN,D9004604604604000673,H B JUASSEH SDN BHD (773),GENERAL TRADE,3100/H19,12/3/2024,INV0000004764,SO0000004812,,Inv,,69566716,LIPTON PBAG KAW EK P20 24X(20X2.3G),Lipton,S,Confirmed,48,CS,67.2,3225.6,0,0,0,0,3225.6,
10003720,VILLY TRADING (M) SDN BHD,VT003,EUNICE SIOW SEUI JIN,D9004604604604000673,H B JUASSEH SDN BHD (773),GENERAL TRADE,3100/H19,12/3/2024,INV0000004764,SO0000004812,,Inv,,69566714,LIPTON PBAG EK P40 24X(40X2G),Lipton,S,Confirmed,26,CS,127.2,3307.2,0,0,0,0,3307.2,
10003720,VILLY TRADING (M) SDN BHD,VT003,EUNICE SIOW SEUI JIN,D9004604604604000673,H B JUASSEH SDN BHD (773),GENERAL TRADE,3100/H19,12/3/2024,INV0000004764,SO0000004812,,Inv,,68928387,LIPTON PBAG EK P20 24X(20X2G),Lipton,S,Confirmed,108,CS,67.2,7257.6,0,0,0,0,7257.6,
10003720,VILLY TRADING (M) SDN BHD,VT003,EUNICE SIOW SEUI JIN,D9004604604604000673,H B JUASSEH SDN BHD (773),GENERAL TRADE,3100/H19,12/3/2024,INV0000004764,SO0000004812,,Inv,,69566716,LIPTON PBAG KAW EK P20 24X(20X2.3G),Lipton,F,Confirmed,96,PC,0,0,0,0,0,0,0,
10003720,VILLY TRADING (M) SDN BHD,VT003,EUNICE SIOW SEUI JIN,D9004604604604000673,H B JUASSEH SDN BHD (773),GENERAL TRADE,3100/H19,12/3/2024,INV0000004764,SO0000004812,,Inv,,68928387,LIPTON PBAG EK P20 24X(20X2G),Lipton,F,Confirmed,216,PC,0,0,0,0,0,0,0,
10003720,VILLY TRADING (M) SDN BHD,VT003,EUNICE SIOW SEUI JIN,D9004604604604000673,H B JUASSEH SDN BHD (773),GENERAL TRADE,3100/H19,12/3/2024,INV0000004764,SO0000004812,,Inv,,69566721,LIPTON PBAG KAW EK P40 24X(40X2.3G),Lipton,S,Confirmed,65,CS,127.2,8268,0,0,0,0,8268,
10003720,VILLY TRADING (M) SDN BHD,VT003,EUNICE SIOW SEUI JIN,D9004604604604000673,H B JUASSEH SDN BHD (773),GENERAL TRADE,3100/H19,12/3/2024,INV0000004764,SO0000004812,,Inv,,69566706,LIPTON PBAG EK P80 24X(80X2G),Lipton,S,Confirmed,38,CS,218.4,8299.2,0,0,0,0,8299.2,
10003720,VILLY TRADING (M) SDN BHD,VT003,EUNICE SIOW SEUI JIN,D9004604604604000673,H B JUASSEH SDN BHD (773),GENERAL TRADE,3100/H19,12/3/2024,INV0000004764,SO0000004812,,Inv,,69566727,LIPTON PBAG KAW EK P80 24X(80X2.3G),Lipton,S,Confirmed,13,CS,218.4,2839.2,0,0,0,0,2839.2,
10003720,VILLY TRADING (M) SDN BHD,VT003,EUNICE SIOW SEUI JIN,D9005705705704000295,M FAMILY MINI MART (AFT 3PM & TUE CLOSE),GENERAL TRADE,3100/M44,12/3/2024,INV0000004768,SO0000004816,,Inv,,68928385,LIPTON PACKET TEA EK 12X12X50G,Lipton,S,Confirmed,3,PC,259.2,5.4,0,0,0,0,5.4,
10003720,VILLY TRADING (M) SDN BHD,VT003,EUNICE SIOW SEUI JIN,D9005900400494000263,FS FAMILY STORE SDN BHD,MODERN TRADE,3100/F07,12/3/2024,INV0000004769,SO0000004797,,Inv,,69566721,LIPTON PBAG KAW EK P40 24X(40X2.3G),Lipton,S,Confirmed,10,CS,127.2,1272,0,0,0,0,1272,
10003720,VILLY TRADING (M) SDN BHD,VT003,EUNICE SIOW SEUI JIN,D9005900400494000263,FS FAMILY STORE SDN BHD,MODERN TRADE,3100/F07,12/3/2024,INV0000004769,SO0000004797,,Inv,,69566721,LIPTON PBAG KAW EK P40 24X(40X2.3G),Lipton,F,Confirmed,60,PC,0,0,0,0,0,0,0,
10003720,VILLY TRADING (M) SDN BHD,VT003,EUNICE SIOW SEUI JIN,D9005900400494000263,FS FAMILY STORE SDN BHD,MODERN TRADE,3100/F07,12/3/2024,INV0000004769,SO0000004797,,Inv,,69566727,LIPTON PBAG KAW EK P80 24X(80X2.3G),Lipton,S,Confirmed,15,CS,218.4,3276,0,0,0,0,3276,
10003720,VILLY TRADING (M) SDN BHD,VT003,EUNICE SIOW SEUI JIN,D9005900400494000263,FS FAMILY STORE SDN BHD,MODERN TRADE,3100/F07,12/3/2024,INV0000004769,SO0000004797,,Inv,,69566706,LIPTON PBAG EK P80 24X(80X2G),Lipton,S,Confirmed,17,CS,218.4,3712.8,0,0,0,0,3712.8,
10003720,VILLY TRADING (M) SDN BHD,VT003,EUNICE SIOW SEUI JIN,D9005900400494000263,FS FAMILY STORE SDN BHD,MODERN TRADE,3100/F07,12/3/2024,INV0000004769,SO0000004797,,Inv,,69566708,LIPTON PACKET TEA EK 72X200G,Lipton,S,Confirmed,24,PC,408.24,136.08,0,0,0,0,136.08,
10003720,VILLY TRADING (M) SDN BHD,VT003,EUNICE SIOW SEUI JIN,D9005900400494000263,FS FAMILY STORE SDN BHD,MODERN TRADE,3100/F07,12/3/2024,INV0000004769,SO0000004797,,Inv,,69566714,LIPTON PBAG EK P40 24X(40X2G),Lipton,S,Confirmed,20,CS,127.2,2544,0,0,0,0,2544,
10003720,VILLY TRADING (M) SDN BHD,VT003,EUNICE SIOW SEUI JIN,D9005900400494000263,FS FAMILY STORE SDN BHD,MODERN TRADE,3100/F07,12/3/2024,INV0000004769,SO0000004797,,Inv,,69566710,LIPTON MT MATCHA EK 24X12X20G,Lipton,S,Confirmed,1,CS,384,384,0,0,0,0,384,
10003720,VILLY TRADING (M) SDN BHD,VT002,TAN MEE LIN,D9036336336312000544,KT FOOD (M) SDN BHD,GENERAL TRADE,300K/196,1/3/2024,INV0000004548,SO0000004603,,Inv,,21182542,LIPTON YELLOW LABEL SIP2 36X100X2G,Lipton,S,Confirmed,1,CS,536.4,536.4,0,0,0,0,536.4,
10003720,VILLY TRADING (M) SDN BHD,VT002,TAN MEE LIN,D9006506506594030119,TAMAN CLONLEE MINI MARKET,GENERAL TRADE,300T/326,1/3/2024,INV0000004549,SO0000004607,,Inv,,21182545,LIPTON YELLOW LABEL SIP2 12X50X2G,Lipton,S,Confirmed,6,PC,103.68,51.84,0,0,0,0,51.84,
10003720,VILLY TRADING (M) SDN BHD,VT002,TAN MEE LIN,D9036636636694024387,NHY SINAR ENTERPRISE (TG.MINYAK PERDANA),GENERAL TRADE,300N/077,1/3/2024,INV0000004550,SO0000004605,,Inv,,21182545,LIPTON YELLOW LABEL SIP2 12X50X2G,Lipton,S,Confirmed,12,PC,103.68,103.68,0,0,0,0,103.68,
10003720,VILLY TRADING (M) SDN BHD,VT002,TAN MEE LIN,D9036636636694025303,JAYA CERIA MART,GENERAL TRADE,300J/101,1/3/2024,INV0000004551,SO0000004604,,Inv,,68928387,LIPTON PBAG EK P20 24X(20X2G),Lipton,S,Confirmed,1,CS,67.2,67.2,0,0,0,0,67.2,
10003720,VILLY TRADING (M) SDN BHD,VT002,TAN MEE LIN,D9036636636694025303,JAYA CERIA MART,GENERAL TRADE,300J/101,1/3/2024,INV0000004551,SO0000004604,,Inv,,69566716,LIPTON PBAG KAW EK P20 24X(20X2.3G),Lipton,S,Confirmed,1,CS,67.2,67.2,0,0,0,0,67.2,
10003720,VILLY TRADING (M) SDN BHD,VT002,TAN MEE LIN,D9036636636694025304,MUJEEB ULLAH ENTERPRISE (TANJUNG MINYAK PERDANA),GENERAL TRADE,300M/256,1/3/2024,INV0000004552,SO0000004609,,Inv,,69566714,LIPTON PBAG EK P40 24X(40X2G),Lipton,S,Confirmed,6,PC,127.2,31.8,0,0,0,0,31.8,
10003720,VILLY TRADING (M) SDN BHD,VT002,TAN MEE LIN,D9036636636694025304,MUJEEB ULLAH ENTERPRISE (TANJUNG MINYAK PERDANA),GENERAL TRADE,300M/256,1/3/2024,INV0000004552,SO0000004609,,Inv,,21182545,LIPTON YELLOW LABEL SIP2 12X50X2G,Lipton,S,Confirmed,3,PC,103.68,25.92,0,0,0,0,25.92,
10003720,VILLY TRADING (M) SDN BHD,VT002,TAN MEE LIN,D9036636636694025304,MUJEEB ULLAH ENTERPRISE (TANJUNG MINYAK PERDANA),GENERAL TRADE,300M/256,1/3/2024,INV0000004552,SO0000004609,,Inv,,69566706,LIPTON PBAG EK P80 24X(80X2G),Lipton,S,Confirmed,3,PC,218.4,27.3,0,0,0,0,27.3,
10003720,VILLY TRADING (M) SDN BHD,VT002,TAN MEE LIN,D9006506506513000190,TAMAN INDAH MINI MARKET,GENERAL TRADE,3000/T01,1/3/2024,INV0000004553,SO0000004602,,Inv,,68928387,LIPTON PBAG EK P20 24X(20X2G),Lipton,S,Confirmed,2,CS,67.2,134.4,0,0,0,0,134.4,
10003720,VILLY TRADING (M) SDN BHD,VT002,TAN MEE LIN,D9006506506513000190,TAMAN INDAH MINI MARKET,GENERAL TRADE,3000/T01,1/3/2024,INV0000004553,SO0000004602,,Inv,,21182542,LIPTON YELLOW LABEL SIP2 36X100X2G,Lipton,S,Confirmed,1,CS,536.4,536.4,0,0,0,0,536.4,
10003720,VILLY TRADING (M) SDN BHD,VT002,TAN MEE LIN,D9006506506513000190,TAMAN INDAH MINI MARKET,GENERAL TRADE,3000/T01,1/3/2024,INV0000004553,SO0000004602,,Inv,,21182545,LIPTON YELLOW LABEL SIP2 12X50X2G,Lipton,S,Confirmed,2,CS,103.68,207.36,0,0,0,0,207.36,
10003720,VILLY TRADING (M) SDN BHD,VT002,TAN MEE LIN,D9006506506513000190,TAMAN INDAH MINI MARKET,GENERAL TRADE,3000/T01,1/3/2024,INV0000004553,SO0000004602,,Inv,,69566708,LIPTON PACKET TEA EK 72X200G,Lipton,S,Confirmed,24,PC,408.24,136.08,0,0,0,0,136.08,
10003720,VILLY TRADING (M) SDN BHD,VT002,TAN MEE LIN,D9006506506513000190,TAMAN INDAH MINI MARKET,GENERAL TRADE,3000/T01,1/3/2024,INV0000004553,SO0000004602,,Inv,,69566731,LIPTON PACKET TEA EK 36X400G,Lipton,S,Confirmed,12,PC,383.04,127.68,0,0,0,0,127.68,
10003720,VILLY TRADING (M) SDN BHD,VT002,TAN MEE LIN,D9006506506513000190,TAMAN INDAH MINI MARKET,GENERAL TRADE,3000/T01,1/3/2024,INV0000004553,SO0000004602,,Inv,,69566714,LIPTON PBAG EK P40 24X(40X2G),Lipton,S,Confirmed,1,CS,127.2,127.2,0,0,0,0,127.2,
10003720,VILLY TRADING (M) SDN BHD,VT002,TAN MEE LIN,D9036336336394024545,BENMAJID ENTERPRISE,GENERAL TRADE,300B/068,1/3/2024,INV0000004554,SO0000004608,,Inv,,69566721,LIPTON PBAG KAW EK P40 24X(40X2.3G),Lipton,S,Confirmed,6,PC,127.2,31.8,0,0,0,0,31.8,
10003720,VILLY TRADING (M) SDN BHD,VT002,TAN MEE LIN,D9036336336394024545,BENMAJID ENTERPRISE,GENERAL TRADE,300B/068,1/3/2024,INV0000004554,SO0000004608,,Inv,,68928387,LIPTON PBAG EK P20 24X(20X2G),Lipton,S,Confirmed,12,PC,67.2,33.6,0,0,0,0,33.6,
10003720,VILLY TRADING (M) SDN BHD,VT002,TAN MEE LIN,D9036336336394024545,BENMAJID ENTERPRISE,GENERAL TRADE,300B/068,1/3/2024,INV0000004554,SO0000004608,,Inv,,69566716,LIPTON PBAG KAW EK P20 24X(20X2.3G),Lipton,S,Confirmed,12,PC,67.2,33.6,0,0,0,0,33.6,
10003720,VILLY TRADING (M) SDN BHD,VT002,TAN MEE LIN,D9036336336394024545,BENMAJID ENTERPRISE,GENERAL TRADE,300B/068,1/3/2024,INV0000004554,SO0000004608,,Inv,,69566727,LIPTON PBAG KAW EK P80 24X(80X2.3G),Lipton,S,Confirmed,3,PC,218.4,27.3,0,0,0,0,27.3,
10003720,VILLY TRADING (M) SDN BHD,VT002,TAN MEE LIN,D9036336336394024545,BENMAJID ENTERPRISE,GENERAL TRADE,300B/068,1/3/2024,INV0000004554,SO0000004608,,Inv,,69566714,LIPTON PBAG EK P40 24X(40X2G),Lipton,S,Confirmed,6,PC,127.2,31.8,0,0,0,0,31.8,
10003720,VILLY TRADING (M) SDN BHD,VT002,TAN MEE LIN,D9037137137112000215,PASARAYA HENG,GENERAL TRADE,3000/T34,1/3/2024,INV0000004555,SO0000004600,,Inv,,68928387,LIPTON PBAG EK P20 24X(20X2G),Lipton,S,Confirmed,3,CS,67.2,201.6,0,0,0,0,201.6,
10003720,VILLY TRADING (M) SDN BHD,VT002,TAN MEE LIN,D9037037037094026711,RESTORAN YUAN FANG,GENERAL TRADE,300Y/057,1/3/2024,INV0000004557,SO0000004601,,Inv,,21182542,LIPTON YELLOW LABEL SIP2 36X100X2G,Lipton,S,Confirmed,1,CS,536.4,536.4,0,0,0,0,536.4,
10003720,VILLY TRADING (M) SDN BHD,VT002,TAN MEE LIN,D9036536536512000135,PASAR MINI KIM FAY,GENERAL TRADE,3000/K03,2/3/2024,INV0000004593,SO0000004643,,Inv,,69566716,LIPTON PBAG KAW EK P20 24X(20X2.3G),Lipton,S,Confirmed,23,PC,67.2,64.4,0,0,0,0,64.4,
10003720,VILLY TRADING (M) SDN BHD,VT002,TAN MEE LIN,D9036536536512000135,PASAR MINI KIM FAY,GENERAL TRADE,3000/K03,2/3/2024,INV0000004593,SO0000004643,,Inv,,69566716,LIPTON PBAG KAW EK P20 24X(20X2.3G),Lipton,F,Confirmed,1,PC,0,0,0,0,0,0,0,
10003720,VILLY TRADING (M) SDN BHD,VT002,TAN MEE LIN,D9036636636612000159,CITY GARDEN MINI MARKET,GENERAL TRADE,3000/C44,2/3/2024,INV0000004595,SO0000004640,,Inv,,21182545,LIPTON YELLOW LABEL SIP2 12X50X2G,Lipton,S,Confirmed,3,PC,103.68,25.92,0,0,0,0,25.92,
10003720,VILLY TRADING (M) SDN BHD,VT002,TAN MEE LIN,D9037237237212000335,CH CASH & CARRY SDN BHD (BEFORE 25TH),GENERAL TRADE,300C/173,4/3/2024,INV0000004602,SO0000004653,,Inv,,69566721,LIPTON PBAG KAW EK P40 24X(40X2.3G),Lipton,F,Confirmed,10,PC,0,0,0,0,0,0,0,
10003720,VILLY TRADING (M) SDN BHD,VT002,TAN MEE LIN,D9037237237212000335,CH CASH & CARRY SDN BHD (BEFORE 25TH),GENERAL TRADE,300C/173,4/3/2024,INV0000004602,SO0000004653,,Inv,,69566714,LIPTON PBAG EK P40 24X(40X2G),Lipton,F,Confirmed,10,PC,0,0,0,0,0,0,0,
10003720,VILLY TRADING (M) SDN BHD,VT002,TAN MEE LIN,D9037237237212000335,CH CASH & CARRY SDN BHD (BEFORE 25TH),GENERAL TRADE,300C/173,4/3/2024,INV0000004602,SO0000004653,,Inv,,69566721,LIPTON PBAG KAW EK P40 24X(40X2.3G),Lipton,S,Confirmed,120,PC,127.2,636,0,0,0,0,636,
10003720,VILLY TRADING (M) SDN BHD,VT002,TAN MEE LIN,D9037237237212000335,CH CASH & CARRY SDN BHD (BEFORE 25TH),GENERAL TRADE,300C/173,4/3/2024,INV0000004602,SO0000004653,,Inv,,68928387,LIPTON PBAG EK P20 24X(20X2G),Lipton,S,Confirmed,120,PC,67.2,336,0,0,0,0,336,
10003720,VILLY TRADING (M) SDN BHD,VT002,TAN MEE LIN,D9037237237212000335,CH CASH & CARRY SDN BHD (BEFORE 25TH),GENERAL TRADE,300C/173,4/3/2024,INV0000004602,SO0000004653,,Inv,,69566716,LIPTON PBAG KAW EK P20 24X(20X2.3G),Lipton,S,Confirmed,120,PC,67.2,336,0,0,0,0,336,
10003720,VILLY TRADING (M) SDN BHD,VT002,TAN MEE LIN,D9037237237212000335,CH CASH & CARRY SDN BHD (BEFORE 25TH),GENERAL TRADE,300C/173,4/3/2024,INV0000004602,SO0000004653,,Inv,,21182542,LIPTON YELLOW LABEL SIP2 36X100X2G,Lipton,S,Confirmed,24,PC,536.4,357.6,0,0,0,0,357.6,
10003720,VILLY TRADING (M) SDN BHD,VT002,TAN MEE LIN,D9037237237212000335,CH CASH & CARRY SDN BHD (BEFORE 25TH),GENERAL TRADE,300C/173,4/3/2024,INV0000004602,SO0000004653,,Inv,,21182545,LIPTON YELLOW LABEL SIP2 12X50X2G,Lipton,S,Confirmed,2,CS,103.68,207.36,0,0,0,0,207.36,
10003720,VILLY TRADING (M) SDN BHD,VT002,TAN MEE LIN,D9037237237212000335,CH CASH & CARRY SDN BHD (BEFORE 25TH),GENERAL TRADE,300C/173,4/3/2024,INV0000004602,SO0000004653,,Inv,,69566727,LIPTON PBAG KAW EK P80 24X(80X2.3G),Lipton,S,Confirmed,5,CS,218.4,1092,0,0,0,0,1092,
10003720,VILLY TRADING (M) SDN BHD,VT002,TAN MEE LIN,D9037237237212000335,CH CASH & CARRY SDN BHD (BEFORE 25TH),GENERAL TRADE,300C/173,4/3/2024,INV0000004602,SO0000004653,,Inv,,69566716,LIPTON PBAG KAW EK P20 24X(20X2.3G),Lipton,F,Confirmed,10,PC,0,0,0,0,0,0,0,
10003720,VILLY TRADING (M) SDN BHD,VT002,TAN MEE LIN,D9037237237212000335,CH CASH & CARRY SDN BHD (BEFORE 25TH),GENERAL TRADE,300C/173,4/3/2024,INV0000004602,SO0000004653,,Inv,,68928387,LIPTON PBAG EK P20 24X(20X2G),Lipton,F,Confirmed,10,PC,0,0,0,0,0,0,0,
10003720,VILLY TRADING (M) SDN BHD,VT002,TAN MEE LIN,D9037237237212000335,CH CASH & CARRY SDN BHD (BEFORE 25TH),GENERAL TRADE,300C/173,4/3/2024,INV0000004602,SO0000004653,,Inv,,69566731,LIPTON PACKET TEA EK 36X400G,Lipton,S,Confirmed,12,PC,383.04,127.68,0,0,0,0,127.68,
10003720,VILLY TRADING (M) SDN BHD,VT002,TAN MEE LIN,D9037237237212000335,CH CASH & CARRY SDN BHD (BEFORE 25TH),GENERAL TRADE,300C/173,4/3/2024,INV0000004602,SO0000004653,,Inv,,69566706,LIPTON PBAG EK P80 24X(80X2G),Lipton,S,Confirmed,5,CS,218.4,1092,0,0,0,0,1092,
10003720,VILLY TRADING (M) SDN BHD,VT002,TAN MEE LIN,D9037237237212000335,CH CASH & CARRY SDN BHD (BEFORE 25TH),GENERAL TRADE,300C/173,4/3/2024,INV0000004602,SO0000004653,,Inv,,69566714,LIPTON PBAG EK P40 24X(40X2G),Lipton,S,Confirmed,120,PC,127.2,636,0,0,0,0,636,
10003720,VILLY TRADING (M) SDN BHD,VT002,TAN MEE LIN,D9036736736794003759,SAFRIN ENTERPRISE,GENERAL TRADE,300s/494,4/3/2024,INV0000004603,SO0000004652,,Inv,,68928387,LIPTON PBAG EK P20 24X(20X2G),Lipton,S,Confirmed,8,PC,67.2,22.4,0,0,0,0,22.4,
10003720,VILLY TRADING (M) SDN BHD,VT002,TAN MEE LIN,D9036736736794003759,SAFRIN ENTERPRISE,GENERAL TRADE,300s/494,4/3/2024,INV0000004603,SO0000004652,,Inv,,21182545,LIPTON YELLOW LABEL SIP2 12X50X2G,Lipton,S,Confirmed,3,PC,103.68,25.92,0,0,0,0,25.92,
10003720,VILLY TRADING (M) SDN BHD,VT002,TAN MEE LIN,D9036736736794003759,SAFRIN ENTERPRISE,GENERAL TRADE,300s/494,4/3/2024,INV0000004603,SO0000004652,,Inv,,69566721,LIPTON PBAG KAW EK P40 24X(40X2.3G),Lipton,S,Confirmed,12,PC,127.2,63.6,0,0,0,0,63.6,
10003720,VILLY TRADING (M) SDN BHD,VT002,TAN MEE LIN,D9036736736794003759,SAFRIN ENTERPRISE,GENERAL TRADE,300s/494,4/3/2024,INV0000004603,SO0000004652,,Inv,,69566714,LIPTON PBAG EK P40 24X(40X2G),Lipton,S,Confirmed,12,PC,127.2,63.6,0,0,0,0,63.6,
10003720,VILLY TRADING (M) SDN BHD,VT002,TAN MEE LIN,D9036736736794003759,SAFRIN ENTERPRISE,GENERAL TRADE,300s/494,4/3/2024,INV0000004603,SO0000004652,,Inv,,69566721,LIPTON PBAG KAW EK P40 24X(40X2.3G),Lipton,F,Confirmed,1,PC,0,0,0,0,0,0,0,
10003720,VILLY TRADING (M) SDN BHD,VT002,TAN MEE LIN,D9036736736794003759,SAFRIN ENTERPRISE,GENERAL TRADE,300s/494,4/3/2024,INV0000004603,SO0000004652,,Inv,,68928387,LIPTON PBAG EK P20 24X(20X2G),Lipton,F,Confirmed,2,PC,0,0,0,0,0,0,0,
10003720,VILLY TRADING (M) SDN BHD,VT002,TAN MEE LIN,D9036736736794003759,SAFRIN ENTERPRISE,GENERAL TRADE,300s/494,4/3/2024,INV0000004603,SO0000004652,,Inv,,69566716,LIPTON PBAG KAW EK P20 24X(20X2.3G),Lipton,S,Confirmed,17,PC,67.2,47.6,0,0,0,0,47.6,
10003720,VILLY TRADING (M) SDN BHD,VT002,TAN MEE LIN,D9036736736794003759,SAFRIN ENTERPRISE,GENERAL TRADE,300s/494,4/3/2024,INV0000004603,SO0000004652,,Inv,,69566714,LIPTON PBAG EK P40 24X(40X2G),Lipton,F,Confirmed,1,PC,0,0,0,0,0,0,0,
10003720,VILLY TRADING (M) SDN BHD,VT002,TAN MEE LIN,D9036636636612000100,SOON HUAT,GENERAL TRADE,3000/R46,4/3/2024,INV0000004605,SO0000004649,,Inv,,21182545,LIPTON YELLOW LABEL SIP2 12X50X2G,Lipton,S,Confirmed,6,PC,103.68,51.84,0,0,0,0,51.84,
10003720,VILLY TRADING (M) SDN BHD,VT002,TAN MEE LIN,D9036636636612000100,SOON HUAT,GENERAL TRADE,3000/R46,4/3/2024,INV0000004605,SO0000004649,,Inv,,69566708,LIPTON PACKET TEA EK 72X200G,Lipton,S,Confirmed,4,PC,408.24,22.68,0,0,0,0,22.68,
10003720,VILLY TRADING (M) SDN BHD,VT002,TAN MEE LIN,D9036636636612000100,SOON HUAT,GENERAL TRADE,3000/R46,4/3/2024,INV0000004605,SO0000004649,,Inv,,69566706,LIPTON PBAG EK P80 24X(80X2G),Lipton,S,Confirmed,6,PC,218.4,54.6,0,0,0,0,54.6,
10003720,VILLY TRADING (M) SDN BHD,VT002,TAN MEE LIN,D9036336336312000088,CHOP JOO GUAN HENG,GENERAL TRADE,3000/J73,4/3/2024,INV0000004606,SO0000004650,,Inv,,68928387,LIPTON PBAG EK P20 24X(20X2G),Lipton,S,Confirmed,10,PC,67.2,28,0,0,0,0,28,
10003720,VILLY TRADING (M) SDN BHD,VT002,TAN MEE LIN,CT0000000885,GUAN HUAT SENG HENG KEE SDN BHD,GENERAL TRADE,3000/G19,4/3/2024,INV0000004618,SO0000004665,,Inv,,68928341,LIPTON TEA DUST EK 5X1.8KG,Lipton,S,Confirmed,5,CS,202.95,1014.75,0,0,0,0,1014.75,
10003720,VILLY TRADING (M) SDN BHD,VT002,TAN MEE LIN,D9038738738712000267,NEW DIAN HUAT ENTERPRISE,GENERAL TRADE,300N/014,5/3/2024,INV0000004630,SO0000004680,,Inv,,68928387,LIPTON PBAG EK P20 24X(20X2G),Lipton,S,Confirmed,48,PC,67.2,134.4,0,0,0,0,134.4,
10003720,VILLY TRADING (M) SDN BHD,VT002,TAN MEE LIN,D9038738738712000267,NEW DIAN HUAT ENTERPRISE,GENERAL TRADE,300N/014,5/3/2024,INV0000004630,SO0000004680,,Inv,,68928387,LIPTON PBAG EK P20 24X(20X2G),Lipton,F,Confirmed,4,PC,0,0,0,0,0,0,0,
10003720,VILLY TRADING (M) SDN BHD,VT002,TAN MEE LIN,D9036636636612000011,SIN CHUAN,GENERAL TRADE,300S/164,5/3/2024,INV0000004631,SO0000004679,,Inv,,68928387,LIPTON PBAG EK P20 24X(20X2G),Lipton,F,Confirmed,4,PC,0,0,0,0,0,0,0,
10003720,VILLY TRADING (M) SDN BHD,VT002,TAN MEE LIN,D9036636636612000011,SIN CHUAN,GENERAL TRADE,300S/164,5/3/2024,INV0000004631,SO0000004679,,Inv,,68928387,LIPTON PBAG EK P20 24X(20X2G),Lipton,S,Confirmed,48,PC,67.2,134.4,0,0,0,0,134.4,
10003720,VILLY TRADING (M) SDN BHD,VT002,TAN MEE LIN,D9036636636694024386,HOCK HIN LEONG(PERINGGIT),GENERAL TRADE,300H/048,6/3/2024,INV0000004654,SO0000004702,,Inv,,21182545,LIPTON YELLOW LABEL SIP2 12X50X2G,Lipton,S,Confirmed,3,PC,103.68,25.92,0,0,0,0,25.92,
10003720,VILLY TRADING (M) SDN BHD,VT002,TAN MEE LIN,D9036636636612000296,GUEES MINI MART,GENERAL TRADE,3000/G92,6/3/2024,INV0000004655,SO0000004705,,Inv,,68928387,LIPTON PBAG EK P20 24X(20X2G),Lipton,S,Confirmed,1,CS,67.2,67.2,0,0,0,0,67.2,
10003720,VILLY TRADING (M) SDN BHD,VT002,TAN MEE LIN,D9036636636612000296,GUEES MINI MART,GENERAL TRADE,3000/G92,6/3/2024,INV0000004655,SO0000004705,,Inv,,21182545,LIPTON YELLOW LABEL SIP2 12X50X2G,Lipton,S,Confirmed,3,PC,103.68,25.92,0,0,0,0,25.92,
10003720,VILLY TRADING (M) SDN BHD,VT002,TAN MEE LIN,D9036336336312000544,KT FOOD (M) SDN BHD,GENERAL TRADE,300K/196,6/3/2024,INV0000004657,SO0000004701,,Inv,,21182542,LIPTON YELLOW LABEL SIP2 36X100X2G,Lipton,S,Confirmed,1,CS,536.4,536.4,0,0,0,0,536.4,
10003720,VILLY TRADING (M) SDN BHD,VT002,TAN MEE LIN,D9037237237294026191,PASAR MINI ENESX,GENERAL TRADE,3000/E34,6/3/2024,INV0000004658,SO0000004704,,Inv,,68928387,LIPTON PBAG EK P20 24X(20X2G),Lipton,S,Confirmed,6,PC,67.2,16.8,0,0,0,0,16.8,
10003720,VILLY TRADING (M) SDN BHD,VT002,TAN MEE LIN,D9037237237294026191,PASAR MINI ENESX,GENERAL TRADE,3000/E34,6/3/2024,INV0000004658,SO0000004704,,Inv,,69566714,LIPTON PBAG EK P40 24X(40X2G),Lipton,S,Confirmed,3,PC,127.2,15.9,0,0,0,0,15.9,
10003720,VILLY TRADING (M) SDN BHD,VT002,TAN MEE LIN,D9036636636694021663,NSS FRESH MARKET,GENERAL TRADE,300N/100,7/3/2024,INV0000004672,SO0000004719,,Inv,,69566714,LIPTON PBAG EK P40 24X(40X2G),Lipton,S,Confirmed,3,PC,127.2,15.9,0,0,0,0,15.9,
10003720,VILLY TRADING (M) SDN BHD,VT002,TAN MEE LIN,D9036636636694001993,KELUARGA MN ENTERPRISE,GENERAL TRADE,300K/287,8/3/2024,INV0000004688,SO0000004740,,Inv,,69566706,LIPTON PBAG EK P80 24X(80X2G),Lipton,S,Confirmed,1,CS,218.4,218.4,0,0,0,0,218.4,
10003720,VILLY TRADING (M) SDN BHD,VT002,TAN MEE LIN,D9036636636694001993,KELUARGA MN ENTERPRISE,GENERAL TRADE,300K/287,8/3/2024,INV0000004688,SO0000004740,,Inv,,68928387,LIPTON PBAG EK P20 24X(20X2G),Lipton,F,Confirmed,2,PC,0,0,0,0,0,0,0,
10003720,VILLY TRADING (M) SDN BHD,VT002,TAN MEE LIN,D9036636636694001993,KELUARGA MN ENTERPRISE,GENERAL TRADE,300K/287,8/3/2024,INV0000004688,SO0000004740,,Inv,,69566714,LIPTON PBAG EK P40 24X(40X2G),Lipton,F,Confirmed,1,PC,0,0,0,0,0,0,0,
10003720,VILLY TRADING (M) SDN BHD,VT002,TAN MEE LIN,D9036636636694001993,KELUARGA MN ENTERPRISE,GENERAL TRADE,300K/287,8/3/2024,INV0000004688,SO0000004740,,Inv,,69566714,LIPTON PBAG EK P40 24X(40X2G),Lipton,S,Confirmed,23,PC,127.2,121.9,0,0,0,0,121.9,
10003720,VILLY TRADING (M) SDN BHD,VT002,TAN MEE LIN,D9036636636694001993,KELUARGA MN ENTERPRISE,GENERAL TRADE,300K/287,8/3/2024,INV0000004688,SO0000004740,,Inv,,69566721,LIPTON PBAG KAW EK P40 24X(40X2.3G),Lipton,S,Confirmed,23,PC,127.2,121.9,0,0,0,0,121.9,
10003720,VILLY TRADING (M) SDN BHD,VT002,TAN MEE LIN,D9036636636694001993,KELUARGA MN ENTERPRISE,GENERAL TRADE,300K/287,8/3/2024,INV0000004688,SO0000004740,,Inv,,68928387,LIPTON PBAG EK P20 24X(20X2G),Lipton,S,Confirmed,23,PC,67.2,64.4,0,0,0,0,64.4,
10003720,VILLY TRADING (M) SDN BHD,VT002,TAN MEE LIN,D9036636636694001993,KELUARGA MN ENTERPRISE,GENERAL TRADE,300K/287,8/3/2024,INV0000004688,SO0000004740,,Inv,,69566716,LIPTON PBAG KAW EK P20 24X(20X2.3G),Lipton,S,Confirmed,23,PC,67.2,64.4,0,0,0,0,64.4,
10003720,VILLY TRADING (M) SDN BHD,VT002,TAN MEE LIN,D9036636636694001993,KELUARGA MN ENTERPRISE,GENERAL TRADE,300K/287,8/3/2024,INV0000004688,SO0000004740,,Inv,,69566721,LIPTON PBAG KAW EK P40 24X(40X2.3G),Lipton,F,Confirmed,2,PC,0,0,0,0,0,0,0,
10003720,VILLY TRADING (M) SDN BHD,VT002,TAN MEE LIN,D9036636636694001993,KELUARGA MN ENTERPRISE,GENERAL TRADE,300K/287,8/3/2024,INV0000004688,SO0000004740,,Inv,,69566716,LIPTON PBAG KAW EK P20 24X(20X2.3G),Lipton,F,Confirmed,1,PC,0,0,0,0,0,0,0,
10003720,VILLY TRADING (M) SDN BHD,VT002,TAN MEE LIN,D9036636636612000511,HY MINI MART (FRI CLOSE),GENERAL TRADE,3000/H25,8/3/2024,INV0000004692,SO0000004742,,Inv,,68928387,LIPTON PBAG EK P20 24X(20X2G),Lipton,S,Confirmed,12,PC,67.2,33.6,0,0,0,0,33.6,
10003720,VILLY TRADING (M) SDN BHD,VT002,TAN MEE LIN,D9036636636612000511,HY MINI MART (FRI CLOSE),GENERAL TRADE,3000/H25,8/3/2024,INV0000004692,SO0000004742,,Inv,,69566706,LIPTON PBAG EK P80 24X(80X2G),Lipton,S,Confirmed,12,PC,218.4,109.2,0,0,0,0,109.2,
10003720,VILLY TRADING (M) SDN BHD,VT002,TAN MEE LIN,D9037137137112000003,CHOP GUAN TIN,GENERAL TRADE,3000/G39,8/3/2024,INV0000004693,SO0000004741,,Inv,,69566714,LIPTON PBAG EK P40 24X(40X2G),Lipton,S,Confirmed,3,PC,127.2,15.9,0,0,0,0,15.9,
10003720,VILLY TRADING (M) SDN BHD,VT002,TAN MEE LIN,D9037137137112000003,CHOP GUAN TIN,GENERAL TRADE,3000/G39,8/3/2024,INV0000004693,SO0000004741,,Inv,,68928387,LIPTON PBAG EK P20 24X(20X2G),Lipton,S,Confirmed,6,PC,67.2,16.8,0,0,0,0,16.8,
10003720,VILLY TRADING (M) SDN BHD,VT002,TAN MEE LIN,D9037137137112000003,CHOP GUAN TIN,GENERAL TRADE,3000/G39,8/3/2024,INV0000004693,SO0000004741,,Inv,,69566706,LIPTON PBAG EK P80 24X(80X2G),Lipton,S,Confirmed,3,PC,218.4,27.3,0,0,0,0,27.3,
10003720,VILLY TRADING (M) SDN BHD,VT003,EUNICE SIOW SEUI JIN,D9006106106104000457,PASAR MINI LAVIN,GENERAL TRADE,3100/P99,9/3/2024,INV0000004726,SO0000004773,,Inv,,69566708,LIPTON PACKET TEA EK 72X200G,Lipton,S,Confirmed,6,PC,408.24,34.02,0,0,0,0,34.02,
10003720,VILLY TRADING (M) SDN BHD,VT003,EUNICE SIOW SEUI JIN,D9006106106104000457,PASAR MINI LAVIN,GENERAL TRADE,3100/P99,9/3/2024,INV0000004726,SO0000004773,,Inv,,68928385,LIPTON PACKET TEA EK 12X12X50G,Lipton,S,Confirmed,6,PC,259.2,10.8,0,0,0,0,10.8,
10003720,VILLY TRADING (M) SDN BHD,VT003,EUNICE SIOW SEUI JIN,D9006106106104000457,PASAR MINI LAVIN,GENERAL TRADE,3100/P99,9/3/2024,INV0000004726,SO0000004773,,Inv,,68928387,LIPTON PBAG EK P20 24X(20X2G),Lipton,S,Confirmed,6,PC,67.2,16.8,0,0,0,0,16.8,
10003720,VILLY TRADING (M) SDN BHD,VT003,EUNICE SIOW SEUI JIN,D9006106106104000457,PASAR MINI LAVIN,GENERAL TRADE,3100/P99,9/3/2024,INV0000004726,SO0000004773,,Inv,,69566714,LIPTON PBAG EK P40 24X(40X2G),Lipton,S,Confirmed,6,PC,127.2,31.8,0,0,0,0,31.8,
10003720,VILLY TRADING (M) SDN BHD,VT003,EUNICE SIOW SEUI JIN,D9006106106104000034,MSK MINI MARKET,GENERAL TRADE,3100/M10,9/3/2024,INV0000004728,SO0000004774,,Inv,,68928385,LIPTON PACKET TEA EK 12X12X50G,Lipton,S,Confirmed,6,PC,259.2,10.8,0,0,0,0,10.8,
10003720,VILLY TRADING (M) SDN BHD,VT003,EUNICE SIOW SEUI JIN,D9006106106104000034,MSK MINI MARKET,GENERAL TRADE,3100/M10,9/3/2024,INV0000004728,SO0000004774,,Inv,,69566714,LIPTON PBAG EK P40 24X(40X2G),Lipton,S,Confirmed,6,PC,127.2,31.8,0,0,0,0,31.8,
10003720,VILLY TRADING (M) SDN BHD,VT003,EUNICE SIOW SEUI JIN,D9006106106104000034,MSK MINI MARKET,GENERAL TRADE,3100/M10,9/3/2024,INV0000004728,SO0000004774,,Inv,,21182545,LIPTON YELLOW LABEL SIP2 12X50X2G,Lipton,S,Confirmed,6,PC,103.68,51.84,0,0,0,0,51.84,
10003720,VILLY TRADING (M) SDN BHD,VT003,EUNICE SIOW SEUI JIN,D9006106106104000034,MSK MINI MARKET,GENERAL TRADE,3100/M10,9/3/2024,INV0000004728,SO0000004774,,Inv,,69566708,LIPTON PACKET TEA EK 72X200G,Lipton,S,Confirmed,6,PC,408.24,34.02,0,0,0,0,34.02,
10003720,VILLY TRADING (M) SDN BHD,VT003,EUNICE SIOW SEUI JIN,D9006106106104000034,MSK MINI MARKET,GENERAL TRADE,3100/M10,9/3/2024,INV0000004728,SO0000004774,,Inv,,69566716,LIPTON PBAG KAW EK P20 24X(20X2.3G),Lipton,S,Confirmed,12,PC,67.2,33.6,0,0,0,0,33.6,
10003720,VILLY TRADING (M) SDN BHD,VT003,EUNICE SIOW SEUI JIN,D9006106106104000034,MSK MINI MARKET,GENERAL TRADE,3100/M10,9/3/2024,INV0000004728,SO0000004774,,Inv,,68928387,LIPTON PBAG EK P20 24X(20X2G),Lipton,S,Confirmed,6,PC,67.2,16.8,0,0,0,0,16.8,
10003720,VILLY TRADING (M) SDN BHD,VT002,TAN MEE LIN,D9036636636612000107,GAN HUP HUAT SDN.BHD.,MODERN TRADE,3000/G60,11/3/2024,INV0000004737,SO0000004785,,Inv,,68928341,LIPTON TEA DUST EK 5X1.8KG,Lipton,S,Confirmed,5,CS,202.95,1014.75,0,0,0,0,1014.75,
10003720,VILLY TRADING (M) SDN BHD,VT002,TAN MEE LIN,D9036636636612000107,GAN HUP HUAT SDN.BHD.,MODERN TRADE,3000/G60,11/3/2024,INV0000004737,SO0000004785,,Inv,,69566714,LIPTON PBAG EK P40 24X(40X2G),Lipton,F,Confirmed,3,PC,0,0,0,0,0,0,0,
10003720,VILLY TRADING (M) SDN BHD,VT002,TAN MEE LIN,D9036636636612000107,GAN HUP HUAT SDN.BHD.,MODERN TRADE,3000/G60,11/3/2024,INV0000004737,SO0000004785,,Inv,,69566714,LIPTON PBAG EK P40 24X(40X2G),Lipton,S,Confirmed,46,PC,127.2,243.8,0,0,0,0,243.8,
10003720,VILLY TRADING (M) SDN BHD,VT002,TAN MEE LIN,D9036336336312000544,KT FOOD (M) SDN BHD,GENERAL TRADE,300K/196,12/3/2024,INV0000004756,SO0000004803,,Inv,,21182542,LIPTON YELLOW LABEL SIP2 36X100X2G,Lipton,S,Confirmed,1,CS,536.4,536.4,0,0,0,0,536.4,
10003720,VILLY TRADING (M) SDN BHD,VT004,YUKI LOH SOOK HAR,D9004204204204000733,SHING YONG ENTRPRISE,GENERAL TRADE,3100/S90,1/3/2024,INV0000004566,SO0000004616,,Inv,,68928387,LIPTON PBAG EK P20 24X(20X2G),Lipton,F,Confirmed,92,PC,0,0,0,0,0,0,0,
10003720,VILLY TRADING (M) SDN BHD,VT004,YUKI LOH SOOK HAR,D9004204204204000733,SHING YONG ENTRPRISE,GENERAL TRADE,3100/S90,1/3/2024,INV0000004566,SO0000004616,,Inv,,68928387,LIPTON PBAG EK P20 24X(20X2G),Lipton,S,Confirmed,46,CS,67.2,3091.2,0,0,0,0,3091.2,
10003720,VILLY TRADING (M) SDN BHD,VT004,YUKI LOH SOOK HAR,D9005705705704000014,FULLY STORE,GENERAL TRADE,3100/F09,1/3/2024,INV0000004567,SO0000004617,,Inv,,68928387,LIPTON PBAG EK P20 24X(20X2G),Lipton,F,Confirmed,2,PC,0,0,0,0,0,0,0,
10003720,VILLY TRADING (M) SDN BHD,VT004,YUKI LOH SOOK HAR,D9005705705704000014,FULLY STORE,GENERAL TRADE,3100/F09,1/3/2024,INV0000004567,SO0000004617,,Inv,,68928387,LIPTON PBAG EK P20 24X(20X2G),Lipton,S,Confirmed,1,CS,67.2,67.2,0,0,0,0,67.2,
10003720,VILLY TRADING (M) SDN BHD,VT004,YUKI LOH SOOK HAR,D9005705705704000014,FULLY STORE,GENERAL TRADE,3100/F09,1/3/2024,INV0000004567,SO0000004617,,Inv,,69566716,LIPTON PBAG KAW EK P20 24X(20X2.3G),Lipton,F,Confirmed,2,PC,0,0,0,0,0,0,0,
10003720,VILLY TRADING (M) SDN BHD,VT004,YUKI LOH SOOK HAR,D9005705705704000014,FULLY STORE,GENERAL TRADE,3100/F09,1/3/2024,INV0000004567,SO0000004617,,Inv,,69566716,LIPTON PBAG KAW EK P20 24X(20X2.3G),Lipton,S,Confirmed,1,CS,67.2,67.2,0,0,0,0,67.2,
10003720,VILLY TRADING (M) SDN BHD,VT006,WAN XIN YI,D9005305305394025438,CT EXTRA STORES SDN BHD (NILAI),GENERAL TRADE,3100/C12,1/3/2024,INV0000004568,SO0000004615,,Inv,,21182542,LIPTON YELLOW LABEL SIP2 36X100X2G,Lipton,S,Confirmed,12,PC,536.4,178.8,0,0,0,0,178.8,
10003720,VILLY TRADING (M) SDN BHD,VT006,WAN XIN YI,D9005305305394025438,CT EXTRA STORES SDN BHD (NILAI),GENERAL TRADE,3100/C12,1/3/2024,INV0000004568,SO0000004615,,Inv,,68928387,LIPTON PBAG EK P20 24X(20X2G),Lipton,S,Confirmed,1,CS,67.2,67.2,0,0,0,0,67.2,
10003720,VILLY TRADING (M) SDN BHD,VT006,WAN XIN YI,D9005305305394025438,CT EXTRA STORES SDN BHD (NILAI),GENERAL TRADE,3100/C12,1/3/2024,INV0000004568,SO0000004615,,Inv,,69566716,LIPTON PBAG KAW EK P20 24X(20X2.3G),Lipton,S,Confirmed,3,CS,67.2,201.6,0,0,0,0,201.6,
10003720,VILLY TRADING (M) SDN BHD,VT006,WAN XIN YI,D9005305305394025438,CT EXTRA STORES SDN BHD (NILAI),GENERAL TRADE,3100/C12,1/3/2024,INV0000004568,SO0000004615,,Inv,,69566714,LIPTON PBAG EK P40 24X(40X2G),Lipton,S,Confirmed,2,CS,127.2,254.4,0,0,0,0,254.4,
10003720,VILLY TRADING (M) SDN BHD,VT006,WAN XIN YI,D9005305305394025438,CT EXTRA STORES SDN BHD (NILAI),GENERAL TRADE,3100/C12,1/3/2024,INV0000004568,SO0000004615,,Inv,,69566721,LIPTON PBAG KAW EK P40 24X(40X2.3G),Lipton,S,Confirmed,2,CS,127.2,254.4,0,0,0,0,254.4,
10003720,VILLY TRADING (M) SDN BHD,VT006,WAN XIN YI,D9005305305394025438,CT EXTRA STORES SDN BHD (NILAI),GENERAL TRADE,3100/C12,1/3/2024,INV0000004568,SO0000004615,,Inv,,68928385,LIPTON PACKET TEA EK 12X12X50G,Lipton,S,Confirmed,24,PC,259.2,43.2,0,0,0,0,43.2,
10003720,VILLY TRADING (M) SDN BHD,VT006,WAN XIN YI,D9006106106194019913,PONNY CASH AND CARRY SDN BHD,GENERAL TRADE,310P/109,1/3/2024,INV0000004569,SO0000004614,,Inv,,69566708,LIPTON PACKET TEA EK 72X200G,Lipton,S,Confirmed,6,PC,408.24,34.02,0,0,0,0,34.02,
10003720,VILLY TRADING (M) SDN BHD,VT006,WAN XIN YI,D9006106106104000204,ATOK AMID ENTERPRISE,GENERAL TRADE,3100/A24,1/3/2024,INV0000004570,SO0000004613,,Inv,,69566727,LIPTON PBAG KAW EK P80 24X(80X2.3G),Lipton,S,Confirmed,6,PC,218.4,54.6,0,0,0,0,54.6,
10003720,VILLY TRADING (M) SDN BHD,VT006,WAN XIN YI,D9006106106104000204,ATOK AMID ENTERPRISE,GENERAL TRADE,3100/A24,1/3/2024,INV0000004570,SO0000004613,,Inv,,69566714,LIPTON PBAG EK P40 24X(40X2G),Lipton,S,Confirmed,12,PC,127.2,63.6,0,0,0,0,63.6,
10003720,VILLY TRADING (M) SDN BHD,VT006,WAN XIN YI,D9006106106104000204,ATOK AMID ENTERPRISE,GENERAL TRADE,3100/A24,1/3/2024,INV0000004570,SO0000004613,,Inv,,69566721,LIPTON PBAG KAW EK P40 24X(40X2.3G),Lipton,S,Confirmed,12,PC,127.2,63.6,0,0,0,0,63.6,
10003720,VILLY TRADING (M) SDN BHD,VT006,WAN XIN YI,D9006106106104000204,ATOK AMID ENTERPRISE,GENERAL TRADE,3100/A24,1/3/2024,INV0000004570,SO0000004613,,Inv,,69566731,LIPTON PACKET TEA EK 36X400G,Lipton,S,Confirmed,6,PC,383.04,63.84,0,0,0,0,63.84,
10003720,VILLY TRADING (M) SDN BHD,VT006,WAN XIN YI,D9006106106104000204,ATOK AMID ENTERPRISE,GENERAL TRADE,3100/A24,1/3/2024,INV0000004570,SO0000004613,,Inv,,68928387,LIPTON PBAG EK P20 24X(20X2G),Lipton,S,Confirmed,12,PC,67.2,33.6,0,0,0,0,33.6,
10003720,VILLY TRADING (M) SDN BHD,VT006,WAN XIN YI,D9006106106104000204,ATOK AMID ENTERPRISE,GENERAL TRADE,3100/A24,1/3/2024,INV0000004570,SO0000004613,,Inv,,69566716,LIPTON PBAG KAW EK P20 24X(20X2.3G),Lipton,S,Confirmed,12,PC,67.2,33.6,0,0,0,0,33.6,
10003720,VILLY TRADING (M) SDN BHD,VT006,WAN XIN YI,D9006106106104000204,ATOK AMID ENTERPRISE,GENERAL TRADE,3100/A24,1/3/2024,INV0000004570,SO0000004613,,Inv,,69566706,LIPTON PBAG EK P80 24X(80X2G),Lipton,S,Confirmed,6,PC,218.4,54.6,0,0,0,0,54.6,
10003720,VILLY TRADING (M) SDN BHD,VT006,WAN XIN YI,D9006106106104000204,ATOK AMID ENTERPRISE,GENERAL TRADE,3100/A24,1/3/2024,INV0000004570,SO0000004613,,Inv,,68928385,LIPTON PACKET TEA EK 12X12X50G,Lipton,S,Confirmed,12,PC,259.2,21.6,0,0,0,0,21.6,
10003720,VILLY TRADING (M) SDN BHD,VT006,WAN XIN YI,D9006106106104000204,ATOK AMID ENTERPRISE,GENERAL TRADE,3100/A24,1/3/2024,INV0000004570,SO0000004613,,Inv,,21182545,LIPTON YELLOW LABEL SIP2 12X50X2G,Lipton,S,Confirmed,6,PC,103.68,51.84,0,0,0,0,51.84,
10003720,VILLY TRADING (M) SDN BHD,VT006,WAN XIN YI,D9006106106104000204,ATOK AMID ENTERPRISE,GENERAL TRADE,3100/A24,1/3/2024,INV0000004570,SO0000004613,,Inv,,69566708,LIPTON PACKET TEA EK 72X200G,Lipton,S,Confirmed,12,PC,408.24,68.04,0,0,0,0,68.04,
10003720,VILLY TRADING (M) SDN BHD,VT004,YUKI LOH SOOK HAR,D9006106106104000397,KEDAI VOON FAH,GENERAL TRADE,310K/014,5/3/2024,INV0000004640,SO0000004688,,Inv,,68928387,LIPTON PBAG EK P20 24X(20X2G),Lipton,F,Confirmed,4,PC,0,0,0,0,0,0,0,
10003720,VILLY TRADING (M) SDN BHD,VT004,YUKI LOH SOOK HAR,D9006106106104000397,KEDAI VOON FAH,GENERAL TRADE,310K/014,5/3/2024,INV0000004640,SO0000004688,,Inv,,68928387,LIPTON PBAG EK P20 24X(20X2G),Lipton,S,Confirmed,2,CS,67.2,134.4,0,0,0,0,134.4,
10003720,VILLY TRADING (M) SDN BHD,VT004,YUKI LOH SOOK HAR,D9006106106106000063,TIRUNELVELI CASH & CARRY,GENERAL TRADE,3100/T35,5/3/2024,INV0000004641,SO0000004687,,Inv,,69566727,LIPTON PBAG KAW EK P80 24X(80X2.3G),Lipton,S,Confirmed,6,PC,218.4,54.6,0,0,0,0,54.6,
10003720,VILLY TRADING (M) SDN BHD,VT004,YUKI LOH SOOK HAR,D9006106106106000063,TIRUNELVELI CASH & CARRY,GENERAL TRADE,3100/T35,5/3/2024,INV0000004641,SO0000004687,,Inv,,69566714,LIPTON PBAG EK P40 24X(40X2G),Lipton,S,Confirmed,6,PC,127.2,31.8,0,0,0,0,31.8,
10003720,VILLY TRADING (M) SDN BHD,VT004,YUKI LOH SOOK HAR,D9006106106106000063,TIRUNELVELI CASH & CARRY,GENERAL TRADE,3100/T35,5/3/2024,INV0000004641,SO0000004687,,Inv,,69566716,LIPTON PBAG KAW EK P20 24X(20X2.3G),Lipton,S,Confirmed,6,PC,67.2,16.8,0,0,0,0,16.8,
10003720,VILLY TRADING (M) SDN BHD,VT004,YUKI LOH SOOK HAR,D9006106106106000063,TIRUNELVELI CASH & CARRY,GENERAL TRADE,3100/T35,5/3/2024,INV0000004641,SO0000004687,,Inv,,68928387,LIPTON PBAG EK P20 24X(20X2G),Lipton,S,Confirmed,6,PC,67.2,16.8,0,0,0,0,16.8,
10003720,VILLY TRADING (M) SDN BHD,VT004,YUKI LOH SOOK HAR,D9006106106106000063,TIRUNELVELI CASH & CARRY,GENERAL TRADE,3100/T35,5/3/2024,INV0000004641,SO0000004687,,Inv,,69566721,LIPTON PBAG KAW EK P40 24X(40X2.3G),Lipton,S,Confirmed,6,PC,127.2,31.8,0,0,0,0,31.8,
10003720,VILLY TRADING (M) SDN BHD,VT006,WAN XIN YI,D9004604604604000725,SOON TECK,GENERAL TRADE,3100/S38,7/3/2024,INV0000004681,SO0000004730,,Inv,,69566716,LIPTON PBAG KAW EK P20 24X(20X2.3G),Lipton,S,Confirmed,9,CS,67.2,604.8,0,0,0,0,604.8,
10003720,VILLY TRADING (M) SDN BHD,VT006,WAN XIN YI,D9004604604604000725,SOON TECK,GENERAL TRADE,3100/S38,7/3/2024,INV0000004681,SO0000004730,,Inv,,68928387,LIPTON PBAG EK P20 24X(20X2G),Lipton,F,Confirmed,36,PC,0,0,0,0,0,0,0,
10003720,VILLY TRADING (M) SDN BHD,VT006,WAN XIN YI,D9004604604604000725,SOON TECK,GENERAL TRADE,3100/S38,7/3/2024,INV0000004681,SO0000004730,,Inv,,69566714,LIPTON PBAG EK P40 24X(40X2G),Lipton,S,Confirmed,6,CS,127.2,763.2,0,0,0,0,763.2,
10003720,VILLY TRADING (M) SDN BHD,VT006,WAN XIN YI,D9004604604604000725,SOON TECK,GENERAL TRADE,3100/S38,7/3/2024,INV0000004681,SO0000004730,,Inv,,69566721,LIPTON PBAG KAW EK P40 24X(40X2.3G),Lipton,S,Confirmed,12,CS,127.2,1526.4,0,0,0,0,1526.4,
10003720,VILLY TRADING (M) SDN BHD,VT006,WAN XIN YI,D9004604604604000725,SOON TECK,GENERAL TRADE,3100/S38,7/3/2024,INV0000004681,SO0000004730,,Inv,,69566714,LIPTON PBAG EK P40 24X(40X2G),Lipton,F,Confirmed,36,PC,0,0,0,0,0,0,0,
10003720,VILLY TRADING (M) SDN BHD,VT006,WAN XIN YI,D9004604604604000725,SOON TECK,GENERAL TRADE,3100/S38,7/3/2024,INV0000004681,SO0000004730,,Inv,,68928387,LIPTON PBAG EK P20 24X(20X2G),Lipton,S,Confirmed,9,CS,67.2,604.8,0,0,0,0,604.8,
10003720,VILLY TRADING (M) SDN BHD,VT006,WAN XIN YI,D9004604604604000726,SOON TECK KUALA PILAH ENTERPRISE,GENERAL TRADE,3100/S23,7/3/2024,INV0000004682,SO0000004729,,Inv,,69566727,LIPTON PBAG KAW EK P80 24X(80X2.3G),Lipton,F,Confirmed,1,PC,0,0,0,0,0,0,0,
10003720,VILLY TRADING (M) SDN BHD,VT006,WAN XIN YI,D9004604604604000726,SOON TECK KUALA PILAH ENTERPRISE,GENERAL TRADE,3100/S23,7/3/2024,INV0000004682,SO0000004729,,Inv,,69566706,LIPTON PBAG EK P80 24X(80X2G),Lipton,F,Confirmed,1,PC,0,0,0,0,0,0,0,
10003720,VILLY TRADING (M) SDN BHD,VT006,WAN XIN YI,D9004604604604000726,SOON TECK KUALA PILAH ENTERPRISE,GENERAL TRADE,3100/S23,7/3/2024,INV0000004682,SO0000004729,,Inv,,69566706,LIPTON PBAG EK P80 24X(80X2G),Lipton,S,Confirmed,12,PC,218.4,109.2,0,0,0,0,109.2,
10003720,VILLY TRADING (M) SDN BHD,VT006,WAN XIN YI,D9004604604604000726,SOON TECK KUALA PILAH ENTERPRISE,GENERAL TRADE,3100/S23,7/3/2024,INV0000004682,SO0000004729,,Inv,,69566727,LIPTON PBAG KAW EK P80 24X(80X2.3G),Lipton,S,Confirmed,12,PC,218.4,109.2,0,0,0,0,109.2,
10003720,VILLY TRADING (M) SDN BHD,VT006,WAN XIN YI,D9004604604604000615,SARVANA TRADING,GENERAL TRADE,3100/S22,7/3/2024,INV0000004683,SO0000004728,,Inv,,69566714,LIPTON PBAG EK P40 24X(40X2G),Lipton,S,Confirmed,6,PC,127.2,31.8,0,0,0,0,31.8,
10003720,VILLY TRADING (M) SDN BHD,VT006,WAN XIN YI,D9004604604604000615,SARVANA TRADING,GENERAL TRADE,3100/S22,7/3/2024,INV0000004683,SO0000004728,,Inv,,69566721,LIPTON PBAG KAW EK P40 24X(40X2.3G),Lipton,S,Confirmed,6,PC,127.2,31.8,0,0,0,0,31.8,
10003720,VILLY TRADING (M) SDN BHD,VT006,WAN XIN YI,D9004604604604000615,SARVANA TRADING,GENERAL TRADE,3100/S22,7/3/2024,INV0000004683,SO0000004728,,Inv,,69566716,LIPTON PBAG KAW EK P20 24X(20X2.3G),Lipton,S,Confirmed,6,PC,67.2,16.8,0,0,0,0,16.8,
10003720,VILLY TRADING (M) SDN BHD,VT006,WAN XIN YI,CT0000000170,ECO FRESH VALUE MART SDN BHD,GENERAL TRADE,3100/E22,7/3/2024,INV0000004684,SO0000004732,,Inv,,68928387,LIPTON PBAG EK P20 24X(20X2G),Lipton,S,Confirmed,12,PC,67.2,33.6,0,0,0,0,33.6,
10003720,VILLY TRADING (M) SDN BHD,VT006,WAN XIN YI,CT0000000170,ECO FRESH VALUE MART SDN BHD,GENERAL TRADE,3100/E22,7/3/2024,INV0000004684,SO0000004732,,Inv,,21182545,LIPTON YELLOW LABEL SIP2 12X50X2G,Lipton,S,Confirmed,6,PC,103.68,51.84,0,0,0,0,51.84,
10003720,VILLY TRADING (M) SDN BHD,VT006,WAN XIN YI,CT0000000170,ECO FRESH VALUE MART SDN BHD,GENERAL TRADE,3100/E22,7/3/2024,INV0000004684,SO0000004732,,Inv,,21182542,LIPTON YELLOW LABEL SIP2 36X100X2G,Lipton,S,Confirmed,6,PC,536.4,89.4,0,0,0,0,89.4,
10003720,VILLY TRADING (M) SDN BHD,VT006,WAN XIN YI,CT0000000170,ECO FRESH VALUE MART SDN BHD,GENERAL TRADE,3100/E22,7/3/2024,INV0000004684,SO0000004732,,Inv,,69566714,LIPTON PBAG EK P40 24X(40X2G),Lipton,S,Confirmed,12,PC,127.2,63.6,0,0,0,0,63.6,
10003720,VILLY TRADING (M) SDN BHD,VT006,WAN XIN YI,D9006106106104000134,PASAR MINI LONG,GENERAL TRADE,310P/038,7/3/2024,INV0000004685,SO0000004731,,Inv,,69566708,LIPTON PACKET TEA EK 72X200G,Lipton,S,Confirmed,6,PC,408.24,34.02,0,0,0,0,34.02,
10003720,VILLY TRADING (M) SDN BHD,VT006,WAN XIN YI,D9006106106104000134,PASAR MINI LONG,GENERAL TRADE,310P/038,7/3/2024,INV0000004685,SO0000004731,,Inv,,69566716,LIPTON PBAG KAW EK P20 24X(20X2.3G),Lipton,S,Confirmed,6,PC,67.2,16.8,0,0,0,0,16.8,
10003720,VILLY TRADING (M) SDN BHD,VT006,WAN XIN YI,D9006106106104000134,PASAR MINI LONG,GENERAL TRADE,310P/038,7/3/2024,INV0000004685,SO0000004731,,Inv,,69566714,LIPTON PBAG EK P40 24X(40X2G),Lipton,S,Confirmed,6,PC,127.2,31.8,0,0,0,0,31.8,
10003720,VILLY TRADING (M) SDN BHD,VT006,WAN XIN YI,D9006106106104000134,PASAR MINI LONG,GENERAL TRADE,310P/038,7/3/2024,INV0000004685,SO0000004731,,Inv,,21182545,LIPTON YELLOW LABEL SIP2 12X50X2G,Lipton,S,Confirmed,1,CS,103.68,103.68,0,0,0,0,103.68,
10003720,VILLY TRADING (M) SDN BHD,VT006,WAN XIN YI,D9006106106104000134,PASAR MINI LONG,GENERAL TRADE,310P/038,7/3/2024,INV0000004685,SO0000004731,,Inv,,69566727,LIPTON PBAG KAW EK P80 24X(80X2.3G),Lipton,S,Confirmed,3,PC,218.4,27.3,0,0,0,0,27.3,
10003720,VILLY TRADING (M) SDN BHD,VT006,WAN XIN YI,D9006106106104000134,PASAR MINI LONG,GENERAL TRADE,310P/038,7/3/2024,INV0000004685,SO0000004731,,Inv,,69566721,LIPTON PBAG KAW EK P40 24X(40X2.3G),Lipton,S,Confirmed,3,PC,127.2,15.9,0,0,0,0,15.9,
10003720,VILLY TRADING (M) SDN BHD,VT006,WAN XIN YI,D9006106106104000134,PASAR MINI LONG,GENERAL TRADE,310P/038,7/3/2024,INV0000004685,SO0000004731,,Inv,,69566731,LIPTON PACKET TEA EK 36X400G,Lipton,S,Confirmed,6,PC,383.04,63.84,0,0,0,0,63.84,
10003720,VILLY TRADING (M) SDN BHD,VT006,WAN XIN YI,D9006106106104000134,PASAR MINI LONG,GENERAL TRADE,310P/038,7/3/2024,INV0000004685,SO0000004731,,Inv,,68928387,LIPTON PBAG EK P20 24X(20X2G),Lipton,S,Confirmed,6,PC,67.2,16.8,0,0,0,0,16.8,
10003720,VILLY TRADING (M) SDN BHD,VT006,WAN XIN YI,D9006106106104000134,PASAR MINI LONG,GENERAL TRADE,310P/038,7/3/2024,INV0000004685,SO0000004731,,Inv,,69566706,LIPTON PBAG EK P80 24X(80X2G),Lipton,S,Confirmed,3,PC,218.4,27.3,0,0,0,0,27.3,
10003720,VILLY TRADING (M) SDN BHD,VT006,WAN XIN YI,D9006106106194029721,BESEGAR FRESHMART SDN BHD,GENERAL TRADE,3100/B34,8/3/2024,INV0000004704,SO0000004751,,Inv,,21182545,LIPTON YELLOW LABEL SIP2 12X50X2G,Lipton,S,Confirmed,12,PC,103.68,103.68,0,0,0,0,103.68,
10003720,VILLY TRADING (M) SDN BHD,VT006,WAN XIN YI,D9006106106194029721,BESEGAR FRESHMART SDN BHD,GENERAL TRADE,3100/B34,8/3/2024,INV0000004704,SO0000004751,,Inv,,69566731,LIPTON PACKET TEA EK 36X400G,Lipton,S,Confirmed,24,PC,383.04,255.36,0,0,0,0,255.36,
10003720,VILLY TRADING (M) SDN BHD,VT006,WAN XIN YI,D9006106106194029721,BESEGAR FRESHMART SDN BHD,GENERAL TRADE,3100/B34,8/3/2024,INV0000004704,SO0000004751,,Inv,,69566727,LIPTON PBAG KAW EK P80 24X(80X2.3G),Lipton,S,Confirmed,12,PC,218.4,109.2,0,0,0,0,109.2,
10003720,VILLY TRADING (M) SDN BHD,VT006,WAN XIN YI,D9006106106194029721,BESEGAR FRESHMART SDN BHD,GENERAL TRADE,3100/B34,8/3/2024,INV0000004704,SO0000004751,,Inv,,68928385,LIPTON PACKET TEA EK 12X12X50G,Lipton,S,Confirmed,36,PC,259.2,64.8,0,0,0,0,64.8,
10003720,VILLY TRADING (M) SDN BHD,VT006,WAN XIN YI,D9006106106194029721,BESEGAR FRESHMART SDN BHD,GENERAL TRADE,3100/B34,8/3/2024,INV0000004704,SO0000004751,,Inv,,69566716,LIPTON PBAG KAW EK P20 24X(20X2.3G),Lipton,S,Confirmed,2,CS,67.2,134.4,0,0,0,0,134.4,
10003720,VILLY TRADING (M) SDN BHD,VT006,WAN XIN YI,D9006106106194029721,BESEGAR FRESHMART SDN BHD,GENERAL TRADE,3100/B34,8/3/2024,INV0000004704,SO0000004751,,Inv,,69566721,LIPTON PBAG KAW EK P40 24X(40X2.3G),Lipton,S,Confirmed,2,CS,127.2,254.4,0,0,0,0,254.4,
10003720,VILLY TRADING (M) SDN BHD,VT006,WAN XIN YI,D9006106106194029721,BESEGAR FRESHMART SDN BHD,GENERAL TRADE,3100/B34,8/3/2024,INV0000004704,SO0000004751,,Inv,,68928387,LIPTON PBAG EK P20 24X(20X2G),Lipton,S,Confirmed,2,CS,67.2,134.4,0,0,0,0,134.4,
10003720,VILLY TRADING (M) SDN BHD,VT006,WAN XIN YI,D9006106106194029721,BESEGAR FRESHMART SDN BHD,GENERAL TRADE,3100/B34,8/3/2024,INV0000004704,SO0000004751,,Inv,,69566706,LIPTON PBAG EK P80 24X(80X2G),Lipton,S,Confirmed,12,PC,218.4,109.2,0,0,0,0,109.2,
10003720,VILLY TRADING (M) SDN BHD,VT006,WAN XIN YI,D9006106106194029721,BESEGAR FRESHMART SDN BHD,GENERAL TRADE,3100/B34,8/3/2024,INV0000004704,SO0000004751,,Inv,,69566708,LIPTON PACKET TEA EK 72X200G,Lipton,S,Confirmed,24,PC,408.24,136.08,0,0,0,0,136.08,
10003720,VILLY TRADING (M) SDN BHD,VT002,TAN MEE LIN,D9036636636612000096,KEDAI UBAT CHIN ANN TONG,GENERAL TRADE,3000/C72,9/3/2024,INV0000004710,SO0000004757,,Inv,,68928387,LIPTON PBAG EK P20 24X(20X2G),Lipton,S,Confirmed,6,PC,67.2,16.8,0,0,0,0,16.8,
10003720,VILLY TRADING (M) SDN BHD,VT002,TAN MEE LIN,D9036636636612000096,KEDAI UBAT CHIN ANN TONG,GENERAL TRADE,3000/C72,9/3/2024,INV0000004710,SO0000004757,,Inv,,21182545,LIPTON YELLOW LABEL SIP2 12X50X2G,Lipton,S,Confirmed,3,PC,103.68,25.92,0,0,0,0,25.92,
10003720,VILLY TRADING (M) SDN BHD,VT004,YUKI LOH SOOK HAR,D9005705705704000239,BALAN MINI MARKET,GENERAL TRADE,3100/B07,9/3/2024,INV0000004723,SO0000004770,,Inv,,69566731,LIPTON PACKET TEA EK 36X400G,Lipton,S,Confirmed,12,PC,383.04,127.68,0,0,0,0,127.68,
10003720,VILLY TRADING (M) SDN BHD,VT006,WAN XIN YI,D9006106106104000485,PASARAYA MEGA INDAH SDN BHD,GENERAL TRADE,310P/043,11/3/2024,INV0000004745,SO0000004793,,Inv,,69566721,LIPTON PBAG KAW EK P40 24X(40X2.3G),Lipton,S,Confirmed,12,PC,127.2,63.6,0,0,0,0,63.6,
10003720,VILLY TRADING (M) SDN BHD,VT006,WAN XIN YI,D9006106106104000485,PASARAYA MEGA INDAH SDN BHD,GENERAL TRADE,310P/043,11/3/2024,INV0000004745,SO0000004793,,Inv,,69566716,LIPTON PBAG KAW EK P20 24X(20X2.3G),Lipton,S,Confirmed,12,PC,67.2,33.6,0,0,0,0,33.6,
10003720,VILLY TRADING (M) SDN BHD,VT006,WAN XIN YI,D9006106106104000485,PASARAYA MEGA INDAH SDN BHD,GENERAL TRADE,310P/043,11/3/2024,INV0000004745,SO0000004793,,Inv,,69566706,LIPTON PBAG EK P80 24X(80X2G),Lipton,S,Confirmed,12,PC,218.4,109.2,0,0,0,0,109.2,
10003720,VILLY TRADING (M) SDN BHD,VT006,WAN XIN YI,D9006106106104000485,PASARAYA MEGA INDAH SDN BHD,GENERAL TRADE,310P/043,11/3/2024,INV0000004745,SO0000004793,,Inv,,69566727,LIPTON PBAG KAW EK P80 24X(80X2.3G),Lipton,S,Confirmed,12,PC,218.4,109.2,0,0,0,0,109.2,
10003720,VILLY TRADING (M) SDN BHD,VT006,WAN XIN YI,D9006106106104000485,PASARAYA MEGA INDAH SDN BHD,GENERAL TRADE,310P/043,11/3/2024,INV0000004745,SO0000004793,,Inv,,68928385,LIPTON PACKET TEA EK 12X12X50G,Lipton,S,Confirmed,12,PC,259.2,21.6,0,0,0,0,21.6,
10003720,VILLY TRADING (M) SDN BHD,VT006,WAN XIN YI,D9006106106104000485,PASARAYA MEGA INDAH SDN BHD,GENERAL TRADE,310P/043,11/3/2024,INV0000004745,SO0000004793,,Inv,,68928387,LIPTON PBAG EK P20 24X(20X2G),Lipton,S,Confirmed,12,PC,67.2,33.6,0,0,0,0,33.6,
10003720,VILLY TRADING (M) SDN BHD,VT006,WAN XIN YI,D9006106106194025378,BINA SEJAHTERA MAJU,GENERAL TRADE,3100/B29,11/3/2024,INV0000004746,SO0000004792,,Inv,,69566727,LIPTON PBAG KAW EK P80 24X(80X2.3G),Lipton,S,Confirmed,6,PC,218.4,54.6,0,0,0,0,54.6,
10003720,VILLY TRADING (M) SDN BHD,VT006,WAN XIN YI,D9006106106194025378,BINA SEJAHTERA MAJU,GENERAL TRADE,3100/B29,11/3/2024,INV0000004746,SO0000004792,,Inv,,69566714,LIPTON PBAG EK P40 24X(40X2G),Lipton,S,Confirmed,12,PC,127.2,63.6,0,0,0,0,63.6,
10003720,VILLY TRADING (M) SDN BHD,VT006,WAN XIN YI,D9006106106194025378,BINA SEJAHTERA MAJU,GENERAL TRADE,3100/B29,11/3/2024,INV0000004746,SO0000004792,,Inv,,69566731,LIPTON PACKET TEA EK 36X400G,Lipton,S,Confirmed,6,PC,383.04,63.84,0,0,0,0,63.84,
10003720,VILLY TRADING (M) SDN BHD,VT006,WAN XIN YI,D9006106106194025378,BINA SEJAHTERA MAJU,GENERAL TRADE,3100/B29,11/3/2024,INV0000004746,SO0000004792,,Inv,,68928387,LIPTON PBAG EK P20 24X(20X2G),Lipton,S,Confirmed,12,PC,67.2,33.6,0,0,0,0,33.6,
10003720,VILLY TRADING (M) SDN BHD,VT006,WAN XIN YI,D9006106106194025378,BINA SEJAHTERA MAJU,GENERAL TRADE,3100/B29,11/3/2024,INV0000004746,SO0000004792,,Inv,,69566716,LIPTON PBAG KAW EK P20 24X(20X2.3G),Lipton,S,Confirmed,12,PC,67.2,33.6,0,0,0,0,33.6,
10003720,VILLY TRADING (M) SDN BHD,VT006,WAN XIN YI,D9006106106194025378,BINA SEJAHTERA MAJU,GENERAL TRADE,3100/B29,11/3/2024,INV0000004746,SO0000004792,,Inv,,69566706,LIPTON PBAG EK P80 24X(80X2G),Lipton,S,Confirmed,6,PC,218.4,54.6,0,0,0,0,54.6,
10003720,VILLY TRADING (M) SDN BHD,VT006,WAN XIN YI,D9006106106194025378,BINA SEJAHTERA MAJU,GENERAL TRADE,3100/B29,11/3/2024,INV0000004746,SO0000004792,,Inv,,69566708,LIPTON PACKET TEA EK 72X200G,Lipton,S,Confirmed,6,PC,408.24,34.02,0,0,0,0,34.02,
10003720,VILLY TRADING (M) SDN BHD,VT006,WAN XIN YI,D9006106106194025378,BINA SEJAHTERA MAJU,GENERAL TRADE,3100/B29,11/3/2024,INV0000004746,SO0000004792,,Inv,,21182545,LIPTON YELLOW LABEL SIP2 12X50X2G,Lipton,S,Confirmed,1,CS,103.68,103.68,0,0,0,0,103.68,
10003720,VILLY TRADING (M) SDN BHD,VT006,WAN XIN YI,D9006106106194025378,BINA SEJAHTERA MAJU,GENERAL TRADE,3100/B29,11/3/2024,INV0000004746,SO0000004792,,Inv,,69566721,LIPTON PBAG KAW EK P40 24X(40X2.3G),Lipton,S,Confirmed,12,PC,127.2,63.6,0,0,0,0,63.6,
10003720,VILLY TRADING (M) SDN BHD,VT006,WAN XIN YI,D9005305305305000121,CS GROCER SDN.BHD.,MODERN TRADE,3100/C59,12/3/2024,INV0000004763,SO0000004811,,Inv,,68928387,LIPTON PBAG EK P20 24X(20X2G),Lipton,S,Confirmed,3,CS,67.2,201.6,0,0,0,0,201.6,
10003720,VILLY TRADING (M) SDN BHD,VT006,WAN XIN YI,D9005305305305000121,CS GROCER SDN.BHD.,MODERN TRADE,3100/C59,12/3/2024,INV0000004763,SO0000004811,,Inv,,69566716,LIPTON PBAG KAW EK P20 24X(20X2.3G),Lipton,S,Confirmed,3,CS,67.2,201.6,0,0,0,0,201.6,
10003720,VILLY TRADING (M) SDN BHD,VT006,WAN XIN YI,D9005305305305000121,CS GROCER SDN.BHD.,MODERN TRADE,3100/C59,12/3/2024,INV0000004763,SO0000004811,,Inv,,21182545,LIPTON YELLOW LABEL SIP2 12X50X2G,Lipton,S,Confirmed,3,CS,103.68,311.04,0,0,0,0,311.04,
10003720,VILLY TRADING (M) SDN BHD,VT006,WAN XIN YI,D9005305305305000121,CS GROCER SDN.BHD.,MODERN TRADE,3100/C59,12/3/2024,INV0000004763,SO0000004811,,Inv,,68928385,LIPTON PACKET TEA EK 12X12X50G,Lipton,S,Confirmed,12,PC,259.2,21.6,0,0,0,0,21.6,
10003720,VILLY TRADING (M) SDN BHD,VT004,YUKI LOH SOOK HAR,D9005705705704000331,RIAS MINI MARKET,GENERAL TRADE,3100/R03,12/3/2024,INV0000004765,SO0000004815,,Inv,,21182545,LIPTON YELLOW LABEL SIP2 12X50X2G,Lipton,S,Confirmed,12,PC,103.68,103.68,0,0,0,0,103.68,
10003720,VILLY TRADING (M) SDN BHD,VT004,YUKI LOH SOOK HAR,D9005705705704000331,RIAS MINI MARKET,GENERAL TRADE,3100/R03,12/3/2024,INV0000004765,SO0000004815,,Inv,,69566708,LIPTON PACKET TEA EK 72X200G,Lipton,S,Confirmed,12,PC,408.24,68.04,0,0,0,0,68.04,
10003720,VILLY TRADING (M) SDN BHD,VT004,YUKI LOH SOOK HAR,D9005705705704000331,RIAS MINI MARKET,GENERAL TRADE,3100/R03,12/3/2024,INV0000004765,SO0000004815,,Inv,,68928385,LIPTON PACKET TEA EK 12X12X50G,Lipton,S,Confirmed,12,PC,259.2,21.6,0,0,0,0,21.6,
10003720,VILLY TRADING (M) SDN BHD,VT004,YUKI LOH SOOK HAR,D9005705705704000331,RIAS MINI MARKET,GENERAL TRADE,3100/R03,12/3/2024,INV0000004765,SO0000004815,,Inv,,68928387,LIPTON PBAG EK P20 24X(20X2G),Lipton,F,Confirmed,1,PC,0,0,0,0,0,0,0,
10003720,VILLY TRADING (M) SDN BHD,VT004,YUKI LOH SOOK HAR,D9005705705704000331,RIAS MINI MARKET,GENERAL TRADE,3100/R03,12/3/2024,INV0000004765,SO0000004815,,Inv,,69566706,LIPTON PBAG EK P80 24X(80X2G),Lipton,F,Confirmed,1,PC,0,0,0,0,0,0,0,
10003720,VILLY TRADING (M) SDN BHD,VT004,YUKI LOH SOOK HAR,D9005705705704000331,RIAS MINI MARKET,GENERAL TRADE,3100/R03,12/3/2024,INV0000004765,SO0000004815,,Inv,,68928387,LIPTON PBAG EK P20 24X(20X2G),Lipton,S,Confirmed,23,PC,67.2,64.4,0,0,0,0,64.4,
10003720,VILLY TRADING (M) SDN BHD,VT004,YUKI LOH SOOK HAR,D9005705705704000331,RIAS MINI MARKET,GENERAL TRADE,3100/R03,12/3/2024,INV0000004765,SO0000004815,,Inv,,69566706,LIPTON PBAG EK P80 24X(80X2G),Lipton,S,Confirmed,23,PC,218.4,209.3,0,0,0,0,209.3,
10003720,VILLY TRADING (M) SDN BHD,VT004,YUKI LOH SOOK HAR,D9005705705706000049,PERNIAGAAN BEE HIN,GENERAL TRADE,310P/067,12/3/2024,INV0000004767,SO0000004813,,Inv,,21182545,LIPTON YELLOW LABEL SIP2 12X50X2G,Lipton,S,Confirmed,12,PC,103.68,103.68,0,0,0,0,103.68,
10003720,VILLY TRADING (M) SDN BHD,VT006,WAN XIN YI,D9037937937912000464,TWENTY TEN GLOBAL ENTERPRISE,GENERAL TRADE,TWE001,2/3/2024,INV0000004582,SO0000004629,,Inv,,69566708,LIPTON PACKET TEA EK 72X200G,Lipton,S,Confirmed,3,PC,408.24,17.01,0,0,0,0,17.01,
10003720,VILLY TRADING (M) SDN BHD,VT006,WAN XIN YI,D9037937937912000464,TWENTY TEN GLOBAL ENTERPRISE,GENERAL TRADE,TWE001,2/3/2024,INV0000004582,SO0000004629,,Inv,,68928385,LIPTON PACKET TEA EK 12X12X50G,Lipton,S,Confirmed,3,PC,259.2,5.4,0,0,0,0,5.4,
10003720,VILLY TRADING (M) SDN BHD,VT006,WAN XIN YI,D9037937937912000464,TWENTY TEN GLOBAL ENTERPRISE,GENERAL TRADE,TWE001,2/3/2024,INV0000004582,SO0000004629,,Inv,,68928387,LIPTON PBAG EK P20 24X(20X2G),Lipton,S,Confirmed,6,PC,67.2,16.8,0,0,0,0,16.8,
10003720,VILLY TRADING (M) SDN BHD,VT006,WAN XIN YI,CT0000000219,KK EGGS TRADING SDN BHD (KK MART) S2,GENERAL TRADE,310K/023,2/3/2024,INV0000004601,SO0000004647,,Inv,,21182545,LIPTON YELLOW LABEL SIP2 12X50X2G,Lipton,S,Confirmed,6,PC,103.68,51.84,0,0,0,0,51.84,
10003720,VILLY TRADING (M) SDN BHD,VT001,TAY HUNG GUAN,D9036636636694023632,KESIDANG FAMILY STORE SDN. BHD.,MODERN TRADE,300K/521,7/3/2024,INV0000004678,SO0000004727,,Inv,,21182545,LIPTON YELLOW LABEL SIP2 12X50X2G,Lipton,S,Confirmed,3,CS,103.68,311.04,0,0,0,0,311.04,
10003720,VILLY TRADING (M) SDN BHD,VT006,WAN XIN YI,CT0000000218,KK EGGS TRADING SDN BHD (KK MART) NILAI,GENERAL TRADE,310K/024,9/3/2024,INV0000004724,SO0000004772,,Inv,,68928387,LIPTON PBAG EK P20 24X(20X2G),Lipton,S,Confirmed,6,PC,67.2,16.8,0,0,0,0,16.8,
10003720,VILLY TRADING (M) SDN BHD,VT006,WAN XIN YI,CT0000000218,KK EGGS TRADING SDN BHD (KK MART) NILAI,GENERAL TRADE,310K/024,9/3/2024,INV0000004724,SO0000004772,,Inv,,69566727,LIPTON PBAG KAW EK P80 24X(80X2.3G),Lipton,S,Confirmed,3,PC,218.4,27.3,0,0,0,0,27.3,
10003720,VILLY TRADING (M) SDN BHD,VT006,WAN XIN YI,CT0000000218,KK EGGS TRADING SDN BHD (KK MART) NILAI,GENERAL TRADE,310K/024,9/3/2024,INV0000004724,SO0000004772,,Inv,,69566721,LIPTON PBAG KAW EK P40 24X(40X2.3G),Lipton,S,Confirmed,6,PC,127.2,31.8,0,0,0,0,31.8,
10003720,VILLY TRADING (M) SDN BHD,VT006,WAN XIN YI,D9005305305394010666,MDK HOSSAN ENTERPRISE (NOOR SUPER MINI MARKET),GENERAL TRADE,3100/M72,9/3/2024,INV0000004725,SO0000004771,,Inv,,21182545,LIPTON YELLOW LABEL SIP2 12X50X2G,Lipton,S,Confirmed,1,CS,103.68,103.68,0,0,0,0,103.68,
10003720,VILLY TRADING (M) SDN BHD,VT001,TAY HUNG GUAN,D9037437437412000379,JASIN POINT(NEW-BEMBAN),GENERAL TRADE,3000/J30,11/3/2024,INV0000004739,SO0000004788,,Inv,,68928387,LIPTON PBAG EK P20 24X(20X2G),Lipton,F,Confirmed,36,PC,0,0,0,0,0,0,0,
10003720,VILLY TRADING (M) SDN BHD,VT001,TAY HUNG GUAN,D9037437437412000379,JASIN POINT(NEW-BEMBAN),GENERAL TRADE,3000/J30,11/3/2024,INV0000004739,SO0000004788,,Inv,,68928387,LIPTON PBAG EK P20 24X(20X2G),Lipton,S,Confirmed,18,CS,67.2,1209.6,0,0,0,0,1209.6,
10003720,VILLY TRADING (M) SDN BHD,VT001,TAY HUNG GUAN,D9037437437412000379,JASIN POINT(NEW-BEMBAN),GENERAL TRADE,3000/J30,11/3/2024,INV0000004739,SO0000004788,,Inv,,69566721,LIPTON PBAG KAW EK P40 24X(40X2.3G),Lipton,F,Confirmed,30,PC,0,0,0,0,0,0,0,
10003720,VILLY TRADING (M) SDN BHD,VT001,TAY HUNG GUAN,D9037437437412000379,JASIN POINT(NEW-BEMBAN),GENERAL TRADE,3000/J30,11/3/2024,INV0000004739,SO0000004788,,Inv,,69566714,LIPTON PBAG EK P40 24X(40X2G),Lipton,S,Confirmed,8,CS,127.2,1017.6,0,0,0,0,1017.6,
10003720,VILLY TRADING (M) SDN BHD,VT001,TAY HUNG GUAN,D9037437437412000379,JASIN POINT(NEW-BEMBAN),GENERAL TRADE,3000/J30,11/3/2024,INV0000004739,SO0000004788,,Inv,,69566721,LIPTON PBAG KAW EK P40 24X(40X2.3G),Lipton,S,Confirmed,7,CS,127.2,890.4,0,0,0,0,890.4,
10003720,VILLY TRADING (M) SDN BHD,VT001,TAY HUNG GUAN,D9037437437412000379,JASIN POINT(NEW-BEMBAN),GENERAL TRADE,3000/J30,11/3/2024,INV0000004739,SO0000004788,,Inv,,21182545,LIPTON YELLOW LABEL SIP2 12X50X2G,Lipton,S,Confirmed,3,CS,103.68,311.04,0,0,0,0,311.04,
10003720,VILLY TRADING (M) SDN BHD,VT001,TAY HUNG GUAN,D9038038038094014691,PASARAYA SEJATI (TELOK MAS ) SDN. BHD. (SAT CLOSE),GENERAL TRADE,300P/193,11/3/2024,INV0000004740,SO0000004787,,Inv,,69566714,LIPTON PBAG EK P40 24X(40X2G),Lipton,F,Confirmed,8,PC,0,0,0,0,0,0,0,
10003720,VILLY TRADING (M) SDN BHD,VT001,TAY HUNG GUAN,D9038038038094014691,PASARAYA SEJATI (TELOK MAS ) SDN. BHD. (SAT CLOSE),GENERAL TRADE,300P/193,11/3/2024,INV0000004740,SO0000004787,,Inv,,69566721,LIPTON PBAG KAW EK P40 24X(40X2.3G),Lipton,F,Confirmed,3,PC,0,0,0,0,0,0,0,
10003720,VILLY TRADING (M) SDN BHD,VT001,TAY HUNG GUAN,D9038038038094014691,PASARAYA SEJATI (TELOK MAS ) SDN. BHD. (SAT CLOSE),GENERAL TRADE,300P/193,11/3/2024,INV0000004740,SO0000004787,,Inv,,69566721,LIPTON PBAG KAW EK P40 24X(40X2.3G),Lipton,S,Confirmed,69,PC,127.2,365.7,0,0,0,0,365.7,
10003720,VILLY TRADING (M) SDN BHD,VT001,TAY HUNG GUAN,D9038038038094014691,PASARAYA SEJATI (TELOK MAS ) SDN. BHD. (SAT CLOSE),GENERAL TRADE,300P/193,11/3/2024,INV0000004740,SO0000004787,,Inv,,69566714,LIPTON PBAG EK P40 24X(40X2G),Lipton,S,Confirmed,69,PC,127.2,365.7,0,0,0,0,365.7,
10003720,VILLY TRADING (M) SDN BHD,VT001,TAY HUNG GUAN,D9037437437413000230,JASIN SHOPPING CENTRE SDN BHD,MODERN TRADE,3000/J26,11/3/2024,INV0000004741,SO0000004786,,Inv,,69566708,LIPTON PACKET TEA EK 72X200G,Lipton,S,Confirmed,12,PC,408.24,68.04,0,0,0,0,68.04,
10003720,VILLY TRADING (M) SDN BHD,VT001,TAY HUNG GUAN,D9037437437413000230,JASIN SHOPPING CENTRE SDN BHD,MODERN TRADE,3000/J26,11/3/2024,INV0000004741,SO0000004786,,Inv,,21182545,LIPTON YELLOW LABEL SIP2 12X50X2G,Lipton,S,Confirmed,2,CS,103.68,207.36,0,0,0,0,207.36,
10003720,VILLY TRADING (M) SDN BHD,VT001,TAY HUNG GUAN,D9038038038012000329,CHOP PENG SENG,GENERAL TRADE,300C/174,12/3/2024,INV0000004751,SO0000004804,,Inv,,69566721,LIPTON PBAG KAW EK P40 24X(40X2.3G),Lipton,S,Confirmed,115,PC,127.2,609.5,0,0,0,0,609.5,
10003720,VILLY TRADING (M) SDN BHD,VT001,TAY HUNG GUAN,D9038038038012000329,CHOP PENG SENG,GENERAL TRADE,300C/174,12/3/2024,INV0000004751,SO0000004804,,Inv,,68928387,LIPTON PBAG EK P20 24X(20X2G),Lipton,F,Confirmed,10,PC,0,0,0,0,0,0,0,
10003720,VILLY TRADING (M) SDN BHD,VT001,TAY HUNG GUAN,D9038038038012000329,CHOP PENG SENG,GENERAL TRADE,300C/174,12/3/2024,INV0000004751,SO0000004804,,Inv,,69566714,LIPTON PBAG EK P40 24X(40X2G),Lipton,S,Confirmed,115,PC,127.2,609.5,0,0,0,0,609.5,
10003720,VILLY TRADING (M) SDN BHD,VT001,TAY HUNG GUAN,D9038038038012000329,CHOP PENG SENG,GENERAL TRADE,300C/174,12/3/2024,INV0000004751,SO0000004804,,Inv,,69566721,LIPTON PBAG KAW EK P40 24X(40X2.3G),Lipton,F,Confirmed,10,PC,0,0,0,0,0,0,0,
10003720,VILLY TRADING (M) SDN BHD,VT001,TAY HUNG GUAN,D9038038038012000329,CHOP PENG SENG,GENERAL TRADE,300C/174,12/3/2024,INV0000004751,SO0000004804,,Inv,,69566716,LIPTON PBAG KAW EK P20 24X(20X2.3G),Lipton,S,Confirmed,115,PC,67.2,322,0,0,0,0,322,
10003720,VILLY TRADING (M) SDN BHD,VT001,TAY HUNG GUAN,D9038038038012000329,CHOP PENG SENG,GENERAL TRADE,300C/174,12/3/2024,INV0000004751,SO0000004804,,Inv,,68928387,LIPTON PBAG EK P20 24X(20X2G),Lipton,S,Confirmed,115,PC,67.2,322,0,0,0,0,322,
10003720,VILLY TRADING (M) SDN BHD,VT001,TAY HUNG GUAN,D9038038038012000329,CHOP PENG SENG,GENERAL TRADE,300C/174,12/3/2024,INV0000004751,SO0000004804,,Inv,,69566714,LIPTON PBAG EK P40 24X(40X2G),Lipton,F,Confirmed,9,PC,0,0,0,0,0,0,0,
10003720,VILLY TRADING (M) SDN BHD,VT001,TAY HUNG GUAN,D9038038038012000329,CHOP PENG SENG,GENERAL TRADE,300C/174,12/3/2024,INV0000004751,SO0000004804,,Inv,,69566716,LIPTON PBAG KAW EK P20 24X(20X2.3G),Lipton,F,Confirmed,9,PC,0,0,0,0,0,0,0,
10003720,VILLY TRADING (M) SDN BHD,VT001,TAY HUNG GUAN,D9038738738712000008,HONG HENG MINI MART ( THU CLOSE ),GENERAL TRADE,3000/H74,12/3/2024,INV0000004757,SO0000004806,,Inv,,68928387,LIPTON PBAG EK P20 24X(20X2G),Lipton,F,Confirmed,1,PC,0,0,0,0,0,0,0,
10003720,VILLY TRADING (M) SDN BHD,VT001,TAY HUNG GUAN,D9038738738712000008,HONG HENG MINI MART ( THU CLOSE ),GENERAL TRADE,3000/H74,12/3/2024,INV0000004757,SO0000004806,,Inv,,68928387,LIPTON PBAG EK P20 24X(20X2G),Lipton,S,Confirmed,23,PC,67.2,64.4,0,0,0,0,64.4,
10003720,VILLY TRADING (M) SDN BHD,VT001,TAY HUNG GUAN,D9038738738712000008,HONG HENG MINI MART ( THU CLOSE ),GENERAL TRADE,3000/H74,12/3/2024,INV0000004757,SO0000004806,,Inv,,69566714,LIPTON PBAG EK P40 24X(40X2G),Lipton,S,Confirmed,23,PC,127.2,121.9,0,0,0,0,121.9,
10003720,VILLY TRADING (M) SDN BHD,VT001,TAY HUNG GUAN,D9038738738712000008,HONG HENG MINI MART ( THU CLOSE ),GENERAL TRADE,3000/H74,12/3/2024,INV0000004757,SO0000004806,,Inv,,69566714,LIPTON PBAG EK P40 24X(40X2G),Lipton,F,Confirmed,1,PC,0,0,0,0,0,0,0,
10003720,VILLY TRADING (M) SDN BHD,VT001,TAY HUNG GUAN,D9038738738712000008,HONG HENG MINI MART ( THU CLOSE ),GENERAL TRADE,3000/H74,12/3/2024,INV0000004758,SO0000004805,,Inv,,21182545,LIPTON YELLOW LABEL SIP2 12X50X2G,Lipton,S,Confirmed,1,CS,103.68,103.68,0,0,0,0,103.68,
10003720,VILLY TRADING (M) SDN BHD,VT001,TAY HUNG GUAN,D9038038038012000329,CHOP PENG SENG,GENERAL TRADE,300C/174,12/3/2024,INV0000004762,SO0000004810,,Inv,,69566716,LIPTON PBAG KAW EK P20 24X(20X2.3G),Lipton,F,Confirmed,12,PC,0,0,0,0,0,0,0,
10003720,VILLY TRADING (M) SDN BHD,VT001,TAY HUNG GUAN,D9038038038012000329,CHOP PENG SENG,GENERAL TRADE,300C/174,12/3/2024,INV0000004762,SO0000004810,,Inv,,69566721,LIPTON PBAG KAW EK P40 24X(40X2.3G),Lipton,S,Confirmed,115,PC,127.2,609.5,0,0,0,0,609.5,
10003720,VILLY TRADING (M) SDN BHD,VT001,TAY HUNG GUAN,D9038038038012000329,CHOP PENG SENG,GENERAL TRADE,300C/174,12/3/2024,INV0000004762,SO0000004810,,Inv,,68928387,LIPTON PBAG EK P20 24X(20X2G),Lipton,F,Confirmed,24,PC,0,0,0,0,0,0,0,
10003720,VILLY TRADING (M) SDN BHD,VT001,TAY HUNG GUAN,D9038038038012000329,CHOP PENG SENG,GENERAL TRADE,300C/174,12/3/2024,INV0000004762,SO0000004810,,Inv,,69566716,LIPTON PBAG KAW EK P20 24X(20X2.3G),Lipton,S,Confirmed,8,CS,67.2,537.6,0,0,0,0,537.6,
10003720,VILLY TRADING (M) SDN BHD,VT001,TAY HUNG GUAN,D9038038038012000329,CHOP PENG SENG,GENERAL TRADE,300C/174,12/3/2024,INV0000004762,SO0000004810,,Inv,,68928387,LIPTON PBAG EK P20 24X(20X2G),Lipton,S,Confirmed,10,CS,67.2,672,0,0,0,0,672,
10003720,VILLY TRADING (M) SDN BHD,VT001,TAY HUNG GUAN,D9038038038012000329,CHOP PENG SENG,GENERAL TRADE,300C/174,12/3/2024,INV0000004762,SO0000004810,,Inv,,69566714,LIPTON PBAG EK P40 24X(40X2G),Lipton,F,Confirmed,10,PC,0,0,0,0,0,0,0,
10003720,VILLY TRADING (M) SDN BHD,VT001,TAY HUNG GUAN,D9038038038012000329,CHOP PENG SENG,GENERAL TRADE,300C/174,12/3/2024,INV0000004762,SO0000004810,,Inv,,69566721,LIPTON PBAG KAW EK P40 24X(40X2.3G),Lipton,F,Confirmed,9,PC,0,0,0,0,0,0,0,
10003720,VILLY TRADING (M) SDN BHD,VT001,TAY HUNG GUAN,D9038038038012000329,CHOP PENG SENG,GENERAL TRADE,300C/174,12/3/2024,INV0000004762,SO0000004810,,Inv,,69566714,LIPTON PBAG EK P40 24X(40X2G),Lipton,S,Confirmed,115,PC,127.2,609.5,0,0,0,0,609.5,
10003720,VILLY TRADING (M) SDN BHD,VT001,TAY HUNG GUAN,D9036636636694024427,PASAR MINI MOHD SALLEH,GENERAL TRADE,3000/M38,1/3/2024,INV0000004532,SO0000004585,,Inv,,68928387,LIPTON PBAG EK P20 24X(20X2G),Lipton,S,Confirmed,12,PC,67.2,33.6,0,0,0,0,33.6,
10003720,VILLY TRADING (M) SDN BHD,VT001,TAY HUNG GUAN,D9036636636694024427,PASAR MINI MOHD SALLEH,GENERAL TRADE,3000/M38,1/3/2024,INV0000004532,SO0000004585,,Inv,,21182545,LIPTON YELLOW LABEL SIP2 12X50X2G,Lipton,S,Confirmed,1,CS,103.68,103.68,0,0,0,0,103.68,
10003720,VILLY TRADING (M) SDN BHD,VT001,TAY HUNG GUAN,D9036636636694024427,PASAR MINI MOHD SALLEH,GENERAL TRADE,3000/M38,1/3/2024,INV0000004532,SO0000004585,,Inv,,69566706,LIPTON PBAG EK P80 24X(80X2G),Lipton,S,Confirmed,12,PC,218.4,109.2,0,0,0,0,109.2,
10003720,VILLY TRADING (M) SDN BHD,VT001,TAY HUNG GUAN,D9036636636694024427,PASAR MINI MOHD SALLEH,GENERAL TRADE,3000/M38,1/3/2024,INV0000004532,SO0000004585,,Inv,,69566716,LIPTON PBAG KAW EK P20 24X(20X2.3G),Lipton,S,Confirmed,12,PC,67.2,33.6,0,0,0,0,33.6,
10003720,VILLY TRADING (M) SDN BHD,VT001,TAY HUNG GUAN,D9036636636694024427,PASAR MINI MOHD SALLEH,GENERAL TRADE,3000/M38,1/3/2024,INV0000004532,SO0000004585,,Inv,,69566721,LIPTON PBAG KAW EK P40 24X(40X2.3G),Lipton,S,Confirmed,12,PC,127.2,63.6,0,0,0,0,63.6,
10003720,VILLY TRADING (M) SDN BHD,VT001,TAY HUNG GUAN,D9036636636694024427,PASAR MINI MOHD SALLEH,GENERAL TRADE,3000/M38,1/3/2024,INV0000004532,SO0000004585,,Inv,,69566714,LIPTON PBAG EK P40 24X(40X2G),Lipton,S,Confirmed,12,PC,127.2,63.6,0,0,0,0,63.6,
10003720,VILLY TRADING (M) SDN BHD,VT001,TAY HUNG GUAN,D9036636636694024427,PASAR MINI MOHD SALLEH,GENERAL TRADE,3000/M38,1/3/2024,INV0000004532,SO0000004585,,Inv,,69566727,LIPTON PBAG KAW EK P80 24X(80X2.3G),Lipton,S,Confirmed,12,PC,218.4,109.2,0,0,0,0,109.2,
10003720,VILLY TRADING (M) SDN BHD,VT001,TAY HUNG GUAN,D9038038038012000393,KUALITI MEKAR SDN. BHD. (SAT CLOSE),GENERAL TRADE,300K/132,1/3/2024,INV0000004533,SO0000004584,,Inv,,69566727,LIPTON PBAG KAW EK P80 24X(80X2.3G),Lipton,S,Confirmed,6,PC,218.4,54.6,0,0,0,0,54.6,
10003720,VILLY TRADING (M) SDN BHD,VT001,TAY HUNG GUAN,D9038038038012000393,KUALITI MEKAR SDN. BHD. (SAT CLOSE),GENERAL TRADE,300K/132,1/3/2024,INV0000004533,SO0000004584,,Inv,,68928387,LIPTON PBAG EK P20 24X(20X2G),Lipton,S,Confirmed,12,PC,67.2,33.6,0,0,0,0,33.6,
10003720,VILLY TRADING (M) SDN BHD,VT001,TAY HUNG GUAN,D9038038038012000393,KUALITI MEKAR SDN. BHD. (SAT CLOSE),GENERAL TRADE,300K/132,1/3/2024,INV0000004533,SO0000004584,,Inv,,69566716,LIPTON PBAG KAW EK P20 24X(20X2.3G),Lipton,S,Confirmed,12,PC,67.2,33.6,0,0,0,0,33.6,
10003720,VILLY TRADING (M) SDN BHD,VT001,TAY HUNG GUAN,D9038038038012000393,KUALITI MEKAR SDN. BHD. (SAT CLOSE),GENERAL TRADE,300K/132,1/3/2024,INV0000004533,SO0000004584,,Inv,,69566721,LIPTON PBAG KAW EK P40 24X(40X2.3G),Lipton,S,Confirmed,12,PC,127.2,63.6,0,0,0,0,63.6,
10003720,VILLY TRADING (M) SDN BHD,VT001,TAY HUNG GUAN,D9038038038012000393,KUALITI MEKAR SDN. BHD. (SAT CLOSE),GENERAL TRADE,300K/132,1/3/2024,INV0000004533,SO0000004584,,Inv,,69566714,LIPTON PBAG EK P40 24X(40X2G),Lipton,S,Confirmed,12,PC,127.2,63.6,0,0,0,0,63.6,
10003720,VILLY TRADING (M) SDN BHD,VT001,TAY HUNG GUAN,D9037437437412000379,JASIN POINT(NEW-BEMBAN),GENERAL TRADE,3000/J30,1/3/2024,INV0000004534,SO0000004580,,Inv,,69566721,LIPTON PBAG KAW EK P40 24X(40X2.3G),Lipton,S,Confirmed,6,CS,127.2,763.2,0,0,0,0,763.2,
10003720,VILLY TRADING (M) SDN BHD,VT001,TAY HUNG GUAN,D9037437437412000379,JASIN POINT(NEW-BEMBAN),GENERAL TRADE,3000/J30,1/3/2024,INV0000004534,SO0000004580,,Inv,,68928387,LIPTON PBAG EK P20 24X(20X2G),Lipton,S,Confirmed,19,CS,67.2,1276.8,0,0,0,0,1276.8,
10003720,VILLY TRADING (M) SDN BHD,VT001,TAY HUNG GUAN,D9037437437412000379,JASIN POINT(NEW-BEMBAN),GENERAL TRADE,3000/J30,1/3/2024,INV0000004534,SO0000004580,,Inv,,69566714,LIPTON PBAG EK P40 24X(40X2G),Lipton,S,Confirmed,13,CS,127.2,1653.6,0,0,0,0,1653.6,
10003720,VILLY TRADING (M) SDN BHD,VT001,TAY HUNG GUAN,D9037437437413000299,SHENG LEONG TRADING,GENERAL TRADE,300S/187,1/3/2024,INV0000004536,SO0000004582,,Inv,,69566714,LIPTON PBAG EK P40 24X(40X2G),Lipton,S,Confirmed,12,PC,127.2,63.6,0,0,0,0,63.6,
10003720,VILLY TRADING (M) SDN BHD,VT001,TAY HUNG GUAN,D9037437437413000299,SHENG LEONG TRADING,GENERAL TRADE,300S/187,1/3/2024,INV0000004536,SO0000004582,,Inv,,68928387,LIPTON PBAG EK P20 24X(20X2G),Lipton,S,Confirmed,12,PC,67.2,33.6,0,0,0,0,33.6,
10003720,VILLY TRADING (M) SDN BHD,VT001,TAY HUNG GUAN,D9037437437413000299,SHENG LEONG TRADING,GENERAL TRADE,300S/187,1/3/2024,INV0000004536,SO0000004582,,Inv,,68928385,LIPTON PACKET TEA EK 12X12X50G,Lipton,S,Confirmed,12,PC,259.2,21.6,0,0,0,0,21.6,
10003720,VILLY TRADING (M) SDN BHD,VT001,TAY HUNG GUAN,D9037437437413000299,SHENG LEONG TRADING,GENERAL TRADE,300S/187,1/3/2024,INV0000004536,SO0000004582,,Inv,,69566727,LIPTON PBAG KAW EK P80 24X(80X2.3G),Lipton,S,Confirmed,12,PC,218.4,109.2,0,0,0,0,109.2,
10003720,VILLY TRADING (M) SDN BHD,VT001,TAY HUNG GUAN,D9037137137112000017,RANJINI (M) SDN BHD,MODERN TRADE,3000/R02,1/3/2024,INV0000004538,SO0000004581,,Inv,,69566714,LIPTON PBAG EK P40 24X(40X2G),Lipton,S,Confirmed,12,PC,127.2,63.6,0,0,0,0,63.6,
10003720,VILLY TRADING (M) SDN BHD,VT001,TAY HUNG GUAN,D9037137137112000017,RANJINI (M) SDN BHD,MODERN TRADE,3000/R02,1/3/2024,INV0000004538,SO0000004581,,Inv,,21182542,LIPTON YELLOW LABEL SIP2 36X100X2G,Lipton,S,Confirmed,6,PC,536.4,89.4,0,0,0,0,89.4,
10003720,VILLY TRADING (M) SDN BHD,VT001,TAY HUNG GUAN,D9037137137112000017,RANJINI (M) SDN BHD,MODERN TRADE,3000/R02,1/3/2024,INV0000004538,SO0000004581,,Inv,,69566716,LIPTON PBAG KAW EK P20 24X(20X2.3G),Lipton,S,Confirmed,12,PC,67.2,33.6,0,0,0,0,33.6,
10003720,VILLY TRADING (M) SDN BHD,VT001,TAY HUNG GUAN,D9037137137112000017,RANJINI (M) SDN BHD,MODERN TRADE,3000/R02,1/3/2024,INV0000004538,SO0000004581,,Inv,,68928387,LIPTON PBAG EK P20 24X(20X2G),Lipton,S,Confirmed,12,PC,67.2,33.6,0,0,0,0,33.6,
10003720,VILLY TRADING (M) SDN BHD,VT001,TAY HUNG GUAN,D9037137137112000017,RANJINI (M) SDN BHD,MODERN TRADE,3000/R02,1/3/2024,INV0000004538,SO0000004581,,Inv,,69566721,LIPTON PBAG KAW EK P40 24X(40X2.3G),Lipton,S,Confirmed,12,PC,127.2,63.6,0,0,0,0,63.6,
10003720,VILLY TRADING (M) SDN BHD,VT001,TAY HUNG GUAN,D9037137137112000017,RANJINI (M) SDN BHD,MODERN TRADE,3000/R02,1/3/2024,INV0000004538,SO0000004581,,Inv,,21182545,LIPTON YELLOW LABEL SIP2 12X50X2G,Lipton,S,Confirmed,1,CS,103.68,103.68,0,0,0,0,103.68,
10003720,VILLY TRADING (M) SDN BHD,VT001,TAY HUNG GUAN,D9038038038094012970,PASARAYA MERLIMAU POINT,GENERAL TRADE,300P/198,1/3/2024,INV0000004539,SO0000004583,,Inv,,21182545,LIPTON YELLOW LABEL SIP2 12X50X2G,Lipton,S,Confirmed,2,CS,103.68,207.36,0,0,0,0,207.36,
10003720,VILLY TRADING (M) SDN BHD,VT001,TAY HUNG GUAN,D9038038038094012970,PASARAYA MERLIMAU POINT,GENERAL TRADE,300P/198,1/3/2024,INV0000004539,SO0000004583,,Inv,,69566727,LIPTON PBAG KAW EK P80 24X(80X2.3G),Lipton,S,Confirmed,9,CS,218.4,1965.6,0,0,0,0,1965.6,
10003720,VILLY TRADING (M) SDN BHD,VT001,TAY HUNG GUAN,D9038038038094012970,PASARAYA MERLIMAU POINT,GENERAL TRADE,300P/198,1/3/2024,INV0000004539,SO0000004583,,Inv,,69566721,LIPTON PBAG KAW EK P40 24X(40X2.3G),Lipton,S,Confirmed,9,CS,127.2,1144.8,0,0,0,0,1144.8,
10003720,VILLY TRADING (M) SDN BHD,VT001,TAY HUNG GUAN,D9038038038094012970,PASARAYA MERLIMAU POINT,GENERAL TRADE,300P/198,1/3/2024,INV0000004539,SO0000004583,,Inv,,68928387,LIPTON PBAG EK P20 24X(20X2G),Lipton,S,Confirmed,15,CS,67.2,1008,0,0,0,0,1008,
10003720,VILLY TRADING (M) SDN BHD,VT001,TAY HUNG GUAN,D9038038038094012970,PASARAYA MERLIMAU POINT,GENERAL TRADE,300P/198,1/3/2024,INV0000004539,SO0000004583,,Inv,,69566714,LIPTON PBAG EK P40 24X(40X2G),Lipton,S,Confirmed,10,CS,127.2,1272,0,0,0,0,1272,
10003720,VILLY TRADING (M) SDN BHD,VT001,TAY HUNG GUAN,D9038038038094012970,PASARAYA MERLIMAU POINT,GENERAL TRADE,300P/198,1/3/2024,INV0000004539,SO0000004583,,Inv,,69566706,LIPTON PBAG EK P80 24X(80X2G),Lipton,S,Confirmed,10,CS,218.4,2184,0,0,0,0,2184,
10003720,VILLY TRADING (M) SDN BHD,VT001,TAY HUNG GUAN,D9038038038094012970,PASARAYA MERLIMAU POINT,GENERAL TRADE,300P/198,1/3/2024,INV0000004539,SO0000004583,,Inv,,69566716,LIPTON PBAG KAW EK P20 24X(20X2.3G),Lipton,S,Confirmed,4,CS,67.2,268.8,0,0,0,0,268.8,
10003720,VILLY TRADING (M) SDN BHD,VT001,TAY HUNG GUAN,D9038038038094014691,PASARAYA SEJATI (TELOK MAS ) SDN. BHD. (SAT CLOSE),GENERAL TRADE,300P/193,1/3/2024,INV0000004545,SO0000004588,,Inv,,21182545,LIPTON YELLOW LABEL SIP2 12X50X2G,Lipton,S,Confirmed,1,CS,103.68,103.68,0,0,0,0,103.68,
10003720,VILLY TRADING (M) SDN BHD,VT001,TAY HUNG GUAN,D9038038038094014691,PASARAYA SEJATI (TELOK MAS ) SDN. BHD. (SAT CLOSE),GENERAL TRADE,300P/193,1/3/2024,INV0000004545,SO0000004588,,Inv,,69566716,LIPTON PBAG KAW EK P20 24X(20X2.3G),Lipton,S,Confirmed,1,CS,67.2,67.2,0,0,0,0,67.2,
10003720,VILLY TRADING (M) SDN BHD,VT001,TAY HUNG GUAN,D9038038038094014691,PASARAYA SEJATI (TELOK MAS ) SDN. BHD. (SAT CLOSE),GENERAL TRADE,300P/193,1/3/2024,INV0000004545,SO0000004588,,Inv,,68928387,LIPTON PBAG EK P20 24X(20X2G),Lipton,S,Confirmed,1,CS,67.2,67.2,0,0,0,0,67.2,
10003720,VILLY TRADING (M) SDN BHD,VT011,JASON LO CHEE YANG,D9037437437494025241,JOYCE MART,GENERAL TRADE,300J/108,1/3/2024,INV0000004565,SO0000004612,,Inv,,69566716,LIPTON PBAG KAW EK P20 24X(20X2.3G),Lipton,S,Confirmed,1,CS,67.2,67.2,0,0,0,0,67.2,
10003720,VILLY TRADING (M) SDN BHD,VT011,JASON LO CHEE YANG,D9037437437494025241,JOYCE MART,GENERAL TRADE,300J/108,1/3/2024,INV0000004565,SO0000004612,,Inv,,68928387,LIPTON PBAG EK P20 24X(20X2G),Lipton,F,Confirmed,2,PC,0,0,0,0,0,0,0,
10003720,VILLY TRADING (M) SDN BHD,VT011,JASON LO CHEE YANG,D9037437437494025241,JOYCE MART,GENERAL TRADE,300J/108,1/3/2024,INV0000004565,SO0000004612,,Inv,,68928387,LIPTON PBAG EK P20 24X(20X2G),Lipton,S,Confirmed,1,CS,67.2,67.2,0,0,0,0,67.2,
10003720,VILLY TRADING (M) SDN BHD,VT011,JASON LO CHEE YANG,D9037437437494025241,JOYCE MART,GENERAL TRADE,300J/108,1/3/2024,INV0000004565,SO0000004612,,Inv,,69566714,LIPTON PBAG EK P40 24X(40X2G),Lipton,S,Confirmed,1,CS,127.2,127.2,0,0,0,0,127.2,
10003720,VILLY TRADING (M) SDN BHD,VT011,JASON LO CHEE YANG,D9037437437494025241,JOYCE MART,GENERAL TRADE,300J/108,1/3/2024,INV0000004565,SO0000004612,,Inv,,69566714,LIPTON PBAG EK P40 24X(40X2G),Lipton,F,Confirmed,2,PC,0,0,0,0,0,0,0,
10003720,VILLY TRADING (M) SDN BHD,VT011,JASON LO CHEE YANG,D9037437437494025241,JOYCE MART,GENERAL TRADE,300J/108,1/3/2024,INV0000004565,SO0000004612,,Inv,,69566716,LIPTON PBAG KAW EK P20 24X(20X2.3G),Lipton,F,Confirmed,2,PC,0,0,0,0,0,0,0,
10003720,VILLY TRADING (M) SDN BHD,VT001,TAY HUNG GUAN,D9037937937912000238,MASJID TANAH FAMILY STORE SDN BHD,MODERN TRADE,3000/M99,2/3/2024,INV0000004599,SO0000004646,,Inv,,69566731,LIPTON PACKET TEA EK 36X400G,Lipton,S,Confirmed,24,PC,383.04,255.36,0,0,0,0,255.36,
10003720,VILLY TRADING (M) SDN BHD,VT001,TAY HUNG GUAN,D9037937937912000238,MASJID TANAH FAMILY STORE SDN BHD,MODERN TRADE,3000/M99,2/3/2024,INV0000004599,SO0000004646,,Inv,,68928387,LIPTON PBAG EK P20 24X(20X2G),Lipton,S,Confirmed,384,PC,67.2,1075.2,0,0,0,0,1075.2,
10003720,VILLY TRADING (M) SDN BHD,VT001,TAY HUNG GUAN,D9037137137112000505,HAZRAT SDN BHD,GENERAL TRADE,300H/083,4/3/2024,INV0000004609,SO0000004656,,Inv,,68928387,LIPTON PBAG EK P20 24X(20X2G),Lipton,F,Confirmed,1,PC,0,0,0,0,0,0,0,
10003720,VILLY TRADING (M) SDN BHD,VT001,TAY HUNG GUAN,D9037137137112000505,HAZRAT SDN BHD,GENERAL TRADE,300H/083,4/3/2024,INV0000004609,SO0000004656,,Inv,,69566721,LIPTON PBAG KAW EK P40 24X(40X2.3G),Lipton,S,Confirmed,22,PC,127.2,116.6,0,0,0,0,116.6,
10003720,VILLY TRADING (M) SDN BHD,VT001,TAY HUNG GUAN,D9037137137112000505,HAZRAT SDN BHD,GENERAL TRADE,300H/083,4/3/2024,INV0000004609,SO0000004656,,Inv,,69566714,LIPTON PBAG EK P40 24X(40X2G),Lipton,S,Confirmed,23,PC,127.2,121.9,0,0,0,0,121.9,
10003720,VILLY TRADING (M) SDN BHD,VT001,TAY HUNG GUAN,D9037137137112000505,HAZRAT SDN BHD,GENERAL TRADE,300H/083,4/3/2024,INV0000004609,SO0000004656,,Inv,,69566716,LIPTON PBAG KAW EK P20 24X(20X2.3G),Lipton,F,Confirmed,2,PC,0,0,0,0,0,0,0,
10003720,VILLY TRADING (M) SDN BHD,VT001,TAY HUNG GUAN,D9037137137112000505,HAZRAT SDN BHD,GENERAL TRADE,300H/083,4/3/2024,INV0000004609,SO0000004656,,Inv,,69566721,LIPTON PBAG KAW EK P40 24X(40X2.3G),Lipton,F,Confirmed,2,PC,0,0,0,0,0,0,0,
10003720,VILLY TRADING (M) SDN BHD,VT001,TAY HUNG GUAN,D9037137137112000505,HAZRAT SDN BHD,GENERAL TRADE,300H/083,4/3/2024,INV0000004609,SO0000004656,,Inv,,68928387,LIPTON PBAG EK P20 24X(20X2G),Lipton,S,Confirmed,23,PC,67.2,64.4,0,0,0,0,64.4,
10003720,VILLY TRADING (M) SDN BHD,VT001,TAY HUNG GUAN,D9037137137112000505,HAZRAT SDN BHD,GENERAL TRADE,300H/083,4/3/2024,INV0000004609,SO0000004656,,Inv,,69566714,LIPTON PBAG EK P40 24X(40X2G),Lipton,F,Confirmed,1,PC,0,0,0,0,0,0,0,
10003720,VILLY TRADING (M) SDN BHD,VT001,TAY HUNG GUAN,D9037137137112000505,HAZRAT SDN BHD,GENERAL TRADE,300H/083,4/3/2024,INV0000004609,SO0000004656,,Inv,,69566716,LIPTON PBAG KAW EK P20 24X(20X2.3G),Lipton,S,Confirmed,22,PC,67.2,61.6,0,0,0,0,61.6,
10003720,VILLY TRADING (M) SDN BHD,VT001,TAY HUNG GUAN,D9038038038012000278,FRESH N CONVENIENT RETAIL SDN BHD,MODERN TRADE,3000/F35,4/3/2024,INV0000004614,SO0000004657,,Inv,,21182545,LIPTON YELLOW LABEL SIP2 12X50X2G,Lipton,S,Confirmed,2,CS,103.68,207.36,0,0,0,0,207.36,
10003720,VILLY TRADING (M) SDN BHD,VT001,TAY HUNG GUAN,D9038038038012000278,FRESH N CONVENIENT RETAIL SDN BHD,MODERN TRADE,3000/F35,4/3/2024,INV0000004614,SO0000004657,,Inv,,68928387,LIPTON PBAG EK P20 24X(20X2G),Lipton,S,Confirmed,3,CS,67.2,201.6,0,0,0,0,201.6,
10003720,VILLY TRADING (M) SDN BHD,VT001,TAY HUNG GUAN,D9038038038012000278,FRESH N CONVENIENT RETAIL SDN BHD,MODERN TRADE,3000/F35,4/3/2024,INV0000004614,SO0000004657,,Inv,,69566731,LIPTON PACKET TEA EK 36X400G,Lipton,S,Confirmed,12,PC,383.04,127.68,0,0,0,0,127.68,
10003720,VILLY TRADING (M) SDN BHD,VT001,TAY HUNG GUAN,D9037437437413000201,JASIN POINT FAMILY STORE SDN BHD,MODERN TRADE,3000/J01,6/3/2024,INV0000004659,SO0000004706,,Inv,,69566706,LIPTON PBAG EK P80 24X(80X2G),Lipton,F,Confirmed,30,PC,0,0,0,0,0,0,0,
10003720,VILLY TRADING (M) SDN BHD,VT001,TAY HUNG GUAN,D9037437437413000201,JASIN POINT FAMILY STORE SDN BHD,MODERN TRADE,3000/J01,6/3/2024,INV0000004659,SO0000004706,,Inv,,21182545,LIPTON YELLOW LABEL SIP2 12X50X2G,Lipton,S,Confirmed,10,CS,103.68,1036.8,0,0,0,0,1036.8,
10003720,VILLY TRADING (M) SDN BHD,VT001,TAY HUNG GUAN,D9037437437413000201,JASIN POINT FAMILY STORE SDN BHD,MODERN TRADE,3000/J01,6/3/2024,INV0000004659,SO0000004706,,Inv,,69566706,LIPTON PBAG EK P80 24X(80X2G),Lipton,S,Confirmed,8,CS,218.4,1747.2,0,0,0,0,1747.2,
10003720,VILLY TRADING (M) SDN BHD,VT001,TAY HUNG GUAN,D9037437437413000201,JASIN POINT FAMILY STORE SDN BHD,MODERN TRADE,3000/J01,6/3/2024,INV0000004659,SO0000004706,,Inv,,69566714,LIPTON PBAG EK P40 24X(40X2G),Lipton,F,Confirmed,30,PC,0,0,0,0,0,0,0,
10003720,VILLY TRADING (M) SDN BHD,VT001,TAY HUNG GUAN,D9037437437413000201,JASIN POINT FAMILY STORE SDN BHD,MODERN TRADE,3000/J01,6/3/2024,INV0000004659,SO0000004706,,Inv,,69566721,LIPTON PBAG KAW EK P40 24X(40X2.3G),Lipton,S,Confirmed,3,CS,127.2,381.6,0,0,0,0,381.6,
10003720,VILLY TRADING (M) SDN BHD,VT001,TAY HUNG GUAN,D9037437437413000201,JASIN POINT FAMILY STORE SDN BHD,MODERN TRADE,3000/J01,6/3/2024,INV0000004659,SO0000004706,,Inv,,69566727,LIPTON PBAG KAW EK P80 24X(80X2.3G),Lipton,S,Confirmed,7,CS,218.4,1528.8,0,0,0,0,1528.8,
10003720,VILLY TRADING (M) SDN BHD,VT001,TAY HUNG GUAN,D9037437437413000201,JASIN POINT FAMILY STORE SDN BHD,MODERN TRADE,3000/J01,6/3/2024,INV0000004659,SO0000004706,,Inv,,69566731,LIPTON PACKET TEA EK 36X400G,Lipton,S,Confirmed,24,PC,383.04,255.36,0,0,0,0,255.36,
10003720,VILLY TRADING (M) SDN BHD,VT001,TAY HUNG GUAN,D9037437437413000201,JASIN POINT FAMILY STORE SDN BHD,MODERN TRADE,3000/J01,6/3/2024,INV0000004659,SO0000004706,,Inv,,69566714,LIPTON PBAG EK P40 24X(40X2G),Lipton,S,Confirmed,12,CS,127.2,1526.4,0,0,0,0,1526.4,
10003720,VILLY TRADING (M) SDN BHD,VT008,YONG WEE SEONG,D9037437437413000177,MINI MARKET YULEE,GENERAL TRADE,300Y/010,8/3/2024,INV0000004696,SO0000004745,,Inv,,69566721,LIPTON PBAG KAW EK P40 24X(40X2.3G),Lipton,S,Confirmed,12,PC,127.2,63.6,0,0,0,0,63.6,
10003720,VILLY TRADING (M) SDN BHD,VT008,YONG WEE SEONG,D9037437437413000177,MINI MARKET YULEE,GENERAL TRADE,300Y/010,8/3/2024,INV0000004696,SO0000004745,,Inv,,69566716,LIPTON PBAG KAW EK P20 24X(20X2.3G),Lipton,S,Confirmed,12,PC,67.2,33.6,0,0,0,0,33.6,
10003720,VILLY TRADING (M) SDN BHD,VT008,YONG WEE SEONG,D9037437437413000177,MINI MARKET YULEE,GENERAL TRADE,300Y/010,8/3/2024,INV0000004696,SO0000004745,,Inv,,69566714,LIPTON PBAG EK P40 24X(40X2G),Lipton,S,Confirmed,12,PC,127.2,63.6,0,0,0,0,63.6,
10003720,VILLY TRADING (M) SDN BHD,VT008,YONG WEE SEONG,D9003903903994024339,BATRIFAN ENTERPRISE,GENERAL TRADE,300B/169,8/3/2024,INV0000004697,SO0000004744,,Inv,,69566731,LIPTON PACKET TEA EK 36X400G,Lipton,S,Confirmed,3,PC,383.04,31.92,0,0,0,0,31.92,
10003720,VILLY TRADING (M) SDN BHD,VT008,YONG WEE SEONG,D9003903903994024339,BATRIFAN ENTERPRISE,GENERAL TRADE,300B/169,8/3/2024,INV0000004697,SO0000004744,,Inv,,69566708,LIPTON PACKET TEA EK 72X200G,Lipton,S,Confirmed,6,PC,408.24,34.02,0,0,0,0,34.02,
10003720,VILLY TRADING (M) SDN BHD,VT008,YONG WEE SEONG,D9003903903994024341,LEE CHEE ANN,GENERAL TRADE,3100/L09,8/3/2024,INV0000004698,SO0000004743,,Inv,,21182545,LIPTON YELLOW LABEL SIP2 12X50X2G,Lipton,S,Confirmed,12,PC,103.68,103.68,0,0,0,0,103.68,
10003720,VILLY TRADING (M) SDN BHD,VT008,YONG WEE SEONG,D9003903903994009980,PASAR MINI KEMART,GENERAL TRADE,3100/P46,7/3/2024,INV0000004680,SO0000004724,,Inv,,69566706,LIPTON PBAG EK P80 24X(80X2G),Lipton,S,Confirmed,6,PC,218.4,54.6,0,0,0,0,54.6,
10003720,VILLY TRADING (M) SDN BHD,VT008,YONG WEE SEONG,D9003903903994009980,PASAR MINI KEMART,GENERAL TRADE,3100/P46,7/3/2024,INV0000004680,SO0000004724,,Inv,,69566716,LIPTON PBAG KAW EK P20 24X(20X2.3G),Lipton,S,Confirmed,12,PC,67.2,33.6,0,0,0,0,33.6,
10003720,VILLY TRADING (M) SDN BHD,VT008,YONG WEE SEONG,D9003903903994009980,PASAR MINI KEMART,GENERAL TRADE,3100/P46,7/3/2024,INV0000004680,SO0000004724,,Inv,,69566708,LIPTON PACKET TEA EK 72X200G,Lipton,S,Confirmed,6,PC,408.24,34.02,0,0,0,0,34.02,
10003720,VILLY TRADING (M) SDN BHD,VT008,YONG WEE SEONG,D9003903903994009980,PASAR MINI KEMART,GENERAL TRADE,3100/P46,7/3/2024,INV0000004680,SO0000004724,,Inv,,68928387,LIPTON PBAG EK P20 24X(20X2G),Lipton,S,Confirmed,12,PC,67.2,33.6,0,0,0,0,33.6,
10003720,VILLY TRADING (M) SDN BHD,VT001,TAY HUNG GUAN,D9037437437413000118,PASARAYA SHENG LIONG,GENERAL TRADE,3000/S95,9/3/2024,INV0000004717,SO0000004755,,Inv,,69566727,LIPTON PBAG KAW EK P80 24X(80X2.3G),Lipton,S,Confirmed,12,PC,218.4,109.2,0,0,0,0,109.2,
10003720,VILLY TRADING (M) SDN BHD,VT001,TAY HUNG GUAN,D9037437437413000118,PASARAYA SHENG LIONG,GENERAL TRADE,3000/S95,9/3/2024,INV0000004717,SO0000004755,,Inv,,69566716,LIPTON PBAG KAW EK P20 24X(20X2.3G),Lipton,F,Confirmed,1,PC,0,0,0,0,0,0,0,
10003720,VILLY TRADING (M) SDN BHD,VT001,TAY HUNG GUAN,D9037437437413000118,PASARAYA SHENG LIONG,GENERAL TRADE,3000/S95,9/3/2024,INV0000004717,SO0000004755,,Inv,,69566716,LIPTON PBAG KAW EK P20 24X(20X2.3G),Lipton,S,Confirmed,23,PC,67.2,64.4,0,0,0,0,64.4,
10003720,VILLY TRADING (M) SDN BHD,VT001,TAY HUNG GUAN,D9037437437413000118,PASARAYA SHENG LIONG,GENERAL TRADE,3000/S95,9/3/2024,INV0000004717,SO0000004755,,Inv,,69566714,LIPTON PBAG EK P40 24X(40X2G),Lipton,F,Confirmed,1,PC,0,0,0,0,0,0,0,
10003720,VILLY TRADING (M) SDN BHD,VT001,TAY HUNG GUAN,D9037437437413000118,PASARAYA SHENG LIONG,GENERAL TRADE,3000/S95,9/3/2024,INV0000004717,SO0000004755,,Inv,,69566714,LIPTON PBAG EK P40 24X(40X2G),Lipton,S,Confirmed,23,PC,127.2,121.9,0,0,0,0,121.9,
10003720,VILLY TRADING (M) SDN BHD,VT001,TAY HUNG GUAN,D9037137137112000017,RANJINI (M) SDN BHD,MODERN TRADE,3000/R02,9/3/2024,INV0000004718,SO0000004754,,Inv,,69566727,LIPTON PBAG KAW EK P80 24X(80X2.3G),Lipton,S,Confirmed,1,CS,218.4,218.4,0,0,0,0,218.4,
10003720,VILLY TRADING (M) SDN BHD,VT001,TAY HUNG GUAN,D9037137137112000017,RANJINI (M) SDN BHD,MODERN TRADE,3000/R02,9/3/2024,INV0000004718,SO0000004754,,Inv,,69566718,LIPTON MT TEH HALIA EK 24X12X20G,Lipton,S,Confirmed,3,PC,384,48,0,0,0,0,48,
10003720,VILLY TRADING (M) SDN BHD,VT008,YONG WEE SEONG,D9037437437413000135,KEDAI RUNCIT SIVASANGARI,GENERAL TRADE,300S/318,9/3/2024,INV0000004719,SO0000004767,,Inv,,68928387,LIPTON PBAG EK P20 24X(20X2G),Lipton,F,Confirmed,1,PC,0,0,0,0,0,0,0,
10003720,VILLY TRADING (M) SDN BHD,VT008,YONG WEE SEONG,D9037437437413000135,KEDAI RUNCIT SIVASANGARI,GENERAL TRADE,300S/318,9/3/2024,INV0000004719,SO0000004767,,Inv,,68928387,LIPTON PBAG EK P20 24X(20X2G),Lipton,S,Confirmed,23,PC,67.2,64.4,0,0,0,0,64.4,
10003720,VILLY TRADING (M) SDN BHD,VT008,YONG WEE SEONG,D9037437437413000135,KEDAI RUNCIT SIVASANGARI,GENERAL TRADE,300S/318,9/3/2024,INV0000004719,SO0000004767,,Inv,,69566731,LIPTON PACKET TEA EK 36X400G,Lipton,S,Confirmed,6,PC,383.04,63.84,0,0,0,0,63.84,
10003720,VILLY TRADING (M) SDN BHD,VT008,YONG WEE SEONG,D9037437437413000135,KEDAI RUNCIT SIVASANGARI,GENERAL TRADE,300S/318,9/3/2024,INV0000004719,SO0000004767,,Inv,,69566714,LIPTON PBAG EK P40 24X(40X2G),Lipton,S,Confirmed,46,PC,127.2,243.8,0,0,0,0,243.8,
10003720,VILLY TRADING (M) SDN BHD,VT008,YONG WEE SEONG,D9037437437413000135,KEDAI RUNCIT SIVASANGARI,GENERAL TRADE,300S/318,9/3/2024,INV0000004719,SO0000004767,,Inv,,69566714,LIPTON PBAG EK P40 24X(40X2G),Lipton,F,Confirmed,3,PC,0,0,0,0,0,0,0,
10003720,VILLY TRADING (M) SDN BHD,VT008,YONG WEE SEONG,D9036636636694009998,RAMBAI TENGAH MINI MARKET,GENERAL TRADE,300R/183,9/3/2024,INV0000004720,SO0000004766,,Inv,,69566721,LIPTON PBAG KAW EK P40 24X(40X2.3G),Lipton,S,Confirmed,6,PC,127.2,31.8,0,0,0,0,31.8,
10003720,VILLY TRADING (M) SDN BHD,VT008,YONG WEE SEONG,D9006506506513000046,KWONG YEE SANG,GENERAL TRADE,300K/040,9/3/2024,INV0000004721,SO0000004768,,Inv,,69566708,LIPTON PACKET TEA EK 72X200G,Lipton,S,Confirmed,6,PC,408.24,34.02,0,0,0,0,34.02,
10003720,VILLY TRADING (M) SDN BHD,VT008,YONG WEE SEONG,D9006506506513000046,KWONG YEE SANG,GENERAL TRADE,300K/040,9/3/2024,INV0000004721,SO0000004768,,Inv,,69566731,LIPTON PACKET TEA EK 36X400G,Lipton,S,Confirmed,6,PC,383.04,63.84,0,0,0,0,63.84,
10003720,VILLY TRADING (M) SDN BHD,VT008,YONG WEE SEONG,D9003903903994020997,KEDAI RUNCIT JELAI,GENERAL TRADE,300K/450,9/3/2024,INV0000004722,SO0000004769,,Inv,,69566708,LIPTON PACKET TEA EK 72X200G,Lipton,S,Confirmed,12,PC,408.24,68.04,0,0,0,0,68.04,
10003720,VILLY TRADING (M) SDN BHD,VT008,YONG WEE SEONG,D9003903903994020997,KEDAI RUNCIT JELAI,GENERAL TRADE,300K/450,9/3/2024,INV0000004722,SO0000004769,,Inv,,21182545,LIPTON YELLOW LABEL SIP2 12X50X2G,Lipton,S,Confirmed,12,PC,103.68,103.68,0,0,0,0,103.68,
10003720,VILLY TRADING (M) SDN BHD,VT008,YONG WEE SEONG,D9003903903994020997,KEDAI RUNCIT JELAI,GENERAL TRADE,300K/450,9/3/2024,INV0000004722,SO0000004769,,Inv,,69566731,LIPTON PACKET TEA EK 36X400G,Lipton,S,Confirmed,12,PC,383.04,127.68,0,0,0,0,127.68,
10003720,VILLY TRADING (M) SDN BHD,VT008,YONG WEE SEONG,D9038738738794026845,ATTIC HOME & MART SDN BHD,GENERAL TRADE,300A/350,11/3/2024,INV0000004738,SO0000004784,,Inv,,21185356,LIPTON YL TB ENV ID FS SIP2 12X(100X2G),Lipton,S,Confirmed,4,CS,230.76,923.04,0,0,0,0,923.04,
10003720,VILLY TRADING (M) SDN BHD,VT008,YONG WEE SEONG,D9003903903913000305,PASARAYA G MART SDN BHD,GENERAL TRADE,3000/G95,11/3/2024,INV0000004742,SO0000004789,,Inv,,69566731,LIPTON PACKET TEA EK 36X400G,Lipton,S,Confirmed,12,PC,383.04,127.68,0,0,0,0,127.68,
10003720,VILLY TRADING (M) SDN BHD,VT008,YONG WEE SEONG,D9003903903913000305,PASARAYA G MART SDN BHD,GENERAL TRADE,3000/G95,11/3/2024,INV0000004742,SO0000004789,,Inv,,69566708,LIPTON PACKET TEA EK 72X200G,Lipton,S,Confirmed,12,PC,408.24,68.04,0,0,0,0,68.04,
10003720,VILLY TRADING (M) SDN BHD,VT008,YONG WEE SEONG,D9036336336394002151,PASAR MINI MOHAMED ALI,GENERAL TRADE,300M/069,12/3/2024,INV0000004759,SO0000004809,,Inv,,69566714,LIPTON PBAG EK P40 24X(40X2G),Lipton,F,Confirmed,1,PC,0,0,0,0,0,0,0,
10003720,VILLY TRADING (M) SDN BHD,VT008,YONG WEE SEONG,D9036336336394002151,PASAR MINI MOHAMED ALI,GENERAL TRADE,300M/069,12/3/2024,INV0000004759,SO0000004809,,Inv,,69566714,LIPTON PBAG EK P40 24X(40X2G),Lipton,S,Confirmed,23,PC,127.2,121.9,0,0,0,0,121.9,
10003720,VILLY TRADING (M) SDN BHD,VT008,YONG WEE SEONG,D9037437437494003607,LOGAASHINY MINI MARKET,GENERAL TRADE,3000/L77,12/3/2024,INV0000004761,SO0000004808,,Inv,,68928387,LIPTON PBAG EK P20 24X(20X2G),Lipton,S,Confirmed,23,PC,67.2,64.4,0,0,0,0,64.4,
10003720,VILLY TRADING (M) SDN BHD,VT008,YONG WEE SEONG,D9037437437494003607,LOGAASHINY MINI MARKET,GENERAL TRADE,3000/L77,12/3/2024,INV0000004761,SO0000004808,,Inv,,69566727,LIPTON PBAG KAW EK P80 24X(80X2.3G),Lipton,S,Confirmed,6,PC,218.4,54.6,0,0,0,0,54.6,
10003720,VILLY TRADING (M) SDN BHD,VT008,YONG WEE SEONG,D9037437437494003607,LOGAASHINY MINI MARKET,GENERAL TRADE,3000/L77,12/3/2024,INV0000004761,SO0000004808,,Inv,,69566714,LIPTON PBAG EK P40 24X(40X2G),Lipton,S,Confirmed,23,PC,127.2,121.9,0,0,0,0,121.9,
10003720,VILLY TRADING (M) SDN BHD,VT008,YONG WEE SEONG,D9037437437494003607,LOGAASHINY MINI MARKET,GENERAL TRADE,3000/L77,12/3/2024,INV0000004761,SO0000004808,,Inv,,68928387,LIPTON PBAG EK P20 24X(20X2G),Lipton,F,Confirmed,1,PC,0,0,0,0,0,0,0,
10003720,VILLY TRADING (M) SDN BHD,VT008,YONG WEE SEONG,D9037437437494003607,LOGAASHINY MINI MARKET,GENERAL TRADE,3000/L77,12/3/2024,INV0000004761,SO0000004808,,Inv,,69566714,LIPTON PBAG EK P40 24X(40X2G),Lipton,F,Confirmed,1,PC,0,0,0,0,0,0,0,
10003720,VILLY TRADING (M) SDN BHD,VT008,YONG WEE SEONG,D9037437437494003607,LOGAASHINY MINI MARKET,GENERAL TRADE,3000/L77,12/3/2024,INV0000004761,SO0000004808,,Inv,,69566706,LIPTON PBAG EK P80 24X(80X2G),Lipton,S,Confirmed,6,PC,218.4,54.6,0,0,0,0,54.6,
10003720,VILLY TRADING (M) SDN BHD,VT005,WAN HUI YI,CT0000000510,A K DAILY MART,GENERAL TRADE,3100/A48,1/3/2024,INV0000004571,SO0000004620,,Inv,,69566721,LIPTON PBAG KAW EK P40 24X(40X2.3G),Lipton,S,Confirmed,12,PC,127.2,63.6,0,0,0,0,63.6,
10003720,VILLY TRADING (M) SDN BHD,VT005,WAN HUI YI,CT0000000510,A K DAILY MART,GENERAL TRADE,3100/A48,1/3/2024,INV0000004571,SO0000004620,,Inv,,69566708,LIPTON PACKET TEA EK 72X200G,Lipton,S,Confirmed,12,PC,408.24,68.04,0,0,0,0,68.04,
10003720,VILLY TRADING (M) SDN BHD,VT005,WAN HUI YI,CT0000000510,A K DAILY MART,GENERAL TRADE,3100/A48,1/3/2024,INV0000004571,SO0000004620,,Inv,,69566716,LIPTON PBAG KAW EK P20 24X(20X2.3G),Lipton,S,Confirmed,24,PC,67.2,67.2,0,0,0,0,67.2,
10003720,VILLY TRADING (M) SDN BHD,VT005,WAN HUI YI,CT0000000510,A K DAILY MART,GENERAL TRADE,3100/A48,1/3/2024,INV0000004571,SO0000004620,,Inv,,68928387,LIPTON PBAG EK P20 24X(20X2G),Lipton,S,Confirmed,24,PC,67.2,67.2,0,0,0,0,67.2,
10003720,VILLY TRADING (M) SDN BHD,VT005,WAN HUI YI,CT0000000510,A K DAILY MART,GENERAL TRADE,3100/A48,1/3/2024,INV0000004571,SO0000004620,,Inv,,68928385,LIPTON PACKET TEA EK 12X12X50G,Lipton,S,Confirmed,12,PC,259.2,21.6,0,0,0,0,21.6,
10003720,VILLY TRADING (M) SDN BHD,VT005,WAN HUI YI,CT0000000510,A K DAILY MART,GENERAL TRADE,3100/A48,1/3/2024,INV0000004571,SO0000004620,,Inv,,69566714,LIPTON PBAG EK P40 24X(40X2G),Lipton,S,Confirmed,12,PC,127.2,63.6,0,0,0,0,63.6,
10003720,VILLY TRADING (M) SDN BHD,VT005,WAN HUI YI,D9006106106104000042,CHOP GAN PEE,GENERAL TRADE,3100/C16,1/3/2024,INV0000004572,SO0000004619,,Inv,,69566714,LIPTON PBAG EK P40 24X(40X2G),Lipton,S,Confirmed,5,PC,127.2,26.5,0,0,0,0,26.5,
10003720,VILLY TRADING (M) SDN BHD,VT005,WAN HUI YI,D9006106106104000042,CHOP GAN PEE,GENERAL TRADE,3100/C16,1/3/2024,INV0000004572,SO0000004619,,Inv,,68928387,LIPTON PBAG EK P20 24X(20X2G),Lipton,S,Confirmed,5,PC,67.2,14,0,0,0,0,14,
10003720,VILLY TRADING (M) SDN BHD,VT005,WAN HUI YI,D9006106106104000094,BAN Y MINI MARKET,GENERAL TRADE,3100/B03,1/3/2024,INV0000004573,SO0000004618,,Inv,,21182545,LIPTON YELLOW LABEL SIP2 12X50X2G,Lipton,S,Confirmed,10,PC,103.68,86.4,0,0,0,0,86.4,
10003720,VILLY TRADING (M) SDN BHD,VT005,WAN HUI YI,D9006106106104000041,AMSATH STORE,GENERAL TRADE,3100/A05,1/3/2024,INV0000004574,SO0000004623,,Inv,,69566714,LIPTON PBAG EK P40 24X(40X2G),Lipton,S,Confirmed,6,PC,127.2,31.8,0,0,0,0,31.8,
10003720,VILLY TRADING (M) SDN BHD,VT005,WAN HUI YI,D9006106106104000041,AMSATH STORE,GENERAL TRADE,3100/A05,1/3/2024,INV0000004574,SO0000004623,,Inv,,68928385,LIPTON PACKET TEA EK 12X12X50G,Lipton,S,Confirmed,6,PC,259.2,10.8,0,0,0,0,10.8,
10003720,VILLY TRADING (M) SDN BHD,VT005,WAN HUI YI,D9006106106104000041,AMSATH STORE,GENERAL TRADE,3100/A05,1/3/2024,INV0000004574,SO0000004623,,Inv,,21182545,LIPTON YELLOW LABEL SIP2 12X50X2G,Lipton,S,Confirmed,6,PC,103.68,51.84,0,0,0,0,51.84,
10003720,VILLY TRADING (M) SDN BHD,VT005,WAN HUI YI,D9006106106104000041,AMSATH STORE,GENERAL TRADE,3100/A05,1/3/2024,INV0000004574,SO0000004623,,Inv,,68928387,LIPTON PBAG EK P20 24X(20X2G),Lipton,S,Confirmed,6,PC,67.2,16.8,0,0,0,0,16.8,
10003720,VILLY TRADING (M) SDN BHD,VT005,WAN HUI YI,D9005705705706000067,KEDAI ABDUL RANI,GENERAL TRADE,3100/A26,1/3/2024,INV0000004575,SO0000004624,,Inv,,21182545,LIPTON YELLOW LABEL SIP2 12X50X2G,Lipton,S,Confirmed,6,PC,103.68,51.84,0,0,0,0,51.84,
10003720,VILLY TRADING (M) SDN BHD,VT005,WAN HUI YI,D9005705705706000067,KEDAI ABDUL RANI,GENERAL TRADE,3100/A26,1/3/2024,INV0000004575,SO0000004624,,Inv,,69566714,LIPTON PBAG EK P40 24X(40X2G),Lipton,S,Confirmed,6,PC,127.2,31.8,0,0,0,0,31.8,
10003720,VILLY TRADING (M) SDN BHD,VT005,WAN HUI YI,D9006106106104000055,SRI RANTAU FOOD MART( RANTAU),GENERAL TRADE,3100/S19,1/3/2024,INV0000004576,SO0000004622,,Inv,,69566714,LIPTON PBAG EK P40 24X(40X2G),Lipton,S,Confirmed,1,CS,127.2,127.2,0,0,0,0,127.2,
10003720,VILLY TRADING (M) SDN BHD,VT005,WAN HUI YI,D9006106106104000055,SRI RANTAU FOOD MART( RANTAU),GENERAL TRADE,3100/S19,1/3/2024,INV0000004576,SO0000004622,,Inv,,69566727,LIPTON PBAG KAW EK P80 24X(80X2.3G),Lipton,S,Confirmed,1,CS,218.4,218.4,0,0,0,0,218.4,
10003720,VILLY TRADING (M) SDN BHD,VT005,WAN HUI YI,D9006106106104000055,SRI RANTAU FOOD MART( RANTAU),GENERAL TRADE,3100/S19,1/3/2024,INV0000004576,SO0000004622,,Inv,,69566721,LIPTON PBAG KAW EK P40 24X(40X2.3G),Lipton,S,Confirmed,1,CS,127.2,127.2,0,0,0,0,127.2,
10003720,VILLY TRADING (M) SDN BHD,VT005,WAN HUI YI,D9006106106104000055,SRI RANTAU FOOD MART( RANTAU),GENERAL TRADE,3100/S19,1/3/2024,INV0000004576,SO0000004622,,Inv,,69566706,LIPTON PBAG EK P80 24X(80X2G),Lipton,S,Confirmed,1,CS,218.4,218.4,0,0,0,0,218.4,
10003720,VILLY TRADING (M) SDN BHD,VT005,WAN HUI YI,D9006106106104000055,SRI RANTAU FOOD MART( RANTAU),GENERAL TRADE,3100/S19,1/3/2024,INV0000004576,SO0000004622,,Inv,,69566708,LIPTON PACKET TEA EK 72X200G,Lipton,S,Confirmed,6,PC,408.24,34.02,0,0,0,0,34.02,
10003720,VILLY TRADING (M) SDN BHD,VT005,WAN HUI YI,D9006106106104000055,SRI RANTAU FOOD MART( RANTAU),GENERAL TRADE,3100/S19,1/3/2024,INV0000004576,SO0000004622,,Inv,,21182545,LIPTON YELLOW LABEL SIP2 12X50X2G,Lipton,S,Confirmed,6,PC,103.68,51.84,0,0,0,0,51.84,
10003720,VILLY TRADING (M) SDN BHD,VT005,WAN HUI YI,D9006106106104000055,SRI RANTAU FOOD MART( RANTAU),GENERAL TRADE,3100/S19,1/3/2024,INV0000004576,SO0000004622,,Inv,,69566716,LIPTON PBAG KAW EK P20 24X(20X2.3G),Lipton,S,Confirmed,1,CS,67.2,67.2,0,0,0,0,67.2,
10003720,VILLY TRADING (M) SDN BHD,VT005,WAN HUI YI,D9006106106104000055,SRI RANTAU FOOD MART( RANTAU),GENERAL TRADE,3100/S19,1/3/2024,INV0000004576,SO0000004622,,Inv,,69566731,LIPTON PACKET TEA EK 36X400G,Lipton,S,Confirmed,6,PC,383.04,63.84,0,0,0,0,63.84,
10003720,VILLY TRADING (M) SDN BHD,VT005,WAN HUI YI,D9006106106104000055,SRI RANTAU FOOD MART( RANTAU),GENERAL TRADE,3100/S19,1/3/2024,INV0000004576,SO0000004622,,Inv,,68928387,LIPTON PBAG EK P20 24X(20X2G),Lipton,S,Confirmed,1,CS,67.2,67.2,0,0,0,0,67.2,
10003720,VILLY TRADING (M) SDN BHD,VT005,WAN HUI YI,D9006106106104000056,ROHAIZAT TRADING,GENERAL TRADE,3100/R07,1/3/2024,INV0000004577,SO0000004621,,Inv,,69566714,LIPTON PBAG EK P40 24X(40X2G),Lipton,S,Confirmed,10,PC,127.2,53,0,0,0,0,53,
10003720,VILLY TRADING (M) SDN BHD,VT005,WAN HUI YI,D9006106106104000056,ROHAIZAT TRADING,GENERAL TRADE,3100/R07,1/3/2024,INV0000004577,SO0000004621,,Inv,,21182545,LIPTON YELLOW LABEL SIP2 12X50X2G,Lipton,S,Confirmed,6,PC,103.68,51.84,0,0,0,0,51.84,
10003720,VILLY TRADING (M) SDN BHD,VT005,WAN HUI YI,D9006106106104000056,ROHAIZAT TRADING,GENERAL TRADE,3100/R07,1/3/2024,INV0000004577,SO0000004621,,Inv,,68928387,LIPTON PBAG EK P20 24X(20X2G),Lipton,S,Confirmed,6,PC,67.2,16.8,0,0,0,0,16.8,
10003720,VILLY TRADING (M) SDN BHD,VT005,WAN HUI YI,D9005305305394026052,FAMA CORPORATION SDN BHD (AGRO BAZAAR SENDAYAN),GENERAL TRADE,3100/F17,4/3/2024,INV0000004620,SO0000004670,,Inv,,69566731,LIPTON PACKET TEA EK 36X400G,Lipton,S,Confirmed,12,PC,383.04,127.68,0,0,0,0,127.68,
10003720,VILLY TRADING (M) SDN BHD,VT005,WAN HUI YI,D9005305305394026052,FAMA CORPORATION SDN BHD (AGRO BAZAAR SENDAYAN),GENERAL TRADE,3100/F17,4/3/2024,INV0000004620,SO0000004670,,Inv,,21182545,LIPTON YELLOW LABEL SIP2 12X50X2G,Lipton,S,Confirmed,12,PC,103.68,103.68,0,0,0,0,103.68,
10003720,VILLY TRADING (M) SDN BHD,VT005,WAN HUI YI,D9005305305394026052,FAMA CORPORATION SDN BHD (AGRO BAZAAR SENDAYAN),GENERAL TRADE,3100/F17,4/3/2024,INV0000004620,SO0000004670,,Inv,,69566708,LIPTON PACKET TEA EK 72X200G,Lipton,S,Confirmed,6,PC,408.24,34.02,0,0,0,0,34.02,
10003720,VILLY TRADING (M) SDN BHD,VT005,WAN HUI YI,D9005305305394026052,FAMA CORPORATION SDN BHD (AGRO BAZAAR SENDAYAN),GENERAL TRADE,3100/F17,4/3/2024,INV0000004620,SO0000004670,,Inv,,69566716,LIPTON PBAG KAW EK P20 24X(20X2.3G),Lipton,S,Confirmed,12,PC,67.2,33.6,0,0,0,0,33.6,
10003720,VILLY TRADING (M) SDN BHD,VT005,WAN HUI YI,D9005305305394026052,FAMA CORPORATION SDN BHD (AGRO BAZAAR SENDAYAN),GENERAL TRADE,3100/F17,4/3/2024,INV0000004620,SO0000004670,,Inv,,68928387,LIPTON PBAG EK P20 24X(20X2G),Lipton,S,Confirmed,12,PC,67.2,33.6,0,0,0,0,33.6,
10003720,VILLY TRADING (M) SDN BHD,VT005,WAN HUI YI,D9004104104104000367,KEDAI RUNCIT YUNG SHIM,GENERAL TRADE,3100/K64,5/3/2024,INV0000004644,SO0000004691,,Inv,,69566716,LIPTON PBAG KAW EK P20 24X(20X2.3G),Lipton,S,Confirmed,6,PC,67.2,16.8,0,0,0,0,16.8,
10003720,VILLY TRADING (M) SDN BHD,VT005,WAN HUI YI,D9004104104104000367,KEDAI RUNCIT YUNG SHIM,GENERAL TRADE,3100/K64,5/3/2024,INV0000004644,SO0000004691,,Inv,,21182545,LIPTON YELLOW LABEL SIP2 12X50X2G,Lipton,S,Confirmed,12,PC,103.68,103.68,0,0,0,0,103.68,
10003720,VILLY TRADING (M) SDN BHD,VT005,WAN HUI YI,D9004104104104000367,KEDAI RUNCIT YUNG SHIM,GENERAL TRADE,3100/K64,5/3/2024,INV0000004644,SO0000004691,,Inv,,68928387,LIPTON PBAG EK P20 24X(20X2G),Lipton,S,Confirmed,6,PC,67.2,16.8,0,0,0,0,16.8,
10003720,VILLY TRADING (M) SDN BHD,VT005,WAN HUI YI,D9004104104104000749,YONG SENG,GENERAL TRADE,3100/Y03,5/3/2024,INV0000004649,SO0000004695,,Inv,,68928387,LIPTON PBAG EK P20 24X(20X2G),Lipton,F,Confirmed,4,PC,0,0,0,0,0,0,0,
10003720,VILLY TRADING (M) SDN BHD,VT005,WAN HUI YI,D9004104104104000749,YONG SENG,GENERAL TRADE,3100/Y03,5/3/2024,INV0000004649,SO0000004695,,Inv,,69566716,LIPTON PBAG KAW EK P20 24X(20X2.3G),Lipton,F,Confirmed,2,PC,0,0,0,0,0,0,0,
10003720,VILLY TRADING (M) SDN BHD,VT005,WAN HUI YI,D9004104104104000749,YONG SENG,GENERAL TRADE,3100/Y03,5/3/2024,INV0000004649,SO0000004695,,Inv,,68928387,LIPTON PBAG EK P20 24X(20X2G),Lipton,S,Confirmed,2,CS,67.2,134.4,0,0,0,0,134.4,
10003720,VILLY TRADING (M) SDN BHD,VT005,WAN HUI YI,D9004104104104000749,YONG SENG,GENERAL TRADE,3100/Y03,5/3/2024,INV0000004649,SO0000004695,,Inv,,69566716,LIPTON PBAG KAW EK P20 24X(20X2.3G),Lipton,S,Confirmed,1,CS,67.2,67.2,0,0,0,0,67.2,
10003720,VILLY TRADING (M) SDN BHD,VT005,WAN HUI YI,D9004204204204000541,PERNIAGAAN BANGLANG SERI SERTING,GENERAL TRADE,310P/076,7/3/2024,INV0000004687,SO0000004734,,Inv,,69566706,LIPTON PBAG EK P80 24X(80X2G),Lipton,S,Confirmed,12,PC,218.4,109.2,0,0,0,0,109.2,
10003720,VILLY TRADING (M) SDN BHD,VT005,WAN HUI YI,D9004204204204000541,PERNIAGAAN BANGLANG SERI SERTING,GENERAL TRADE,310P/076,7/3/2024,INV0000004687,SO0000004734,,Inv,,68928387,LIPTON PBAG EK P20 24X(20X2G),Lipton,S,Confirmed,1,CS,67.2,67.2,0,0,0,0,67.2,
10003720,VILLY TRADING (M) SDN BHD,VT005,WAN HUI YI,D9004204204204000541,PERNIAGAAN BANGLANG SERI SERTING,GENERAL TRADE,310P/076,7/3/2024,INV0000004687,SO0000004734,,Inv,,69566716,LIPTON PBAG KAW EK P20 24X(20X2.3G),Lipton,S,Confirmed,1,CS,67.2,67.2,0,0,0,0,67.2,
10003720,VILLY TRADING (M) SDN BHD,VT005,WAN HUI YI,D9004204204204000541,PERNIAGAAN BANGLANG SERI SERTING,GENERAL TRADE,310P/076,7/3/2024,INV0000004687,SO0000004734,,Inv,,69566714,LIPTON PBAG EK P40 24X(40X2G),Lipton,S,Confirmed,1,CS,127.2,127.2,0,0,0,0,127.2,
10003720,VILLY TRADING (M) SDN BHD,VT005,WAN HUI YI,D9004204204204000541,PERNIAGAAN BANGLANG SERI SERTING,GENERAL TRADE,310P/076,7/3/2024,INV0000004687,SO0000004734,,Inv,,69566727,LIPTON PBAG KAW EK P80 24X(80X2.3G),Lipton,S,Confirmed,12,PC,218.4,109.2,0,0,0,0,109.2,
10003720,VILLY TRADING (M) SDN BHD,VT005,WAN HUI YI,D9004204204204000541,PERNIAGAAN BANGLANG SERI SERTING,GENERAL TRADE,310P/076,7/3/2024,INV0000004687,SO0000004734,,Inv,,69566721,LIPTON PBAG KAW EK P40 24X(40X2.3G),Lipton,S,Confirmed,1,CS,127.2,127.2,0,0,0,0,127.2,
10003720,VILLY TRADING (M) SDN BHD,VT005,WAN HUI YI,D9004204204204000541,PERNIAGAAN BANGLANG SERI SERTING,GENERAL TRADE,310P/076,7/3/2024,INV0000004687,SO0000004734,,Inv,,69566714,LIPTON PBAG EK P40 24X(40X2G),Lipton,F,Confirmed,2,PC,0,0,0,0,0,0,0,
10003720,VILLY TRADING (M) SDN BHD,VT005,WAN HUI YI,D9004204204204000541,PERNIAGAAN BANGLANG SERI SERTING,GENERAL TRADE,310P/076,7/3/2024,INV0000004687,SO0000004734,,Inv,,69566716,LIPTON PBAG KAW EK P20 24X(20X2.3G),Lipton,F,Confirmed,2,PC,0,0,0,0,0,0,0,
10003720,VILLY TRADING (M) SDN BHD,VT005,WAN HUI YI,D9004204204204000541,PERNIAGAAN BANGLANG SERI SERTING,GENERAL TRADE,310P/076,7/3/2024,INV0000004687,SO0000004734,,Inv,,68928387,LIPTON PBAG EK P20 24X(20X2G),Lipton,F,Confirmed,2,PC,0,0,0,0,0,0,0,
10003720,VILLY TRADING (M) SDN BHD,VT005,WAN HUI YI,D9004204204204000541,PERNIAGAAN BANGLANG SERI SERTING,GENERAL TRADE,310P/076,7/3/2024,INV0000004687,SO0000004734,,Inv,,69566721,LIPTON PBAG KAW EK P40 24X(40X2.3G),Lipton,F,Confirmed,2,PC,0,0,0,0,0,0,0,
10003720,VILLY TRADING (M) SDN BHD,VT005,WAN HUI YI,D9006106106104000195,KEDAI RUNCIT YP LOH,GENERAL TRADE,3100/K71,8/3/2024,INV0000004702,SO0000004750,,Inv,,69566716,LIPTON PBAG KAW EK P20 24X(20X2.3G),Lipton,S,Confirmed,6,PC,67.2,16.8,0,0,0,0,16.8,
10003720,VILLY TRADING (M) SDN BHD,VT005,WAN HUI YI,D9006106106104000195,KEDAI RUNCIT YP LOH,GENERAL TRADE,3100/K71,8/3/2024,INV0000004702,SO0000004750,,Inv,,68928387,LIPTON PBAG EK P20 24X(20X2G),Lipton,S,Confirmed,6,PC,67.2,16.8,0,0,0,0,16.8,
10003720,VILLY TRADING (M) SDN BHD,VT005,WAN HUI YI,D9006106106104000195,KEDAI RUNCIT YP LOH,GENERAL TRADE,3100/K71,8/3/2024,INV0000004702,SO0000004750,,Inv,,21182545,LIPTON YELLOW LABEL SIP2 12X50X2G,Lipton,S,Confirmed,6,PC,103.68,51.84,0,0,0,0,51.84,
10003720,VILLY TRADING (M) SDN BHD,VT005,WAN HUI YI,D9004604604604000670,GEDUNG SRI MINANG ( BATU KIKIR) SDN BHD,MODERN TRADE,3100/G21,8/3/2024,INV0000004699,SO0000004746,,Inv,,68928387,LIPTON PBAG EK P20 24X(20X2G),Lipton,F,Confirmed,1,PC,0,0,0,0,0,0,0,
10003720,VILLY TRADING (M) SDN BHD,VT005,WAN HUI YI,D9004604604604000670,GEDUNG SRI MINANG ( BATU KIKIR) SDN BHD,MODERN TRADE,3100/G21,8/3/2024,INV0000004699,SO0000004746,,Inv,,21182542,LIPTON YELLOW LABEL SIP2 36X100X2G,Lipton,S,Confirmed,6,PC,536.4,89.4,0,0,0,0,89.4,
10003720,VILLY TRADING (M) SDN BHD,VT005,WAN HUI YI,D9004604604604000670,GEDUNG SRI MINANG ( BATU KIKIR) SDN BHD,MODERN TRADE,3100/G21,8/3/2024,INV0000004699,SO0000004746,,Inv,,21182545,LIPTON YELLOW LABEL SIP2 12X50X2G,Lipton,S,Confirmed,6,PC,103.68,51.84,0,0,0,0,51.84,
10003720,VILLY TRADING (M) SDN BHD,VT005,WAN HUI YI,D9004604604604000670,GEDUNG SRI MINANG ( BATU KIKIR) SDN BHD,MODERN TRADE,3100/G21,8/3/2024,INV0000004699,SO0000004746,,Inv,,69566714,LIPTON PBAG EK P40 24X(40X2G),Lipton,S,Confirmed,21,PC,127.2,111.3,0,0,0,0,111.3,
10003720,VILLY TRADING (M) SDN BHD,VT005,WAN HUI YI,D9004604604604000670,GEDUNG SRI MINANG ( BATU KIKIR) SDN BHD,MODERN TRADE,3100/G21,8/3/2024,INV0000004699,SO0000004746,,Inv,,68928387,LIPTON PBAG EK P20 24X(20X2G),Lipton,S,Confirmed,23,PC,67.2,64.4,0,0,0,0,64.4,
10003720,VILLY TRADING (M) SDN BHD,VT005,WAN HUI YI,D9004604604604000670,GEDUNG SRI MINANG ( BATU KIKIR) SDN BHD,MODERN TRADE,3100/G21,8/3/2024,INV0000004699,SO0000004746,,Inv,,69566714,LIPTON PBAG EK P40 24X(40X2G),Lipton,F,Confirmed,3,PC,0,0,0,0,0,0,0,
10003720,VILLY TRADING (M) SDN BHD,VT005,WAN HUI YI,D9004604604604000670,GEDUNG SRI MINANG ( BATU KIKIR) SDN BHD,MODERN TRADE,3100/G21,8/3/2024,INV0000004699,SO0000004746,,Inv,,69566721,LIPTON PBAG KAW EK P40 24X(40X2.3G),Lipton,S,Confirmed,1,CS,127.2,127.2,0,0,0,0,127.2,
10003720,VILLY TRADING (M) SDN BHD,VT010,TAN ENG KHANG,D9038738738794032045,MAT MIZI ENTERPRISE,GENERAL TRADE,300M/333,11/3/2024,INV0000004743,SO0000004791,,Inv,,69566706,LIPTON PBAG EK P80 24X(80X2G),Lipton,S,Confirmed,6,PC,218.4,54.6,0,0,0,0,54.6,
10003720,VILLY TRADING (M) SDN BHD,VT010,TAN ENG KHANG,D9038738738794032045,MAT MIZI ENTERPRISE,GENERAL TRADE,300M/333,11/3/2024,INV0000004743,SO0000004791,,Inv,,68928387,LIPTON PBAG EK P20 24X(20X2G),Lipton,F,Confirmed,1,PC,0,0,0,0,0,0,0,
10003720,VILLY TRADING (M) SDN BHD,VT010,TAN ENG KHANG,D9038738738794032045,MAT MIZI ENTERPRISE,GENERAL TRADE,300M/333,11/3/2024,INV0000004743,SO0000004791,,Inv,,69566714,LIPTON PBAG EK P40 24X(40X2G),Lipton,S,Confirmed,6,PC,127.2,31.8,0,0,0,0,31.8,
10003720,VILLY TRADING (M) SDN BHD,VT010,TAN ENG KHANG,D9038738738794032045,MAT MIZI ENTERPRISE,GENERAL TRADE,300M/333,11/3/2024,INV0000004743,SO0000004791,,Inv,,68928387,LIPTON PBAG EK P20 24X(20X2G),Lipton,S,Confirmed,23,PC,67.2,64.4,0,0,0,0,64.4,
10003720,VILLY TRADING (M) SDN BHD,VT010,TAN ENG KHANG,D9036736736712000181,SIXTY FIVE STORE,GENERAL TRADE,3000/S58,11/3/2024,INV0000004744,SO0000004790,,Inv,,21182545,LIPTON YELLOW LABEL SIP2 12X50X2G,Lipton,S,Confirmed,3,PC,103.68,25.92,0,0,0,0,25.92,
10003720,VILLY TRADING (M) SDN BHD,VT010,TAN ENG KHANG,D9037237237294032496,DD MINI MART (BUKIT RAMBAI),GENERAL TRADE,300D/097,12/3/2024,INV0000004760,SO0000004807,,Inv,,69566716,LIPTON PBAG KAW EK P20 24X(20X2.3G),Lipton,S,Confirmed,23,PC,67.2,64.4,0,0,0,0,64.4,
10003720,VILLY TRADING (M) SDN BHD,VT010,TAN ENG KHANG,D9037237237294032496,DD MINI MART (BUKIT RAMBAI),GENERAL TRADE,300D/097,12/3/2024,INV0000004760,SO0000004807,,Inv,,69566716,LIPTON PBAG KAW EK P20 24X(20X2.3G),Lipton,F,Confirmed,1,PC,0,0,0,0,0,0,0,
10003720,VILLY TRADING (M) SDN BHD,VT002,TAN MEE LIN,D9036636636694025709,MEGAMART SDN BHD @ BBM,GENERAL TRADE,300M/322,1/3/2024,INV0000004537,SO0000004586,,Inv,,69566716,LIPTON PBAG KAW EK P20 24X(20X2.3G),Lipton,S,Confirmed,48,PC,67.2,134.4,0,0,0,0,134.4,BBMPO24020564
10003720,VILLY TRADING (M) SDN BHD,VT002,TAN MEE LIN,D9036636636694025709,MEGAMART SDN BHD @ BBM,GENERAL TRADE,300M/322,1/3/2024,INV0000004537,SO0000004586,,Inv,,69566714,LIPTON PBAG EK P40 24X(40X2G),Lipton,S,Confirmed,24,PC,127.2,127.2,0,0,0,0,127.2,BBMPO24020564
10003720,VILLY TRADING (M) SDN BHD,VT002,TAN MEE LIN,D9036636636694025709,MEGAMART SDN BHD @ BBM,GENERAL TRADE,300M/322,1/3/2024,INV0000004537,SO0000004586,,Inv,,21182542,LIPTON YELLOW LABEL SIP2 36X100X2G,Lipton,S,Confirmed,12,PC,536.4,178.8,0,0,0,0,178.8,BBMPO24020564
10003720,VILLY TRADING (M) SDN BHD,VT002,TAN MEE LIN,D9036636636694025709,MEGAMART SDN BHD @ BBM,GENERAL TRADE,300M/322,1/3/2024,INV0000004537,SO0000004586,,Inv,,69566731,LIPTON PACKET TEA EK 36X400G,Lipton,S,Confirmed,12,PC,383.04,127.68,0,0,0,0,127.68,BBMPO24020564
10003720,VILLY TRADING (M) SDN BHD,VT002,TAN MEE LIN,D9036636636694025709,MEGAMART SDN BHD @ BBM,GENERAL TRADE,300M/322,1/3/2024,INV0000004537,SO0000004586,,Inv,,21182545,LIPTON YELLOW LABEL SIP2 12X50X2G,Lipton,S,Confirmed,12,PC,103.68,103.68,0,0,0,0,103.68,BBMPO24020564
10003720,VILLY TRADING (M) SDN BHD,VT002,TAN MEE LIN,D9036636636694025709,MEGAMART SDN BHD @ BBM,GENERAL TRADE,300M/322,1/3/2024,INV0000004537,SO0000004586,,Inv,,69566727,LIPTON PBAG KAW EK P80 24X(80X2.3G),Lipton,S,Confirmed,24,PC,218.4,218.4,0,0,0,0,218.4,BBMPO24020564
10003720,VILLY TRADING (M) SDN BHD,VT002,TAN MEE LIN,D9036636636694025709,MEGAMART SDN BHD @ BBM,GENERAL TRADE,300M/322,1/3/2024,INV0000004537,SO0000004586,,Inv,,69566721,LIPTON PBAG KAW EK P40 24X(40X2.3G),Lipton,S,Confirmed,24,PC,127.2,127.2,0,0,0,0,127.2,BBMPO24020564
10003720,VILLY TRADING (M) SDN BHD,VT002,TAN MEE LIN,D9036636636694025709,MEGAMART SDN BHD @ BBM,GENERAL TRADE,300M/322,1/3/2024,INV0000004537,SO0000004586,,Inv,,69566708,LIPTON PACKET TEA EK 72X200G,Lipton,S,Confirmed,6,PC,408.24,34.02,0,0,0,0,34.02,BBMPO24020564
10003720,VILLY TRADING (M) SDN BHD,VT003,EUNICE SIOW SEUI JIN,D9005705705704000525,PD FAMILY STORE SDN BHD,MODERN TRADE,3100/P88,1/3/2024,INV0000004578,SO0000004625,,Inv,,69566716,LIPTON PBAG KAW EK P20 24X(20X2.3G),Lipton,S,Confirmed,12,CS,67.2,806.4,0,0,0,0,806.4,64538
10003720,VILLY TRADING (M) SDN BHD,VT003,EUNICE SIOW SEUI JIN,D9005705705704000525,PD FAMILY STORE SDN BHD,MODERN TRADE,3100/P88,1/3/2024,INV0000004578,SO0000004625,,Inv,,69566714,LIPTON PBAG EK P40 24X(40X2G),Lipton,S,Confirmed,6,CS,127.2,763.2,0,0,0,0,763.2,64538
10003720,VILLY TRADING (M) SDN BHD,VT003,EUNICE SIOW SEUI JIN,D9005705705704000525,PD FAMILY STORE SDN BHD,MODERN TRADE,3100/P88,1/3/2024,INV0000004578,SO0000004625,,Inv,,69566714,LIPTON PBAG EK P40 24X(40X2G),Lipton,F,Confirmed,36,PC,0,0,0,0,0,0,0,64538
10003720,VILLY TRADING (M) SDN BHD,VT003,EUNICE SIOW SEUI JIN,D9005705705704000525,PD FAMILY STORE SDN BHD,MODERN TRADE,3100/P88,1/3/2024,INV0000004578,SO0000004625,,Inv,,68928387,LIPTON PBAG EK P20 24X(20X2G),Lipton,F,Confirmed,36,PC,0,0,0,0,0,0,0,64538
10003720,VILLY TRADING (M) SDN BHD,VT003,EUNICE SIOW SEUI JIN,D9005705705704000525,PD FAMILY STORE SDN BHD,MODERN TRADE,3100/P88,1/3/2024,INV0000004578,SO0000004625,,Inv,,21182545,LIPTON YELLOW LABEL SIP2 12X50X2G,Lipton,S,Confirmed,2,CS,103.68,207.36,0,0,0,0,207.36,64538
10003720,VILLY TRADING (M) SDN BHD,VT003,EUNICE SIOW SEUI JIN,D9005705705704000525,PD FAMILY STORE SDN BHD,MODERN TRADE,3100/P88,1/3/2024,INV0000004578,SO0000004625,,Inv,,69566708,LIPTON PACKET TEA EK 72X200G,Lipton,S,Confirmed,36,PC,408.24,204.12,0,0,0,0,204.12,64538
10003720,VILLY TRADING (M) SDN BHD,VT003,EUNICE SIOW SEUI JIN,D9005705705704000525,PD FAMILY STORE SDN BHD,MODERN TRADE,3100/P88,1/3/2024,INV0000004578,SO0000004625,,Inv,,69566731,LIPTON PACKET TEA EK 36X400G,Lipton,S,Confirmed,36,PC,383.04,383.04,0,0,0,0,383.04,64538
10003720,VILLY TRADING (M) SDN BHD,VT003,EUNICE SIOW SEUI JIN,D9005705705704000525,PD FAMILY STORE SDN BHD,MODERN TRADE,3100/P88,1/3/2024,INV0000004578,SO0000004625,,Inv,,68928387,LIPTON PBAG EK P20 24X(20X2G),Lipton,S,Confirmed,6,CS,67.2,403.2,0,0,0,0,403.2,64538
10003720,VILLY TRADING (M) SDN BHD,VT003,EUNICE SIOW SEUI JIN,D9005705705704000525,PD FAMILY STORE SDN BHD,MODERN TRADE,3100/P88,1/3/2024,INV0000004578,SO0000004625,,Inv,,69566721,LIPTON PBAG KAW EK P40 24X(40X2.3G),Lipton,S,Confirmed,12,CS,127.2,1526.4,0,0,0,0,1526.4,64538
10003720,VILLY TRADING (M) SDN BHD,VT003,EUNICE SIOW SEUI JIN,D9006106106104000493,SP ZEMART SDN BHD,MODERN TRADE,3100/S43,1/3/2024,INV0000004579,SO0000004626,,Inv,,69566721,LIPTON PBAG KAW EK P40 24X(40X2.3G),Lipton,F,Confirmed,60,PC,0,0,0,0,0,0,0,376192
10003720,VILLY TRADING (M) SDN BHD,VT003,EUNICE SIOW SEUI JIN,D9006106106104000493,SP ZEMART SDN BHD,MODERN TRADE,3100/S43,1/3/2024,INV0000004579,SO0000004626,,Inv,,69566716,LIPTON PBAG KAW EK P20 24X(20X2.3G),Lipton,S,Confirmed,10,CS,67.2,672,0,0,0,0,672,376192
10003720,VILLY TRADING (M) SDN BHD,VT003,EUNICE SIOW SEUI JIN,D9006106106104000493,SP ZEMART SDN BHD,MODERN TRADE,3100/S43,1/3/2024,INV0000004579,SO0000004626,,Inv,,21182542,LIPTON YELLOW LABEL SIP2 36X100X2G,Lipton,S,Confirmed,8,CS,536.4,4291.2,0,0,0,0,4291.2,376192
10003720,VILLY TRADING (M) SDN BHD,VT003,EUNICE SIOW SEUI JIN,D9006106106104000493,SP ZEMART SDN BHD,MODERN TRADE,3100/S43,1/3/2024,INV0000004579,SO0000004626,,Inv,,69566721,LIPTON PBAG KAW EK P40 24X(40X2.3G),Lipton,S,Confirmed,10,CS,127.2,1272,0,0,0,0,1272,376192
10003720,VILLY TRADING (M) SDN BHD,VT003,EUNICE SIOW SEUI JIN,D9006106106104000493,SP ZEMART SDN BHD,MODERN TRADE,3100/S43,1/3/2024,INV0000004579,SO0000004626,,Inv,,68928387,LIPTON PBAG EK P20 24X(20X2G),Lipton,S,Confirmed,5,CS,67.2,336,0,0,0,0,336,376192
10003720,VILLY TRADING (M) SDN BHD,VT003,EUNICE SIOW SEUI JIN,D9006106106104000493,SP ZEMART SDN BHD,MODERN TRADE,3100/S43,1/3/2024,INV0000004579,SO0000004626,,Inv,,69566714,LIPTON PBAG EK P40 24X(40X2G),Lipton,S,Confirmed,20,CS,127.2,2544,0,0,0,0,2544,376192
10003720,VILLY TRADING (M) SDN BHD,VT003,EUNICE SIOW SEUI JIN,D9006106106104000493,SP ZEMART SDN BHD,MODERN TRADE,3100/S43,1/3/2024,INV0000004579,SO0000004626,,Inv,,21182545,LIPTON YELLOW LABEL SIP2 12X50X2G,Lipton,S,Confirmed,6,CS,103.68,622.08,0,0,0,0,622.08,376192
10003720,VILLY TRADING (M) SDN BHD,VT003,EUNICE SIOW SEUI JIN,D9006106106194014405,SENAWANG ZEMART SDN BHD,MODERN TRADE,310S/012,1/3/2024,INV0000004580,SO0000004627,,Inv,,21182545,LIPTON YELLOW LABEL SIP2 12X50X2G,Lipton,S,Confirmed,6,CS,103.68,622.08,0,0,0,0,622.08,20423
10003720,VILLY TRADING (M) SDN BHD,VT003,EUNICE SIOW SEUI JIN,D9006106106194014405,SENAWANG ZEMART SDN BHD,MODERN TRADE,310S/012,1/3/2024,INV0000004580,SO0000004627,,Inv,,69566721,LIPTON PBAG KAW EK P40 24X(40X2.3G),Lipton,S,Confirmed,30,CS,127.2,3816,0,0,0,0,3816,20423
10003720,VILLY TRADING (M) SDN BHD,VT003,EUNICE SIOW SEUI JIN,D9006106106194014405,SENAWANG ZEMART SDN BHD,MODERN TRADE,310S/012,1/3/2024,INV0000004580,SO0000004627,,Inv,,69566706,LIPTON PBAG EK P80 24X(80X2G),Lipton,F,Confirmed,60,PC,0,0,0,0,0,0,0,20423
10003720,VILLY TRADING (M) SDN BHD,VT003,EUNICE SIOW SEUI JIN,D9006106106194014405,SENAWANG ZEMART SDN BHD,MODERN TRADE,310S/012,1/3/2024,INV0000004580,SO0000004627,,Inv,,69566708,LIPTON PACKET TEA EK 72X200G,Lipton,S,Confirmed,24,PC,408.24,136.08,0,0,0,0,136.08,20423
10003720,VILLY TRADING (M) SDN BHD,VT003,EUNICE SIOW SEUI JIN,D9006106106194014405,SENAWANG ZEMART SDN BHD,MODERN TRADE,310S/012,1/3/2024,INV0000004580,SO0000004627,,Inv,,69566727,LIPTON PBAG KAW EK P80 24X(80X2.3G),Lipton,S,Confirmed,30,CS,218.4,6552,0,0,0,0,6552,20423
10003720,VILLY TRADING (M) SDN BHD,VT003,EUNICE SIOW SEUI JIN,D9006106106194014405,SENAWANG ZEMART SDN BHD,MODERN TRADE,310S/012,1/3/2024,INV0000004580,SO0000004627,,Inv,,69566727,LIPTON PBAG KAW EK P80 24X(80X2.3G),Lipton,F,Confirmed,60,PC,0,0,0,0,0,0,0,20423
10003720,VILLY TRADING (M) SDN BHD,VT003,EUNICE SIOW SEUI JIN,D9006106106194014405,SENAWANG ZEMART SDN BHD,MODERN TRADE,310S/012,1/3/2024,INV0000004580,SO0000004627,,Inv,,69566706,LIPTON PBAG EK P80 24X(80X2G),Lipton,S,Confirmed,30,CS,218.4,6552,0,0,0,0,6552,20423
10003720,VILLY TRADING (M) SDN BHD,VT001,TAY HUNG GUAN,D9036336336312000411,BUKIT RAMBAI FAMILY STORE SDN BHD,MODERN TRADE,3000/B47,2/3/2024,INV0000004598,SO0000004645,,Inv,,69566731,LIPTON PACKET TEA EK 36X400G,Lipton,S,Confirmed,24,PC,383.04,255.36,0,0,0,0,255.36,7095029
10003720,VILLY TRADING (M) SDN BHD,VT001,TAY HUNG GUAN,D9036336336312000411,BUKIT RAMBAI FAMILY STORE SDN BHD,MODERN TRADE,3000/B47,2/3/2024,INV0000004598,SO0000004645,,Inv,,69566708,LIPTON PACKET TEA EK 72X200G,Lipton,S,Confirmed,24,PC,408.24,136.08,0,0,0,0,136.08,7095029
10003720,VILLY TRADING (M) SDN BHD,VT001,TAY HUNG GUAN,D9036336336312000411,BUKIT RAMBAI FAMILY STORE SDN BHD,MODERN TRADE,3000/B47,2/3/2024,INV0000004598,SO0000004645,,Inv,,69566718,LIPTON MT TEH HALIA EK 24X12X20G,Lipton,S,Confirmed,12,PC,384,192,0,0,0,0,192,7095029
10003720,VILLY TRADING (M) SDN BHD,VT001,TAY HUNG GUAN,D9036336336312000411,BUKIT RAMBAI FAMILY STORE SDN BHD,MODERN TRADE,3000/B47,2/3/2024,INV0000004598,SO0000004645,,Inv,,69566721,LIPTON PBAG KAW EK P40 24X(40X2.3G),Lipton,S,Confirmed,384,PC,127.2,2035.2,0,0,0,0,2035.2,7095029
10003720,VILLY TRADING (M) SDN BHD,VT001,TAY HUNG GUAN,D9036336336312000411,BUKIT RAMBAI FAMILY STORE SDN BHD,MODERN TRADE,3000/B47,2/3/2024,INV0000004598,SO0000004645,,Inv,,69566716,LIPTON PBAG KAW EK P20 24X(20X2.3G),Lipton,S,Confirmed,384,PC,67.2,1075.2,0,0,0,0,1075.2,7095029
10003720,VILLY TRADING (M) SDN BHD,VT001,TAY HUNG GUAN,D9036336336312000411,BUKIT RAMBAI FAMILY STORE SDN BHD,MODERN TRADE,3000/B47,2/3/2024,INV0000004598,SO0000004645,,Inv,,69566710,LIPTON MT MATCHA EK 24X12X20G,Lipton,S,Confirmed,12,PC,384,192,0,0,0,0,192,7095029
10003720,VILLY TRADING (M) SDN BHD,VT001,TAY HUNG GUAN,D9036636636694011434,M PARADE FAMILY STORE SDN. BHD.,MODERN TRADE,300M/376,13/3/2024,INV0000004770,SO0000004817,,Inv,,68928387,LIPTON PBAG EK P20 24X(20X2G),Lipton,S,Confirmed,30,CS,67.2,2016,0,0,0,0,2016,
10003720,VILLY TRADING (M) SDN BHD,VT001,TAY HUNG GUAN,D9036636636694011434,M PARADE FAMILY STORE SDN. BHD.,MODERN TRADE,300M/376,13/3/2024,INV0000004770,SO0000004817,,Inv,,68928387,LIPTON PBAG EK P20 24X(20X2G),Lipton,F,Confirmed,60,PC,0,0,0,0,0,0,0,
10003720,VILLY TRADING (M) SDN BHD,VT009,LAI TECK SEAN,D9036636636694011458,PASAR MINI TAQWA (FRI CLOSE),GENERAL TRADE,300P/195,13/3/2024,INV0000004771,SO0000004819,,Inv,,69566714,LIPTON PBAG EK P40 24X(40X2G),Lipton,F,Confirmed,1,PC,0,0,0,0,0,0,0,
10003720,VILLY TRADING (M) SDN BHD,VT009,LAI TECK SEAN,D9036636636694011458,PASAR MINI TAQWA (FRI CLOSE),GENERAL TRADE,300P/195,13/3/2024,INV0000004771,SO0000004819,,Inv,,69566716,LIPTON PBAG KAW EK P20 24X(20X2.3G),Lipton,F,Confirmed,1,PC,0,0,0,0,0,0,0,
10003720,VILLY TRADING (M) SDN BHD,VT009,LAI TECK SEAN,D9036636636694011458,PASAR MINI TAQWA (FRI CLOSE),GENERAL TRADE,300P/195,13/3/2024,INV0000004771,SO0000004819,,Inv,,69566716,LIPTON PBAG KAW EK P20 24X(20X2.3G),Lipton,S,Confirmed,23,PC,67.2,64.4,0,0,0,0,64.4,
10003720,VILLY TRADING (M) SDN BHD,VT009,LAI TECK SEAN,D9036636636694011458,PASAR MINI TAQWA (FRI CLOSE),GENERAL TRADE,300P/195,13/3/2024,INV0000004771,SO0000004819,,Inv,,69566714,LIPTON PBAG EK P40 24X(40X2G),Lipton,S,Confirmed,23,PC,127.2,121.9,0,0,0,0,121.9,
10003720,VILLY TRADING (M) SDN BHD,VT009,LAI TECK SEAN,D9037237237294000267,KEDAI RUNCIT ACK,GENERAL TRADE,300H/128,13/3/2024,INV0000004772,SO0000004818,,Inv,,68928387,LIPTON PBAG EK P20 24X(20X2G),Lipton,S,Confirmed,23,PC,67.2,64.4,0,0,0,0,64.4,
10003720,VILLY TRADING (M) SDN BHD,VT009,LAI TECK SEAN,D9037237237294000267,KEDAI RUNCIT ACK,GENERAL TRADE,300H/128,13/3/2024,INV0000004772,SO0000004818,,Inv,,68928387,LIPTON PBAG EK P20 24X(20X2G),Lipton,F,Confirmed,2,PC,0,0,0,0,0,0,0,
10003720,VILLY TRADING (M) SDN BHD,VT009,LAI TECK SEAN,D9037237237294000267,KEDAI RUNCIT ACK,GENERAL TRADE,300H/128,13/3/2024,INV0000004772,SO0000004818,,Inv,,69566721,LIPTON PBAG KAW EK P40 24X(40X2.3G),Lipton,S,Confirmed,6,PC,127.2,31.8,0,0,0,0,31.8,
10003720,VILLY TRADING (M) SDN BHD,VT009,LAI TECK SEAN,D9037237237294000267,KEDAI RUNCIT ACK,GENERAL TRADE,300H/128,13/3/2024,INV0000004772,SO0000004818,,Inv,,69566716,LIPTON PBAG KAW EK P20 24X(20X2.3G),Lipton,S,Confirmed,23,PC,67.2,64.4,0,0,0,0,64.4,
10003720,VILLY TRADING (M) SDN BHD,VT009,LAI TECK SEAN,D9037237237294000267,KEDAI RUNCIT ACK,GENERAL TRADE,300H/128,13/3/2024,INV0000004772,SO0000004818,,Inv,,21182545,LIPTON YELLOW LABEL SIP2 12X50X2G,Lipton,S,Confirmed,3,PC,103.68,25.92,0,0,0,0,25.92,
10003720,VILLY TRADING (M) SDN BHD,VT009,LAI TECK SEAN,D9037237237294000267,KEDAI RUNCIT ACK,GENERAL TRADE,300H/128,13/3/2024,INV0000004772,SO0000004818,,Inv,,69566716,LIPTON PBAG KAW EK P20 24X(20X2.3G),Lipton,F,Confirmed,1,PC,0,0,0,0,0,0,0,
10003720,VILLY TRADING (M) SDN BHD,VT009,LAI TECK SEAN,D9037237237294000267,KEDAI RUNCIT ACK,GENERAL TRADE,300H/128,13/3/2024,INV0000004772,SO0000004818,,Inv,,69566714,LIPTON PBAG EK P40 24X(40X2G),Lipton,S,Confirmed,6,PC,127.2,31.8,0,0,0,0,31.8,
10003720,VILLY TRADING (M) SDN BHD,VT002,TAN MEE LIN,D9006506506513000729,KG.BARU TAMPIN MINI MARKET,GENERAL TRADE,3000/K01,13/3/2024,INV0000004773,SO0000004820,,Inv,,69566714,LIPTON PBAG EK P40 24X(40X2G),Lipton,S,Confirmed,17,PC,127.2,90.1,0,0,0,0,90.1,
10003720,VILLY TRADING (M) SDN BHD,VT002,TAN MEE LIN,D9006506506513000729,KG.BARU TAMPIN MINI MARKET,GENERAL TRADE,3000/K01,13/3/2024,INV0000004773,SO0000004820,,Inv,,69566727,LIPTON PBAG KAW EK P80 24X(80X2.3G),Lipton,S,Confirmed,6,PC,218.4,54.6,0,0,0,0,54.6,
10003720,VILLY TRADING (M) SDN BHD,VT002,TAN MEE LIN,D9006506506513000729,KG.BARU TAMPIN MINI MARKET,GENERAL TRADE,3000/K01,13/3/2024,INV0000004773,SO0000004820,,Inv,,68928385,LIPTON PACKET TEA EK 12X12X50G,Lipton,S,Confirmed,12,PC,259.2,21.6,0,0,0,0,21.6,
10003720,VILLY TRADING (M) SDN BHD,VT002,TAN MEE LIN,D9006506506513000729,KG.BARU TAMPIN MINI MARKET,GENERAL TRADE,3000/K01,13/3/2024,INV0000004773,SO0000004820,,Inv,,69566708,LIPTON PACKET TEA EK 72X200G,Lipton,S,Confirmed,12,PC,408.24,68.04,0,0,0,0,68.04,
10003720,VILLY TRADING (M) SDN BHD,VT002,TAN MEE LIN,D9006506506513000729,KG.BARU TAMPIN MINI MARKET,GENERAL TRADE,3000/K01,13/3/2024,INV0000004773,SO0000004820,,Inv,,69566706,LIPTON PBAG EK P80 24X(80X2G),Lipton,S,Confirmed,6,PC,218.4,54.6,0,0,0,0,54.6,
10003720,VILLY TRADING (M) SDN BHD,VT002,TAN MEE LIN,D9006506506513000729,KG.BARU TAMPIN MINI MARKET,GENERAL TRADE,3000/K01,13/3/2024,INV0000004773,SO0000004820,,Inv,,69566721,LIPTON PBAG KAW EK P40 24X(40X2.3G),Lipton,S,Confirmed,6,PC,127.2,31.8,0,0,0,0,31.8,
10003720,VILLY TRADING (M) SDN BHD,VT002,TAN MEE LIN,D9006506506513000729,KG.BARU TAMPIN MINI MARKET,GENERAL TRADE,3000/K01,13/3/2024,INV0000004773,SO0000004820,,Inv,,69566721,LIPTON PBAG KAW EK P40 24X(40X2.3G),Lipton,F,Confirmed,1,PC,0,0,0,0,0,0,0,
10003720,VILLY TRADING (M) SDN BHD,VT002,TAN MEE LIN,D9006506506513000899,SHIN KANG ENTERPRISE,GENERAL TRADE,3000/S07,13/3/2024,INV0000004774,SO0000004822,,Inv,,69566721,LIPTON PBAG KAW EK P40 24X(40X2.3G),Lipton,S,Confirmed,12,PC,127.2,63.6,0,0,0,0,63.6,
10003720,VILLY TRADING (M) SDN BHD,VT002,TAN MEE LIN,D9006506506513000899,SHIN KANG ENTERPRISE,GENERAL TRADE,3000/S07,13/3/2024,INV0000004774,SO0000004822,,Inv,,68928387,LIPTON PBAG EK P20 24X(20X2G),Lipton,S,Confirmed,12,PC,67.2,33.6,0,0,0,0,33.6,
10003720,VILLY TRADING (M) SDN BHD,VT002,TAN MEE LIN,D9006506506513000899,SHIN KANG ENTERPRISE,GENERAL TRADE,3000/S07,13/3/2024,INV0000004774,SO0000004822,,Inv,,21182545,LIPTON YELLOW LABEL SIP2 12X50X2G,Lipton,S,Confirmed,3,PC,103.68,25.92,0,0,0,0,25.92,
10003720,VILLY TRADING (M) SDN BHD,VT002,TAN MEE LIN,D9006506506513000899,SHIN KANG ENTERPRISE,GENERAL TRADE,3000/S07,13/3/2024,INV0000004774,SO0000004822,,Inv,,21182542,LIPTON YELLOW LABEL SIP2 36X100X2G,Lipton,S,Confirmed,3,PC,536.4,44.7,0,0,0,0,44.7,
10003720,VILLY TRADING (M) SDN BHD,VT002,TAN MEE LIN,D9006506506513000899,SHIN KANG ENTERPRISE,GENERAL TRADE,3000/S07,13/3/2024,INV0000004774,SO0000004822,,Inv,,69566716,LIPTON PBAG KAW EK P20 24X(20X2.3G),Lipton,S,Confirmed,12,PC,67.2,33.6,0,0,0,0,33.6,
10003720,VILLY TRADING (M) SDN BHD,VT002,TAN MEE LIN,D9006506506513000899,SHIN KANG ENTERPRISE,GENERAL TRADE,3000/S07,13/3/2024,INV0000004774,SO0000004822,,Inv,,69566714,LIPTON PBAG EK P40 24X(40X2G),Lipton,S,Confirmed,12,PC,127.2,63.6,0,0,0,0,63.6,
10003720,VILLY TRADING (M) SDN BHD,VT002,TAN MEE LIN,D9006506506594024518,CHINTHAMANE STORE,GENERAL TRADE,3000/C54,13/3/2024,INV0000004775,SO0000004821,,Inv,,68928387,LIPTON PBAG EK P20 24X(20X2G),Lipton,S,Confirmed,6,PC,67.2,16.8,0,0,0,0,16.8,
10003720,VILLY TRADING (M) SDN BHD,VT002,TAN MEE LIN,D9036336336394018527,JATI FROZEN SDN. BHD.,GENERAL TRADE,300J/032,13/3/2024,INV0000004776,SO0000004823,,Inv,,68928387,LIPTON PBAG EK P20 24X(20X2G),Lipton,S,Confirmed,2,CS,67.2,134.4,0,0,0,0,134.4,
10003720,VILLY TRADING (M) SDN BHD,VT002,TAN MEE LIN,D9036336336394018527,JATI FROZEN SDN. BHD.,GENERAL TRADE,300J/032,13/3/2024,INV0000004776,SO0000004823,,Inv,,69566721,LIPTON PBAG KAW EK P40 24X(40X2.3G),Lipton,S,Confirmed,3,CS,127.2,381.6,0,0,0,0,381.6,
10003720,VILLY TRADING (M) SDN BHD,VT002,TAN MEE LIN,D9036336336394018527,JATI FROZEN SDN. BHD.,GENERAL TRADE,300J/032,13/3/2024,INV0000004776,SO0000004823,,Inv,,69566716,LIPTON PBAG KAW EK P20 24X(20X2.3G),Lipton,S,Confirmed,3,CS,67.2,201.6,0,0,0,0,201.6,
10003720,VILLY TRADING (M) SDN BHD,VT002,TAN MEE LIN,D9036336336394018527,JATI FROZEN SDN. BHD.,GENERAL TRADE,300J/032,13/3/2024,INV0000004776,SO0000004823,,Inv,,69566727,LIPTON PBAG KAW EK P80 24X(80X2.3G),Lipton,S,Confirmed,3,CS,218.4,655.2,0,0,0,0,655.2,
10003720,VILLY TRADING (M) SDN BHD,VT007,LIM KONG LING,D9036336336304000277,JUN SHUN MINI MARKET,GENERAL TRADE,3000/J41,13/3/2024,INV0000004777,SO0000004825,,Inv,,68928387,LIPTON PBAG EK P20 24X(20X2G),Lipton,S,Confirmed,23,PC,67.2,64.4,0,0,0,0,64.4,
10003720,VILLY TRADING (M) SDN BHD,VT007,LIM KONG LING,D9036336336304000277,JUN SHUN MINI MARKET,GENERAL TRADE,3000/J41,13/3/2024,INV0000004777,SO0000004825,,Inv,,68928387,LIPTON PBAG EK P20 24X(20X2G),Lipton,F,Confirmed,1,PC,0,0,0,0,0,0,0,
10003720,VILLY TRADING (M) SDN BHD,VT007,LIM KONG LING,D9036336336304000277,JUN SHUN MINI MARKET,GENERAL TRADE,3000/J41,13/3/2024,INV0000004777,SO0000004825,,Inv,,69566706,LIPTON PBAG EK P80 24X(80X2G),Lipton,S,Confirmed,6,PC,218.4,54.6,0,0,0,0,54.6,
10003720,VILLY TRADING (M) SDN BHD,VT007,LIM KONG LING,D9036336336304000266,T SQUARE MART,GENERAL TRADE,3000/H87,13/3/2024,INV0000004778,SO0000004824,,Inv,,69566721,LIPTON PBAG KAW EK P40 24X(40X2.3G),Lipton,F,Confirmed,1,PC,0,0,0,0,0,0,0,
10003720,VILLY TRADING (M) SDN BHD,VT007,LIM KONG LING,D9036336336304000266,T SQUARE MART,GENERAL TRADE,3000/H87,13/3/2024,INV0000004778,SO0000004824,,Inv,,68928387,LIPTON PBAG EK P20 24X(20X2G),Lipton,F,Confirmed,1,PC,0,0,0,0,0,0,0,
10003720,VILLY TRADING (M) SDN BHD,VT007,LIM KONG LING,D9036336336304000266,T SQUARE MART,GENERAL TRADE,3000/H87,13/3/2024,INV0000004778,SO0000004824,,Inv,,69566721,LIPTON PBAG KAW EK P40 24X(40X2.3G),Lipton,S,Confirmed,11,PC,127.2,58.3,0,0,0,0,58.3,
10003720,VILLY TRADING (M) SDN BHD,VT007,LIM KONG LING,D9036336336304000266,T SQUARE MART,GENERAL TRADE,3000/H87,13/3/2024,INV0000004778,SO0000004824,,Inv,,68928387,LIPTON PBAG EK P20 24X(20X2G),Lipton,S,Confirmed,23,PC,67.2,64.4,0,0,0,0,64.4,
10003720,VILLY TRADING (M) SDN BHD,VT007,LIM KONG LING,D9036336336304000266,T SQUARE MART,GENERAL TRADE,3000/H87,13/3/2024,INV0000004778,SO0000004824,,Inv,,69566714,LIPTON PBAG EK P40 24X(40X2G),Lipton,S,Confirmed,12,PC,127.2,63.6,0,0,0,0,63.6,
10003720,VILLY TRADING (M) SDN BHD,VT007,LIM KONG LING,D9036336336304000266,T SQUARE MART,GENERAL TRADE,3000/H87,13/3/2024,INV0000004778,SO0000004824,,Inv,,21182545,LIPTON YELLOW LABEL SIP2 12X50X2G,Lipton,S,Confirmed,1,CS,103.68,103.68,0,0,0,0,103.68,
10003720,VILLY TRADING (M) SDN BHD,VT007,LIM KONG LING,D9036336336304000346,SMZ MINI MART,GENERAL TRADE,300S/023,13/3/2024,INV0000004779,SO0000004828,,Inv,,68928387,LIPTON PBAG EK P20 24X(20X2G),Lipton,F,Confirmed,1,PC,0,0,0,0,0,0,0,
10003720,VILLY TRADING (M) SDN BHD,VT007,LIM KONG LING,D9036336336304000346,SMZ MINI MART,GENERAL TRADE,300S/023,13/3/2024,INV0000004779,SO0000004828,,Inv,,69566721,LIPTON PBAG KAW EK P40 24X(40X2.3G),Lipton,S,Confirmed,6,PC,127.2,31.8,0,0,0,0,31.8,
10003720,VILLY TRADING (M) SDN BHD,VT007,LIM KONG LING,D9036336336304000346,SMZ MINI MART,GENERAL TRADE,300S/023,13/3/2024,INV0000004779,SO0000004828,,Inv,,69566731,LIPTON PACKET TEA EK 36X400G,Lipton,S,Confirmed,3,PC,383.04,31.92,0,0,0,0,31.92,
10003720,VILLY TRADING (M) SDN BHD,VT007,LIM KONG LING,D9036336336304000346,SMZ MINI MART,GENERAL TRADE,300S/023,13/3/2024,INV0000004779,SO0000004828,,Inv,,69566716,LIPTON PBAG KAW EK P20 24X(20X2.3G),Lipton,S,Confirmed,6,PC,67.2,16.8,0,0,0,0,16.8,
10003720,VILLY TRADING (M) SDN BHD,VT007,LIM KONG LING,D9036336336304000346,SMZ MINI MART,GENERAL TRADE,300S/023,13/3/2024,INV0000004779,SO0000004828,,Inv,,69566708,LIPTON PACKET TEA EK 72X200G,Lipton,S,Confirmed,3,PC,408.24,17.01,0,0,0,0,17.01,
10003720,VILLY TRADING (M) SDN BHD,VT007,LIM KONG LING,D9036336336304000346,SMZ MINI MART,GENERAL TRADE,300S/023,13/3/2024,INV0000004779,SO0000004828,,Inv,,69566706,LIPTON PBAG EK P80 24X(80X2G),Lipton,S,Confirmed,3,PC,218.4,27.3,0,0,0,0,27.3,
10003720,VILLY TRADING (M) SDN BHD,VT007,LIM KONG LING,D9036336336304000346,SMZ MINI MART,GENERAL TRADE,300S/023,13/3/2024,INV0000004779,SO0000004828,,Inv,,68928387,LIPTON PBAG EK P20 24X(20X2G),Lipton,S,Confirmed,23,PC,67.2,64.4,0,0,0,0,64.4,
10003720,VILLY TRADING (M) SDN BHD,VT007,LIM KONG LING,D9036336336304000346,SMZ MINI MART,GENERAL TRADE,300S/023,13/3/2024,INV0000004779,SO0000004828,,Inv,,69566714,LIPTON PBAG EK P40 24X(40X2G),Lipton,S,Confirmed,3,PC,127.2,15.9,0,0,0,0,15.9,
10003720,VILLY TRADING (M) SDN BHD,VT007,LIM KONG LING,D9036336336304000346,SMZ MINI MART,GENERAL TRADE,300S/023,13/3/2024,INV0000004779,SO0000004828,,Inv,,69566716,LIPTON PBAG KAW EK P20 24X(20X2.3G),Lipton,F,Confirmed,1,PC,0,0,0,0,0,0,0,
10003720,VILLY TRADING (M) SDN BHD,VT007,LIM KONG LING,D9036336336394024348,PASARAYA EMS,GENERAL TRADE,3000/E05,13/3/2024,INV0000004780,SO0000004827,,Inv,,69566721,LIPTON PBAG KAW EK P40 24X(40X2.3G),Lipton,F,Confirmed,2,PC,0,0,0,0,0,0,0,
10003720,VILLY TRADING (M) SDN BHD,VT007,LIM KONG LING,D9036336336394024348,PASARAYA EMS,GENERAL TRADE,3000/E05,13/3/2024,INV0000004780,SO0000004827,,Inv,,69566721,LIPTON PBAG KAW EK P40 24X(40X2.3G),Lipton,S,Confirmed,23,PC,127.2,121.9,0,0,0,0,121.9,
10003720,VILLY TRADING (M) SDN BHD,VT007,LIM KONG LING,D9036336336394024348,PASARAYA EMS,GENERAL TRADE,3000/E05,13/3/2024,INV0000004780,SO0000004827,,Inv,,69566727,LIPTON PBAG KAW EK P80 24X(80X2.3G),Lipton,S,Confirmed,1,CS,218.4,218.4,0,0,0,0,218.4,
10003720,VILLY TRADING (M) SDN BHD,VT007,LIM KONG LING,D9036336336394024348,PASARAYA EMS,GENERAL TRADE,3000/E05,13/3/2024,INV0000004780,SO0000004827,,Inv,,69566714,LIPTON PBAG EK P40 24X(40X2G),Lipton,S,Confirmed,23,PC,127.2,121.9,0,0,0,0,121.9,
10003720,VILLY TRADING (M) SDN BHD,VT007,LIM KONG LING,D9036336336394024348,PASARAYA EMS,GENERAL TRADE,3000/E05,13/3/2024,INV0000004780,SO0000004827,,Inv,,69566714,LIPTON PBAG EK P40 24X(40X2G),Lipton,F,Confirmed,1,PC,0,0,0,0,0,0,0,
10003720,VILLY TRADING (M) SDN BHD,VT007,LIM KONG LING,D9036336336304000257,FAMOSA MINI MARKET,GENERAL TRADE,3000/H20,13/3/2024,INV0000004781,SO0000004829,,Inv,,69566714,LIPTON PBAG EK P40 24X(40X2G),Lipton,S,Confirmed,6,PC,127.2,31.8,0,0,0,0,31.8,
10003720,VILLY TRADING (M) SDN BHD,VT007,LIM KONG LING,D9036336336304000257,FAMOSA MINI MARKET,GENERAL TRADE,3000/H20,13/3/2024,INV0000004781,SO0000004829,,Inv,,69566721,LIPTON PBAG KAW EK P40 24X(40X2.3G),Lipton,S,Confirmed,6,PC,127.2,31.8,0,0,0,0,31.8,
10003720,VILLY TRADING (M) SDN BHD,VT007,LIM KONG LING,D9036336336304000257,FAMOSA MINI MARKET,GENERAL TRADE,3000/H20,13/3/2024,INV0000004781,SO0000004829,,Inv,,68928387,LIPTON PBAG EK P20 24X(20X2G),Lipton,S,Confirmed,6,PC,67.2,16.8,0,0,0,0,16.8,
10003720,VILLY TRADING (M) SDN BHD,VT007,LIM KONG LING,D9036336336304000257,FAMOSA MINI MARKET,GENERAL TRADE,3000/H20,13/3/2024,INV0000004781,SO0000004829,,Inv,,69566716,LIPTON PBAG KAW EK P20 24X(20X2.3G),Lipton,S,Confirmed,6,PC,67.2,16.8,0,0,0,0,16.8,
10003720,VILLY TRADING (M) SDN BHD,VT007,LIM KONG LING,D9036336336394025037,CHUAN SENG HENG,GENERAL TRADE,300C/007,13/3/2024,INV0000004782,SO0000004830,,Inv,,68928387,LIPTON PBAG EK P20 24X(20X2G),Lipton,S,Confirmed,6,PC,67.2,16.8,0,0,0,0,16.8,
10003720,VILLY TRADING (M) SDN BHD,VT007,LIM KONG LING,D9038038038012000031,SENG HUAT STORE,GENERAL TRADE,300S/492,13/3/2024,INV0000004783,SO0000004831,,Inv,,69566716,LIPTON PBAG KAW EK P20 24X(20X2.3G),Lipton,S,Confirmed,12,PC,67.2,33.6,0,0,0,0,33.6,
10003720,VILLY TRADING (M) SDN BHD,VT007,LIM KONG LING,D9036336336304000359,TAI POH SIONG TING,GENERAL TRADE,300T/029,13/3/2024,INV0000004784,SO0000004826,,Inv,,69566706,LIPTON PBAG EK P80 24X(80X2G),Lipton,S,Confirmed,1,CS,218.4,218.4,0,0,0,0,218.4,
10003720,VILLY TRADING (M) SDN BHD,VT007,LIM KONG LING,D9036336336312000310,KEDAI RUNCIT PAYA DATUK,GENERAL TRADE,3000/P75,13/3/2024,INV0000004785,SO0000004832,,Inv,,68928387,LIPTON PBAG EK P20 24X(20X2G),Lipton,S,Confirmed,1,CS,67.2,67.2,0,0,0,0,67.2,
10003720,VILLY TRADING (M) SDN BHD,VT009,LAI TECK SEAN,D9037937937912000103,TAI CHOK PENG & SONS SDN BHD,MODERN TRADE,3000/T64,13/3/2024,INV0000004786,SO0000004836,,Inv,,69566714,LIPTON PBAG EK P40 24X(40X2G),Lipton,F,Confirmed,10,PC,0,0,0,0,0,0,0,
10003720,VILLY TRADING (M) SDN BHD,VT009,LAI TECK SEAN,D9037937937912000103,TAI CHOK PENG & SONS SDN BHD,MODERN TRADE,3000/T64,13/3/2024,INV0000004786,SO0000004836,,Inv,,69566721,LIPTON PBAG KAW EK P40 24X(40X2.3G),Lipton,S,Confirmed,115,PC,127.2,609.5,0,0,0,0,609.5,
10003720,VILLY TRADING (M) SDN BHD,VT009,LAI TECK SEAN,D9037937937912000103,TAI CHOK PENG & SONS SDN BHD,MODERN TRADE,3000/T64,13/3/2024,INV0000004786,SO0000004836,,Inv,,69566716,LIPTON PBAG KAW EK P20 24X(20X2.3G),Lipton,S,Confirmed,115,PC,67.2,322,0,0,0,0,322,
10003720,VILLY TRADING (M) SDN BHD,VT009,LAI TECK SEAN,D9037937937912000103,TAI CHOK PENG & SONS SDN BHD,MODERN TRADE,3000/T64,13/3/2024,INV0000004786,SO0000004836,,Inv,,68928387,LIPTON PBAG EK P20 24X(20X2G),Lipton,F,Confirmed,10,PC,0,0,0,0,0,0,0,
10003720,VILLY TRADING (M) SDN BHD,VT009,LAI TECK SEAN,D9037937937912000103,TAI CHOK PENG & SONS SDN BHD,MODERN TRADE,3000/T64,13/3/2024,INV0000004786,SO0000004836,,Inv,,68928387,LIPTON PBAG EK P20 24X(20X2G),Lipton,S,Confirmed,115,PC,67.2,322,0,0,0,0,322,
10003720,VILLY TRADING (M) SDN BHD,VT009,LAI TECK SEAN,D9037937937912000103,TAI CHOK PENG & SONS SDN BHD,MODERN TRADE,3000/T64,13/3/2024,INV0000004786,SO0000004836,,Inv,,69566721,LIPTON PBAG KAW EK P40 24X(40X2.3G),Lipton,F,Confirmed,9,PC,0,0,0,0,0,0,0,
10003720,VILLY TRADING (M) SDN BHD,VT009,LAI TECK SEAN,D9037937937912000103,TAI CHOK PENG & SONS SDN BHD,MODERN TRADE,3000/T64,13/3/2024,INV0000004786,SO0000004836,,Inv,,69566716,LIPTON PBAG KAW EK P20 24X(20X2.3G),Lipton,F,Confirmed,9,PC,0,0,0,0,0,0,0,
10003720,VILLY TRADING (M) SDN BHD,VT009,LAI TECK SEAN,D9037937937912000103,TAI CHOK PENG & SONS SDN BHD,MODERN TRADE,3000/T64,13/3/2024,INV0000004786,SO0000004836,,Inv,,69566714,LIPTON PBAG EK P40 24X(40X2G),Lipton,S,Confirmed,115,PC,127.2,609.5,0,0,0,0,609.5,
10003720,VILLY TRADING (M) SDN BHD,VT003,EUNICE SIOW SEUI JIN,D9005700300394024788,SYARIKAT AMIN,GENERAL TRADE,3100/S01,13/3/2024,INV0000004788,SO0000004834,,Inv,,69566716,LIPTON PBAG KAW EK P20 24X(20X2.3G),Lipton,S,Confirmed,10,PC,67.2,28,0,0,0,0,28,
10003720,VILLY TRADING (M) SDN BHD,VT003,EUNICE SIOW SEUI JIN,D9005700300394024788,SYARIKAT AMIN,GENERAL TRADE,3100/S01,13/3/2024,INV0000004788,SO0000004834,,Inv,,69566708,LIPTON PACKET TEA EK 72X200G,Lipton,S,Confirmed,10,PC,408.24,56.7,0,0,0,0,56.7,
10003720,VILLY TRADING (M) SDN BHD,VT003,EUNICE SIOW SEUI JIN,D9005700300394024788,SYARIKAT AMIN,GENERAL TRADE,3100/S01,13/3/2024,INV0000004788,SO0000004834,,Inv,,68928385,LIPTON PACKET TEA EK 12X12X50G,Lipton,S,Confirmed,10,PC,259.2,18,0,0,0,0,18,
10003720,VILLY TRADING (M) SDN BHD,VT003,EUNICE SIOW SEUI JIN,D9005700300394024788,SYARIKAT AMIN,GENERAL TRADE,3100/S01,13/3/2024,INV0000004788,SO0000004834,,Inv,,69566714,LIPTON PBAG EK P40 24X(40X2G),Lipton,S,Confirmed,10,PC,127.2,53,0,0,0,0,53,
10003720,VILLY TRADING (M) SDN BHD,VT003,EUNICE SIOW SEUI JIN,D9005700300394024788,SYARIKAT AMIN,GENERAL TRADE,3100/S01,13/3/2024,INV0000004788,SO0000004834,,Inv,,68928387,LIPTON PBAG EK P20 24X(20X2G),Lipton,S,Confirmed,23,PC,67.2,64.4,0,0,0,0,64.4,
10003720,VILLY TRADING (M) SDN BHD,VT003,EUNICE SIOW SEUI JIN,D9005700300394024788,SYARIKAT AMIN,GENERAL TRADE,3100/S01,13/3/2024,INV0000004788,SO0000004834,,Inv,,69566721,LIPTON PBAG KAW EK P40 24X(40X2.3G),Lipton,S,Confirmed,10,PC,127.2,53,0,0,0,0,53,
10003720,VILLY TRADING (M) SDN BHD,VT003,EUNICE SIOW SEUI JIN,D9005700300394024788,SYARIKAT AMIN,GENERAL TRADE,3100/S01,13/3/2024,INV0000004788,SO0000004834,,Inv,,68928387,LIPTON PBAG EK P20 24X(20X2G),Lipton,F,Confirmed,2,PC,0,0,0,0,0,0,0,
10003720,VILLY TRADING (M) SDN BHD,VT006,WAN XIN YI,D9005305305305000256,PEMBORONG BARANG RUNCIT HUP SOON (M) SDN.BHD.(NS0054),GENERAL TRADE,3100/P07,13/3/2024,INV0000004791,SO0000004838,,Inv,,21182542,LIPTON YELLOW LABEL SIP2 36X100X2G,Lipton,S,Confirmed,6,PC,536.4,89.4,0,0,0,0,89.4,
10003720,VILLY TRADING (M) SDN BHD,VT006,WAN XIN YI,D9005305305305000256,PEMBORONG BARANG RUNCIT HUP SOON (M) SDN.BHD.(NS0054),GENERAL TRADE,3100/P07,13/3/2024,INV0000004791,SO0000004838,,Inv,,68928387,LIPTON PBAG EK P20 24X(20X2G),Lipton,F,Confirmed,18,PC,0,0,0,0,0,0,0,
10003720,VILLY TRADING (M) SDN BHD,VT006,WAN XIN YI,D9005305305305000256,PEMBORONG BARANG RUNCIT HUP SOON (M) SDN.BHD.(NS0054),GENERAL TRADE,3100/P07,13/3/2024,INV0000004791,SO0000004838,,Inv,,68928385,LIPTON PACKET TEA EK 12X12X50G,Lipton,S,Confirmed,48,PC,259.2,86.4,0,0,0,0,86.4,
10003720,VILLY TRADING (M) SDN BHD,VT006,WAN XIN YI,D9005305305305000256,PEMBORONG BARANG RUNCIT HUP SOON (M) SDN.BHD.(NS0054),GENERAL TRADE,3100/P07,13/3/2024,INV0000004791,SO0000004838,,Inv,,21182545,LIPTON YELLOW LABEL SIP2 12X50X2G,Lipton,S,Confirmed,3,CS,103.68,311.04,0,0,0,0,311.04,
10003720,VILLY TRADING (M) SDN BHD,VT006,WAN XIN YI,D9005305305305000256,PEMBORONG BARANG RUNCIT HUP SOON (M) SDN.BHD.(NS0054),GENERAL TRADE,3100/P07,13/3/2024,INV0000004791,SO0000004838,,Inv,,68928387,LIPTON PBAG EK P20 24X(20X2G),Lipton,S,Confirmed,9,CS,67.2,604.8,0,0,0,0,604.8,
10003720,VILLY TRADING (M) SDN BHD,VT006,WAN XIN YI,D9005305305305000256,PEMBORONG BARANG RUNCIT HUP SOON (M) SDN.BHD.(NS0054),GENERAL TRADE,3100/P07,13/3/2024,INV0000004791,SO0000004838,,Inv,,69566706,LIPTON PBAG EK P80 24X(80X2G),Lipton,S,Confirmed,1,CS,218.4,218.4,0,0,0,0,218.4,
10003720,VILLY TRADING (M) SDN BHD,VT006,WAN XIN YI,D9005305305305000256,PEMBORONG BARANG RUNCIT HUP SOON (M) SDN.BHD.(NS0054),GENERAL TRADE,3100/P07,13/3/2024,INV0000004791,SO0000004838,,Inv,,69566708,LIPTON PACKET TEA EK 72X200G,Lipton,S,Confirmed,24,PC,408.24,136.08,0,0,0,0,136.08,
10003720,VILLY TRADING (M) SDN BHD,VT004,YUKI LOH SOOK HAR,D9005705705704000328,PASAR MINI TAMAN DATO (FRI CLOSE) (1PM-2PM REHAT),GENERAL TRADE,3100/P04,13/3/2024,INV0000004789,SO0000004833,,Inv,,69566708,LIPTON PACKET TEA EK 72X200G,Lipton,S,Confirmed,6,PC,408.24,34.02,0,0,0,0,34.02,
10003720,VILLY TRADING (M) SDN BHD,VT004,YUKI LOH SOOK HAR,D9005705705704000328,PASAR MINI TAMAN DATO (FRI CLOSE) (1PM-2PM REHAT),GENERAL TRADE,3100/P04,13/3/2024,INV0000004789,SO0000004833,,Inv,,68928385,LIPTON PACKET TEA EK 12X12X50G,Lipton,S,Confirmed,6,PC,259.2,10.8,0,0,0,0,10.8,
10003720,VILLY TRADING (M) SDN BHD,VT004,YUKI LOH SOOK HAR,D9005700300394030117,PASAR MINI SHAWAL MAJU,GENERAL TRADE,310P/093,13/3/2024,INV0000004790,SO0000004835,,Inv,,68928385,LIPTON PACKET TEA EK 12X12X50G,Lipton,S,Confirmed,12,PC,259.2,21.6,0,0,0,0,21.6,
10003720,VILLY TRADING (M) SDN BHD,VT004,YUKI LOH SOOK HAR,D9005700300394030117,PASAR MINI SHAWAL MAJU,GENERAL TRADE,310P/093,13/3/2024,INV0000004790,SO0000004835,,Inv,,69566714,LIPTON PBAG EK P40 24X(40X2G),Lipton,S,Confirmed,6,PC,127.2,31.8,0,0,0,0,31.8,
10003720,VILLY TRADING (M) SDN BHD,VT004,YUKI LOH SOOK HAR,D9005700300394030117,PASAR MINI SHAWAL MAJU,GENERAL TRADE,310P/093,13/3/2024,INV0000004790,SO0000004835,,Inv,,68928387,LIPTON PBAG EK P20 24X(20X2G),Lipton,S,Confirmed,6,PC,67.2,16.8,0,0,0,0,16.8,
10003720,VILLY TRADING (M) SDN BHD,VT004,YUKI LOH SOOK HAR,D9005700300394030117,PASAR MINI SHAWAL MAJU,GENERAL TRADE,310P/093,13/3/2024,INV0000004790,SO0000004835,,Inv,,69566716,LIPTON PBAG KAW EK P20 24X(20X2.3G),Lipton,S,Confirmed,6,PC,67.2,16.8,0,0,0,0,16.8,
10003720,VILLY TRADING (M) SDN BHD,VT004,YUKI LOH SOOK HAR,D9005700300394030117,PASAR MINI SHAWAL MAJU,GENERAL TRADE,310P/093,13/3/2024,INV0000004790,SO0000004835,,Inv,,69566708,LIPTON PACKET TEA EK 72X200G,Lipton,S,Confirmed,6,PC,408.24,34.02,0,0,0,0,34.02,
10003720,VILLY TRADING (M) SDN BHD,VT004,YUKI LOH SOOK HAR,D9005700300394030117,PASAR MINI SHAWAL MAJU,GENERAL TRADE,310P/093,13/3/2024,INV0000004790,SO0000004835,,Inv,,21182542,LIPTON YELLOW LABEL SIP2 36X100X2G,Lipton,S,Confirmed,3,PC,536.4,44.7,0,0,0,0,44.7,
10003720,VILLY TRADING (M) SDN BHD,VT004,YUKI LOH SOOK HAR,D9005700300394030117,PASAR MINI SHAWAL MAJU,GENERAL TRADE,310P/093,13/3/2024,INV0000004790,SO0000004835,,Inv,,69566721,LIPTON PBAG KAW EK P40 24X(40X2.3G),Lipton,S,Confirmed,6,PC,127.2,31.8,0,0,0,0,31.8,
10003720,VILLY TRADING (M) SDN BHD,VT004,YUKI LOH SOOK HAR,D9005700300394030117,PASAR MINI SHAWAL MAJU,GENERAL TRADE,310P/093,13/3/2024,INV0000004790,SO0000004835,,Inv,,21182545,LIPTON YELLOW LABEL SIP2 12X50X2G,Lipton,S,Confirmed,6,PC,103.68,51.84,0,0,0,0,51.84,
10003720,VILLY TRADING (M) SDN BHD,VT003,EUNICE SIOW SEUI JIN,D9005700300394026053,MESRA FAMILY STORE SDN BHD (BATU 7),MODERN TRADE,3100/M02,13/3/2024,INV0000004787,SO0000004837,,Inv,,69566716,LIPTON PBAG KAW EK P20 24X(20X2.3G),Lipton,S,Confirmed,3,CS,67.2,201.6,0,0,0,0,201.6,
10003720,VILLY TRADING (M) SDN BHD,VT008,YONG WEE SEONG,D9036636636694024947,PASAR SEGAR NIRWANA,GENERAL TRADE,3000/N41,13/3/2024,INV0000004792,SO0000004839,,Inv,,68928387,LIPTON PBAG EK P20 24X(20X2G),Lipton,S,Confirmed,23,PC,67.2,64.4,0,0,0,0,64.4,
10003720,VILLY TRADING (M) SDN BHD,VT008,YONG WEE SEONG,D9036636636694024947,PASAR SEGAR NIRWANA,GENERAL TRADE,3000/N41,13/3/2024,INV0000004792,SO0000004839,,Inv,,68928387,LIPTON PBAG EK P20 24X(20X2G),Lipton,F,Confirmed,1,PC,0,0,0,0,0,0,0,
10003720,VILLY TRADING (M) SDN BHD,VT008,YONG WEE SEONG,D9037437437494003607,LOGAASHINY MINI MARKET,GENERAL TRADE,3000/L77,13/3/2024,INV0000004793,SO0000004840,,Inv,,68928387,LIPTON PBAG EK P20 24X(20X2G),Lipton,F,Confirmed,1,PC,0,0,0,0,0,0,0,
10003720,VILLY TRADING (M) SDN BHD,VT008,YONG WEE SEONG,D9037437437494003607,LOGAASHINY MINI MARKET,GENERAL TRADE,3000/L77,13/3/2024,INV0000004793,SO0000004840,,Inv,,68928387,LIPTON PBAG EK P20 24X(20X2G),Lipton,S,Confirmed,23,PC,67.2,64.4,0,0,0,0,64.4,
10003720,VILLY TRADING (M) SDN BHD,VT009,LAI TECK SEAN,D9036336336312000164,RZ MAJU SDN BHD,GENERAL TRADE,3000/R15,14/3/2024,TI004856,SO0000004850,,Inv,,69566706,LIPTON PBAG EK P80 24X(80X2G),Lipton,S,Cancelled Delivery,1,CS,218.4,218.4,0,0,0,0,218.4,
10003720,VILLY TRADING (M) SDN BHD,VT009,LAI TECK SEAN,D9036336336312000164,RZ MAJU SDN BHD,GENERAL TRADE,3000/R15,14/3/2024,TI004856,SO0000004850,,Inv,,69566716,LIPTON PBAG KAW EK P20 24X(20X2.3G),Lipton,F,Cancelled Delivery,1,PC,0,0,0,0,0,0,0,
10003720,VILLY TRADING (M) SDN BHD,VT009,LAI TECK SEAN,D9036336336312000164,RZ MAJU SDN BHD,GENERAL TRADE,3000/R15,14/3/2024,TI004856,SO0000004850,,Inv,,69566714,LIPTON PBAG EK P40 24X(40X2G),Lipton,S,Cancelled Delivery,23,PC,127.2,121.9,0,0,0,0,121.9,
10003720,VILLY TRADING (M) SDN BHD,VT009,LAI TECK SEAN,D9036336336312000164,RZ MAJU SDN BHD,GENERAL TRADE,3000/R15,14/3/2024,TI004856,SO0000004850,,Inv,,68928387,LIPTON PBAG EK P20 24X(20X2G),Lipton,S,Cancelled Delivery,23,PC,67.2,64.4,0,0,0,0,64.4,
10003720,VILLY TRADING (M) SDN BHD,VT009,LAI TECK SEAN,D9036336336312000164,RZ MAJU SDN BHD,GENERAL TRADE,3000/R15,14/3/2024,TI004856,SO0000004850,,Inv,,21182545,LIPTON YELLOW LABEL SIP2 12X50X2G,Lipton,S,Cancelled Delivery,1,CS,103.68,103.68,0,0,0,0,103.68,
10003720,VILLY TRADING (M) SDN BHD,VT009,LAI TECK SEAN,D9036336336312000164,RZ MAJU SDN BHD,GENERAL TRADE,3000/R15,14/3/2024,TI004856,SO0000004850,,Inv,,69566716,LIPTON PBAG KAW EK P20 24X(20X2.3G),Lipton,S,Cancelled Delivery,23,PC,67.2,64.4,0,0,0,0,64.4,
10003720,VILLY TRADING (M) SDN BHD,VT009,LAI TECK SEAN,D9036336336312000164,RZ MAJU SDN BHD,GENERAL TRADE,3000/R15,14/3/2024,TI004856,SO0000004850,,Inv,,68928387,LIPTON PBAG EK P20 24X(20X2G),Lipton,F,Cancelled Delivery,2,PC,0,0,0,0,0,0,0,
10003720,VILLY TRADING (M) SDN BHD,VT009,LAI TECK SEAN,D9036336336312000164,RZ MAJU SDN BHD,GENERAL TRADE,3000/R15,14/3/2024,TI004856,SO0000004850,,Inv,,69566721,LIPTON PBAG KAW EK P40 24X(40X2.3G),Lipton,S,Cancelled Delivery,23,PC,127.2,121.9,0,0,0,0,121.9,
10003720,VILLY TRADING (M) SDN BHD,VT009,LAI TECK SEAN,D9036336336312000164,RZ MAJU SDN BHD,GENERAL TRADE,3000/R15,14/3/2024,TI004856,SO0000004850,,Inv,,69566721,LIPTON PBAG KAW EK P40 24X(40X2.3G),Lipton,F,Cancelled Delivery,1,PC,0,0,0,0,0,0,0,
10003720,VILLY TRADING (M) SDN BHD,VT009,LAI TECK SEAN,D9036336336312000164,RZ MAJU SDN BHD,GENERAL TRADE,3000/R15,14/3/2024,TI004856,SO0000004850,,Inv,,69566714,LIPTON PBAG EK P40 24X(40X2G),Lipton,F,Cancelled Delivery,2,PC,0,0,0,0,0,0,0,
10003720,VILLY TRADING (M) SDN BHD,VT009,LAI TECK SEAN,D9036336336312000164,RZ MAJU SDN BHD,GENERAL TRADE,3000/R15,14/3/2024,TI004856,SO0000004850,,Inv,,69566727,LIPTON PBAG KAW EK P80 24X(80X2.3G),Lipton,S,Cancelled Delivery,1,CS,218.4,218.4,0,0,0,0,218.4,
10003720,VILLY TRADING (M) SDN BHD,VT003,EUNICE SIOW SEUI JIN,D9006106106194014405,SENAWANG ZEMART SDN BHD,MODERN TRADE,310S/012,14/3/2024,INV0000004794,SO0000004842,,Inv,,69566721,LIPTON PBAG KAW EK P40 24X(40X2.3G),Lipton,S,Confirmed,12,CS,127.2,1526.4,0,0,0,0,1526.4,
10003720,VILLY TRADING (M) SDN BHD,VT003,EUNICE SIOW SEUI JIN,D9006106106194014405,SENAWANG ZEMART SDN BHD,MODERN TRADE,310S/012,14/3/2024,INV0000004794,SO0000004842,,Inv,,68928387,LIPTON PBAG EK P20 24X(20X2G),Lipton,S,Confirmed,32,CS,67.2,2150.4,0,0,0,0,2150.4,
10003720,VILLY TRADING (M) SDN BHD,VT003,EUNICE SIOW SEUI JIN,D9006106106194014405,SENAWANG ZEMART SDN BHD,MODERN TRADE,310S/012,14/3/2024,INV0000004794,SO0000004842,,Inv,,69566714,LIPTON PBAG EK P40 24X(40X2G),Lipton,S,Confirmed,20,CS,127.2,2544,0,0,0,0,2544,
10003720,VILLY TRADING (M) SDN BHD,VT003,EUNICE SIOW SEUI JIN,D9006106106194014405,SENAWANG ZEMART SDN BHD,MODERN TRADE,310S/012,14/3/2024,INV0000004794,SO0000004842,,Inv,,69566716,LIPTON PBAG KAW EK P20 24X(20X2.3G),Lipton,F,Confirmed,120,PC,0,0,0,0,0,0,0,
10003720,VILLY TRADING (M) SDN BHD,VT003,EUNICE SIOW SEUI JIN,D9006106106194014405,SENAWANG ZEMART SDN BHD,MODERN TRADE,310S/012,14/3/2024,INV0000004794,SO0000004842,,Inv,,69566716,LIPTON PBAG KAW EK P20 24X(20X2.3G),Lipton,S,Confirmed,28,CS,67.2,1881.6,0,0,0,0,1881.6,
10003720,VILLY TRADING (M) SDN BHD,VT003,EUNICE SIOW SEUI JIN,D9004204204204000711,PASARAYA NS SDN BHD (SAT OFF),GENERAL TRADE,310P/103,14/3/2024,INV0000004795,SO0000004843,,Inv,,69566721,LIPTON PBAG KAW EK P40 24X(40X2.3G),Lipton,F,Confirmed,6,PC,0,0,0,0,0,0,0,
10003720,VILLY TRADING (M) SDN BHD,VT003,EUNICE SIOW SEUI JIN,D9004204204204000711,PASARAYA NS SDN BHD (SAT OFF),GENERAL TRADE,310P/103,14/3/2024,INV0000004795,SO0000004843,,Inv,,69566714,LIPTON PBAG EK P40 24X(40X2G),Lipton,S,Confirmed,3,CS,127.2,381.6,0,0,0,0,381.6,
10003720,VILLY TRADING (M) SDN BHD,VT003,EUNICE SIOW SEUI JIN,D9004204204204000711,PASARAYA NS SDN BHD (SAT OFF),GENERAL TRADE,310P/103,14/3/2024,INV0000004795,SO0000004843,,Inv,,69566716,LIPTON PBAG KAW EK P20 24X(20X2.3G),Lipton,F,Confirmed,12,PC,0,0,0,0,0,0,0,
10003720,VILLY TRADING (M) SDN BHD,VT003,EUNICE SIOW SEUI JIN,D9004204204204000711,PASARAYA NS SDN BHD (SAT OFF),GENERAL TRADE,310P/103,14/3/2024,INV0000004795,SO0000004843,,Inv,,68928387,LIPTON PBAG EK P20 24X(20X2G),Lipton,S,Confirmed,3,CS,67.2,201.6,0,0,0,0,201.6,
10003720,VILLY TRADING (M) SDN BHD,VT003,EUNICE SIOW SEUI JIN,D9004204204204000711,PASARAYA NS SDN BHD (SAT OFF),GENERAL TRADE,310P/103,14/3/2024,INV0000004795,SO0000004843,,Inv,,69566716,LIPTON PBAG KAW EK P20 24X(20X2.3G),Lipton,S,Confirmed,3,CS,67.2,201.6,0,0,0,0,201.6,
10003720,VILLY TRADING (M) SDN BHD,VT006,WAN XIN YI,D9005305305305000152,DL PRITHA ENT.,GENERAL TRADE,3100/D11,14/3/2024,INV0000004796,SO0000004844,,Inv,,69566731,LIPTON PACKET TEA EK 36X400G,Lipton,S,Confirmed,6,PC,383.04,63.84,0,0,0,0,63.84,
10003720,VILLY TRADING (M) SDN BHD,VT006,WAN XIN YI,D9005305305305000152,DL PRITHA ENT.,GENERAL TRADE,3100/D11,14/3/2024,INV0000004796,SO0000004844,,Inv,,69566714,LIPTON PBAG EK P40 24X(40X2G),Lipton,S,Confirmed,3,PC,127.2,15.9,0,0,0,0,15.9,
10003720,VILLY TRADING (M) SDN BHD,VT006,WAN XIN YI,D9005305305305000152,DL PRITHA ENT.,GENERAL TRADE,3100/D11,14/3/2024,INV0000004796,SO0000004844,,Inv,,68928387,LIPTON PBAG EK P20 24X(20X2G),Lipton,S,Confirmed,3,PC,67.2,8.4,0,0,0,0,8.4,
10003720,VILLY TRADING (M) SDN BHD,VT006,WAN XIN YI,D9005305305394031414,NIHAL MINI MART,GENERAL TRADE,3100/H31,14/3/2024,INV0000004797,SO0000004845,,Inv,,21182545,LIPTON YELLOW LABEL SIP2 12X50X2G,Lipton,S,Confirmed,6,PC,103.68,51.84,0,0,0,0,51.84,
10003720,VILLY TRADING (M) SDN BHD,VT006,WAN XIN YI,D9005305305394031414,NIHAL MINI MART,GENERAL TRADE,3100/H31,14/3/2024,INV0000004797,SO0000004845,,Inv,,69566731,LIPTON PACKET TEA EK 36X400G,Lipton,S,Confirmed,6,PC,383.04,63.84,0,0,0,0,63.84,
10003720,VILLY TRADING (M) SDN BHD,VT008,YONG WEE SEONG,D9036636636694025061,KEDAI RUNCIT ON LOK,GENERAL TRADE,3000/O11,14/3/2024,INV0000004798,SO0000004862,,Inv,,69566716,LIPTON PBAG KAW EK P20 24X(20X2.3G),Lipton,S,Confirmed,23,PC,67.2,64.4,0,0,0,0,64.4,
10003720,VILLY TRADING (M) SDN BHD,VT008,YONG WEE SEONG,D9036636636694025061,KEDAI RUNCIT ON LOK,GENERAL TRADE,3000/O11,14/3/2024,INV0000004798,SO0000004862,,Inv,,69566716,LIPTON PBAG KAW EK P20 24X(20X2.3G),Lipton,F,Confirmed,1,PC,0,0,0,0,0,0,0,
10003720,VILLY TRADING (M) SDN BHD,VT008,YONG WEE SEONG,D9006506506594032556,BIG 10 GROCER (GEMENCHEH) SDN BHD,GENERAL TRADE,300B/203,14/3/2024,INV0000004799,SO0000004861,,Inv,,68928385,LIPTON PACKET TEA EK 12X12X50G,Lipton,S,Confirmed,12,PC,259.2,21.6,0,0,0,0,21.6,
10003720,VILLY TRADING (M) SDN BHD,VT008,YONG WEE SEONG,D9006506506594032556,BIG 10 GROCER (GEMENCHEH) SDN BHD,GENERAL TRADE,300B/203,14/3/2024,INV0000004799,SO0000004861,,Inv,,69566708,LIPTON PACKET TEA EK 72X200G,Lipton,S,Confirmed,6,PC,408.24,34.02,0,0,0,0,34.02,
10003720,VILLY TRADING (M) SDN BHD,VT008,YONG WEE SEONG,D9006506506594032556,BIG 10 GROCER (GEMENCHEH) SDN BHD,GENERAL TRADE,300B/203,14/3/2024,INV0000004799,SO0000004861,,Inv,,69566731,LIPTON PACKET TEA EK 36X400G,Lipton,S,Confirmed,6,PC,383.04,63.84,0,0,0,0,63.84,
10003720,VILLY TRADING (M) SDN BHD,VT008,YONG WEE SEONG,D9006506506594032556,BIG 10 GROCER (GEMENCHEH) SDN BHD,GENERAL TRADE,300B/203,14/3/2024,INV0000004799,SO0000004861,,Inv,,69566727,LIPTON PBAG KAW EK P80 24X(80X2.3G),Lipton,S,Confirmed,6,PC,218.4,54.6,0,0,0,0,54.6,
10003720,VILLY TRADING (M) SDN BHD,VT008,YONG WEE SEONG,D9006506506594032556,BIG 10 GROCER (GEMENCHEH) SDN BHD,GENERAL TRADE,300B/203,14/3/2024,INV0000004799,SO0000004861,,Inv,,69566714,LIPTON PBAG EK P40 24X(40X2G),Lipton,F,Confirmed,2,PC,0,0,0,0,0,0,0,
10003720,VILLY TRADING (M) SDN BHD,VT008,YONG WEE SEONG,D9006506506594032556,BIG 10 GROCER (GEMENCHEH) SDN BHD,GENERAL TRADE,300B/203,14/3/2024,INV0000004799,SO0000004861,,Inv,,69566721,LIPTON PBAG KAW EK P40 24X(40X2.3G),Lipton,F,Confirmed,1,PC,0,0,0,0,0,0,0,
10003720,VILLY TRADING (M) SDN BHD,VT008,YONG WEE SEONG,D9006506506594032556,BIG 10 GROCER (GEMENCHEH) SDN BHD,GENERAL TRADE,300B/203,14/3/2024,INV0000004799,SO0000004861,,Inv,,69566721,LIPTON PBAG KAW EK P40 24X(40X2.3G),Lipton,S,Confirmed,23,PC,127.2,121.9,0,0,0,0,121.9,
10003720,VILLY TRADING (M) SDN BHD,VT008,YONG WEE SEONG,D9006506506594032556,BIG 10 GROCER (GEMENCHEH) SDN BHD,GENERAL TRADE,300B/203,14/3/2024,INV0000004799,SO0000004861,,Inv,,69566716,LIPTON PBAG KAW EK P20 24X(20X2.3G),Lipton,F,Confirmed,1,PC,0,0,0,0,0,0,0,
10003720,VILLY TRADING (M) SDN BHD,VT008,YONG WEE SEONG,D9006506506594032556,BIG 10 GROCER (GEMENCHEH) SDN BHD,GENERAL TRADE,300B/203,14/3/2024,INV0000004799,SO0000004861,,Inv,,68928387,LIPTON PBAG EK P20 24X(20X2G),Lipton,F,Confirmed,2,PC,0,0,0,0,0,0,0,
10003720,VILLY TRADING (M) SDN BHD,VT008,YONG WEE SEONG,D9006506506594032556,BIG 10 GROCER (GEMENCHEH) SDN BHD,GENERAL TRADE,300B/203,14/3/2024,INV0000004799,SO0000004861,,Inv,,69566716,LIPTON PBAG KAW EK P20 24X(20X2.3G),Lipton,S,Confirmed,23,PC,67.2,64.4,0,0,0,0,64.4,
10003720,VILLY TRADING (M) SDN BHD,VT008,YONG WEE SEONG,D9006506506594032556,BIG 10 GROCER (GEMENCHEH) SDN BHD,GENERAL TRADE,300B/203,14/3/2024,INV0000004799,SO0000004861,,Inv,,69566706,LIPTON PBAG EK P80 24X(80X2G),Lipton,S,Confirmed,6,PC,218.4,54.6,0,0,0,0,54.6,
10003720,VILLY TRADING (M) SDN BHD,VT008,YONG WEE SEONG,D9006506506594032556,BIG 10 GROCER (GEMENCHEH) SDN BHD,GENERAL TRADE,300B/203,14/3/2024,INV0000004799,SO0000004861,,Inv,,69566714,LIPTON PBAG EK P40 24X(40X2G),Lipton,S,Confirmed,23,PC,127.2,121.9,0,0,0,0,121.9,
10003720,VILLY TRADING (M) SDN BHD,VT008,YONG WEE SEONG,D9006506506594032556,BIG 10 GROCER (GEMENCHEH) SDN BHD,GENERAL TRADE,300B/203,14/3/2024,INV0000004799,SO0000004861,,Inv,,68928387,LIPTON PBAG EK P20 24X(20X2G),Lipton,S,Confirmed,23,PC,67.2,64.4,0,0,0,0,64.4,
10003720,VILLY TRADING (M) SDN BHD,VT002,TAN MEE LIN,D9006506506594025189,SANGAM MINI MARKET,GENERAL TRADE,300S/040,14/3/2024,INV0000004800,SO0000004859,,Inv,,69566708,LIPTON PACKET TEA EK 72X200G,Lipton,S,Confirmed,2,PC,408.24,11.34,0,0,0,0,11.34,
10003720,VILLY TRADING (M) SDN BHD,VT002,TAN MEE LIN,D9036336336312000201,RAHIM PALM OIL INDS ( M ) SDN BHD,MODERN TRADE,3000/R11,14/3/2024,INV0000004801,SO0000004858,,Inv,,69566714,LIPTON PBAG EK P40 24X(40X2G),Lipton,S,Confirmed,6,CS,127.2,763.2,0,0,0,0,763.2,
10003720,VILLY TRADING (M) SDN BHD,VT002,TAN MEE LIN,D9036336336312000201,RAHIM PALM OIL INDS ( M ) SDN BHD,MODERN TRADE,3000/R11,14/3/2024,INV0000004801,SO0000004858,,Inv,,21182545,LIPTON YELLOW LABEL SIP2 12X50X2G,Lipton,S,Confirmed,1,CS,103.68,103.68,0,0,0,0,103.68,
10003720,VILLY TRADING (M) SDN BHD,VT002,TAN MEE LIN,D9036336336312000201,RAHIM PALM OIL INDS ( M ) SDN BHD,MODERN TRADE,3000/R11,14/3/2024,INV0000004801,SO0000004858,,Inv,,69566721,LIPTON PBAG KAW EK P40 24X(40X2.3G),Lipton,S,Confirmed,8,CS,127.2,1017.6,0,0,0,0,1017.6,
10003720,VILLY TRADING (M) SDN BHD,VT002,TAN MEE LIN,D9036336336312000201,RAHIM PALM OIL INDS ( M ) SDN BHD,MODERN TRADE,3000/R11,14/3/2024,INV0000004801,SO0000004858,,Inv,,69566727,LIPTON PBAG KAW EK P80 24X(80X2.3G),Lipton,S,Confirmed,6,CS,218.4,1310.4,0,0,0,0,1310.4,
10003720,VILLY TRADING (M) SDN BHD,VT002,TAN MEE LIN,D9036336336312000201,RAHIM PALM OIL INDS ( M ) SDN BHD,MODERN TRADE,3000/R11,14/3/2024,INV0000004801,SO0000004858,,Inv,,69566716,LIPTON PBAG KAW EK P20 24X(20X2.3G),Lipton,S,Confirmed,8,CS,67.2,537.6,0,0,0,0,537.6,
10003720,VILLY TRADING (M) SDN BHD,VT002,TAN MEE LIN,D9036336336312000201,RAHIM PALM OIL INDS ( M ) SDN BHD,MODERN TRADE,3000/R11,14/3/2024,INV0000004801,SO0000004858,,Inv,,69566706,LIPTON PBAG EK P80 24X(80X2G),Lipton,S,Confirmed,6,CS,218.4,1310.4,0,0,0,0,1310.4,
10003720,VILLY TRADING (M) SDN BHD,VT002,TAN MEE LIN,D9036336336312000201,RAHIM PALM OIL INDS ( M ) SDN BHD,MODERN TRADE,3000/R11,14/3/2024,INV0000004801,SO0000004858,,Inv,,68928387,LIPTON PBAG EK P20 24X(20X2G),Lipton,S,Confirmed,6,CS,67.2,403.2,0,0,0,0,403.2,
10003720,VILLY TRADING (M) SDN BHD,VT002,TAN MEE LIN,D9036336336312000201,RAHIM PALM OIL INDS ( M ) SDN BHD,MODERN TRADE,3000/R11,14/3/2024,INV0000004801,SO0000004858,,Inv,,21182542,LIPTON YELLOW LABEL SIP2 36X100X2G,Lipton,S,Confirmed,24,PC,536.4,357.6,0,0,0,0,357.6,
10003720,VILLY TRADING (M) SDN BHD,VT002,TAN MEE LIN,D9036336336312000544,KT FOOD (M) SDN BHD,GENERAL TRADE,300K/196,14/3/2024,INV0000004802,SO0000004857,,Inv,,21182545,LIPTON YELLOW LABEL SIP2 12X50X2G,Lipton,S,Confirmed,3,CS,103.68,311.04,0,0,0,0,311.04,
10003720,VILLY TRADING (M) SDN BHD,VT007,LIM KONG LING,D9036336336312000180,GADEK MINI MARKET,GENERAL TRADE,3000/G29,14/3/2024,INV0000004803,SO0000004855,,Inv,,21182545,LIPTON YELLOW LABEL SIP2 12X50X2G,Lipton,S,Confirmed,1,CS,103.68,103.68,0,0,0,0,103.68,
10003720,VILLY TRADING (M) SDN BHD,VT007,LIM KONG LING,D9036336336312000180,GADEK MINI MARKET,GENERAL TRADE,3000/G29,14/3/2024,INV0000004803,SO0000004855,,Inv,,21182542,LIPTON YELLOW LABEL SIP2 36X100X2G,Lipton,S,Confirmed,6,PC,536.4,89.4,0,0,0,0,89.4,
10003720,VILLY TRADING (M) SDN BHD,VT008,YONG WEE SEONG,D9037437437413000233,KEDAI RUNCIT BATANG MELAKA JAYA,GENERAL TRADE,3000/B77,14/3/2024,INV0000004804,SO0000004860,,Inv,,68928387,LIPTON PBAG EK P20 24X(20X2G),Lipton,S,Confirmed,6,PC,67.2,16.8,0,0,0,0,16.8,
10003720,VILLY TRADING (M) SDN BHD,VT008,YONG WEE SEONG,D9037437437413000233,KEDAI RUNCIT BATANG MELAKA JAYA,GENERAL TRADE,3000/B77,14/3/2024,INV0000004804,SO0000004860,,Inv,,69566714,LIPTON PBAG EK P40 24X(40X2G),Lipton,S,Confirmed,6,PC,127.2,31.8,0,0,0,0,31.8,
10003720,VILLY TRADING (M) SDN BHD,VT008,YONG WEE SEONG,D9037437437413000233,KEDAI RUNCIT BATANG MELAKA JAYA,GENERAL TRADE,3000/B77,14/3/2024,INV0000004804,SO0000004860,,Inv,,69566716,LIPTON PBAG KAW EK P20 24X(20X2.3G),Lipton,S,Confirmed,6,PC,67.2,16.8,0,0,0,0,16.8,
10003720,VILLY TRADING (M) SDN BHD,VT008,YONG WEE SEONG,D9037437437413000233,KEDAI RUNCIT BATANG MELAKA JAYA,GENERAL TRADE,3000/B77,14/3/2024,INV0000004804,SO0000004860,,Inv,,69566721,LIPTON PBAG KAW EK P40 24X(40X2.3G),Lipton,S,Confirmed,6,PC,127.2,31.8,0,0,0,0,31.8,
10003720,VILLY TRADING (M) SDN BHD,VT007,LIM KONG LING,D9036336336394025572,SEBANG MUTIARA MINI MART,GENERAL TRADE,3000/S56,14/3/2024,INV0000004805,SO0000004854,,Inv,,68928387,LIPTON PBAG EK P20 24X(20X2G),Lipton,S,Confirmed,6,PC,67.2,16.8,0,0,0,0,16.8,
10003720,VILLY TRADING (M) SDN BHD,VT007,LIM KONG LING,D9036336336394025572,SEBANG MUTIARA MINI MART,GENERAL TRADE,3000/S56,14/3/2024,INV0000004805,SO0000004854,,Inv,,69566716,LIPTON PBAG KAW EK P20 24X(20X2.3G),Lipton,S,Confirmed,6,PC,67.2,16.8,0,0,0,0,16.8,
10003720,VILLY TRADING (M) SDN BHD,VT011,JASON LO CHEE YANG,D9037437437494010411,HANTAI JASIN TRADING,GENERAL TRADE,300H/225,14/3/2024,INV0000004806,SO0000004863,,Inv,,69566708,LIPTON PACKET TEA EK 72X200G,Lipton,S,Confirmed,1,CS,408.24,408.24,0,0,0,0,408.24,
10003720,VILLY TRADING (M) SDN BHD,VT011,JASON LO CHEE YANG,D9037437437494010411,HANTAI JASIN TRADING,GENERAL TRADE,300H/225,14/3/2024,INV0000004806,SO0000004863,,Inv,,69566714,LIPTON PBAG EK P40 24X(40X2G),Lipton,S,Confirmed,1,CS,127.2,127.2,0,0,0,0,127.2,
10003720,VILLY TRADING (M) SDN BHD,VT011,JASON LO CHEE YANG,D9037437437494010411,HANTAI JASIN TRADING,GENERAL TRADE,300H/225,14/3/2024,INV0000004806,SO0000004863,,Inv,,68928387,LIPTON PBAG EK P20 24X(20X2G),Lipton,S,Confirmed,1,CS,67.2,67.2,0,0,0,0,67.2,
10003720,VILLY TRADING (M) SDN BHD,VT007,LIM KONG LING,D9036336336394021662,SWAARNA SUKRA ENTERPRISE,GENERAL TRADE,300S/673,14/3/2024,INV0000004807,SO0000004856,,Inv,,21182545,LIPTON YELLOW LABEL SIP2 12X50X2G,Lipton,S,Confirmed,1,CS,103.68,103.68,0,0,0,0,103.68,
10003720,VILLY TRADING (M) SDN BHD,VT007,LIM KONG LING,D9036336336394021662,SWAARNA SUKRA ENTERPRISE,GENERAL TRADE,300S/673,14/3/2024,INV0000004807,SO0000004856,,Inv,,69566714,LIPTON PBAG EK P40 24X(40X2G),Lipton,S,Confirmed,10,PC,127.2,53,0,0,0,0,53,
10003720,VILLY TRADING (M) SDN BHD,VT007,LIM KONG LING,D9036336336394021662,SWAARNA SUKRA ENTERPRISE,GENERAL TRADE,300S/673,14/3/2024,INV0000004807,SO0000004856,,Inv,,68928387,LIPTON PBAG EK P20 24X(20X2G),Lipton,S,Confirmed,10,PC,67.2,28,0,0,0,0,28,
10003720,VILLY TRADING (M) SDN BHD,VT009,LAI TECK SEAN,D9036336336312000390,PASAR MINI PEKAN RUMBIA,GENERAL TRADE,300P/010,14/3/2024,INV0000004808,SO0000004848,,Inv,,69566727,LIPTON PBAG KAW EK P80 24X(80X2.3G),Lipton,S,Confirmed,12,PC,218.4,109.2,0,0,0,0,109.2,
10003720,VILLY TRADING (M) SDN BHD,VT009,LAI TECK SEAN,D9036336336312000390,PASAR MINI PEKAN RUMBIA,GENERAL TRADE,300P/010,14/3/2024,INV0000004808,SO0000004848,,Inv,,69566714,LIPTON PBAG EK P40 24X(40X2G),Lipton,F,Confirmed,2,PC,0,0,0,0,0,0,0,
10003720,VILLY TRADING (M) SDN BHD,VT009,LAI TECK SEAN,D9036336336312000390,PASAR MINI PEKAN RUMBIA,GENERAL TRADE,300P/010,14/3/2024,INV0000004808,SO0000004848,,Inv,,69566721,LIPTON PBAG KAW EK P40 24X(40X2.3G),Lipton,F,Confirmed,1,PC,0,0,0,0,0,0,0,
10003720,VILLY TRADING (M) SDN BHD,VT009,LAI TECK SEAN,D9036336336312000390,PASAR MINI PEKAN RUMBIA,GENERAL TRADE,300P/010,14/3/2024,INV0000004808,SO0000004848,,Inv,,68928387,LIPTON PBAG EK P20 24X(20X2G),Lipton,F,Confirmed,2,PC,0,0,0,0,0,0,0,
10003720,VILLY TRADING (M) SDN BHD,VT009,LAI TECK SEAN,D9036336336312000390,PASAR MINI PEKAN RUMBIA,GENERAL TRADE,300P/010,14/3/2024,INV0000004808,SO0000004848,,Inv,,69566721,LIPTON PBAG KAW EK P40 24X(40X2.3G),Lipton,S,Confirmed,23,PC,127.2,121.9,0,0,0,0,121.9,
10003720,VILLY TRADING (M) SDN BHD,VT009,LAI TECK SEAN,D9036336336312000390,PASAR MINI PEKAN RUMBIA,GENERAL TRADE,300P/010,14/3/2024,INV0000004808,SO0000004848,,Inv,,68928387,LIPTON PBAG EK P20 24X(20X2G),Lipton,S,Confirmed,23,PC,67.2,64.4,0,0,0,0,64.4,
10003720,VILLY TRADING (M) SDN BHD,VT009,LAI TECK SEAN,D9036336336312000390,PASAR MINI PEKAN RUMBIA,GENERAL TRADE,300P/010,14/3/2024,INV0000004808,SO0000004848,,Inv,,69566716,LIPTON PBAG KAW EK P20 24X(20X2.3G),Lipton,S,Confirmed,23,PC,67.2,64.4,0,0,0,0,64.4,
10003720,VILLY TRADING (M) SDN BHD,VT009,LAI TECK SEAN,D9036336336312000390,PASAR MINI PEKAN RUMBIA,GENERAL TRADE,300P/010,14/3/2024,INV0000004808,SO0000004848,,Inv,,69566716,LIPTON PBAG KAW EK P20 24X(20X2.3G),Lipton,F,Confirmed,1,PC,0,0,0,0,0,0,0,
10003720,VILLY TRADING (M) SDN BHD,VT009,LAI TECK SEAN,D9036336336312000390,PASAR MINI PEKAN RUMBIA,GENERAL TRADE,300P/010,14/3/2024,INV0000004808,SO0000004848,,Inv,,69566706,LIPTON PBAG EK P80 24X(80X2G),Lipton,S,Confirmed,12,PC,218.4,109.2,0,0,0,0,109.2,
10003720,VILLY TRADING (M) SDN BHD,VT009,LAI TECK SEAN,D9036336336312000390,PASAR MINI PEKAN RUMBIA,GENERAL TRADE,300P/010,14/3/2024,INV0000004808,SO0000004848,,Inv,,69566714,LIPTON PBAG EK P40 24X(40X2G),Lipton,S,Confirmed,23,PC,127.2,121.9,0,0,0,0,121.9,
10003720,VILLY TRADING (M) SDN BHD,VT009,LAI TECK SEAN,D9036336336312000164,RZ MAJU SDN BHD,GENERAL TRADE,3000/R15,14/3/2024,INV0000004809,SO0000004850,,Inv,,69566727,LIPTON PBAG KAW EK P80 24X(80X2.3G),Lipton,S,Confirmed,1,CS,218.4,218.4,0,0,0,0,218.4,
10003720,VILLY TRADING (M) SDN BHD,VT009,LAI TECK SEAN,D9036336336312000164,RZ MAJU SDN BHD,GENERAL TRADE,3000/R15,14/3/2024,INV0000004809,SO0000004850,,Inv,,69566718,LIPTON MT TEH HALIA EK 24X12X20G,Lipton,S,Confirmed,8,PC,384,128,0,0,0,0,128,
10003720,VILLY TRADING (M) SDN BHD,VT009,LAI TECK SEAN,D9036336336312000164,RZ MAJU SDN BHD,GENERAL TRADE,3000/R15,14/3/2024,INV0000004809,SO0000004850,,Inv,,69566723,LIPTON MT CLASSIC EK 24X12X20G,Lipton,S,Confirmed,8,PC,384,128,0,0,0,0,128,
10003720,VILLY TRADING (M) SDN BHD,VT009,LAI TECK SEAN,D9036336336312000164,RZ MAJU SDN BHD,GENERAL TRADE,3000/R15,14/3/2024,INV0000004809,SO0000004850,,Inv,,21182545,LIPTON YELLOW LABEL SIP2 12X50X2G,Lipton,S,Confirmed,1,CS,103.68,103.68,0,0,0,0,103.68,
10003720,VILLY TRADING (M) SDN BHD,VT009,LAI TECK SEAN,D9036336336312000164,RZ MAJU SDN BHD,GENERAL TRADE,3000/R15,14/3/2024,INV0000004809,SO0000004850,,Inv,,68928387,LIPTON PBAG EK P20 24X(20X2G),Lipton,S,Confirmed,23,PC,67.2,64.4,0,0,0,0,64.4,
10003720,VILLY TRADING (M) SDN BHD,VT009,LAI TECK SEAN,D9036336336312000164,RZ MAJU SDN BHD,GENERAL TRADE,3000/R15,14/3/2024,INV0000004809,SO0000004850,,Inv,,69566714,LIPTON PBAG EK P40 24X(40X2G),Lipton,S,Confirmed,23,PC,127.2,121.9,0,0,0,0,121.9,
10003720,VILLY TRADING (M) SDN BHD,VT009,LAI TECK SEAN,D9036336336312000164,RZ MAJU SDN BHD,GENERAL TRADE,3000/R15,14/3/2024,INV0000004809,SO0000004850,,Inv,,69566714,LIPTON PBAG EK P40 24X(40X2G),Lipton,F,Confirmed,2,PC,0,0,0,0,0,0,0,
10003720,VILLY TRADING (M) SDN BHD,VT009,LAI TECK SEAN,D9036336336312000164,RZ MAJU SDN BHD,GENERAL TRADE,3000/R15,14/3/2024,INV0000004809,SO0000004850,,Inv,,69566706,LIPTON PBAG EK P80 24X(80X2G),Lipton,S,Confirmed,1,CS,218.4,218.4,0,0,0,0,218.4,
10003720,VILLY TRADING (M) SDN BHD,VT009,LAI TECK SEAN,D9036336336312000164,RZ MAJU SDN BHD,GENERAL TRADE,3000/R15,14/3/2024,INV0000004809,SO0000004850,,Inv,,69566721,LIPTON PBAG KAW EK P40 24X(40X2.3G),Lipton,F,Confirmed,1,PC,0,0,0,0,0,0,0,
10003720,VILLY TRADING (M) SDN BHD,VT009,LAI TECK SEAN,D9036336336312000164,RZ MAJU SDN BHD,GENERAL TRADE,3000/R15,14/3/2024,INV0000004809,SO0000004850,,Inv,,69566716,LIPTON PBAG KAW EK P20 24X(20X2.3G),Lipton,S,Confirmed,23,PC,67.2,64.4,0,0,0,0,64.4,
10003720,VILLY TRADING (M) SDN BHD,VT009,LAI TECK SEAN,D9036336336312000164,RZ MAJU SDN BHD,GENERAL TRADE,3000/R15,14/3/2024,INV0000004809,SO0000004850,,Inv,,68928387,LIPTON PBAG EK P20 24X(20X2G),Lipton,F,Confirmed,2,PC,0,0,0,0,0,0,0,
10003720,VILLY TRADING (M) SDN BHD,VT009,LAI TECK SEAN,D9036336336312000164,RZ MAJU SDN BHD,GENERAL TRADE,3000/R15,14/3/2024,INV0000004809,SO0000004850,,Inv,,69566721,LIPTON PBAG KAW EK P40 24X(40X2.3G),Lipton,S,Confirmed,23,PC,127.2,121.9,0,0,0,0,121.9,
10003720,VILLY TRADING (M) SDN BHD,VT009,LAI TECK SEAN,D9036336336312000164,RZ MAJU SDN BHD,GENERAL TRADE,3000/R15,14/3/2024,INV0000004809,SO0000004850,,Inv,,69566716,LIPTON PBAG KAW EK P20 24X(20X2.3G),Lipton,F,Confirmed,1,PC,0,0,0,0,0,0,0,
10003720,VILLY TRADING (M) SDN BHD,VT009,LAI TECK SEAN,CT0000000269,PUNCAK KARISMA GEMILANG ENTERPRISE,GENERAL TRADE,3000/P36,14/3/2024,INV0000004810,SO0000004849,,Inv,,69566716,LIPTON PBAG KAW EK P20 24X(20X2.3G),Lipton,F,Confirmed,1,PC,0,0,0,0,0,0,0,
10003720,VILLY TRADING (M) SDN BHD,VT009,LAI TECK SEAN,CT0000000269,PUNCAK KARISMA GEMILANG ENTERPRISE,GENERAL TRADE,3000/P36,14/3/2024,INV0000004810,SO0000004849,,Inv,,69566721,LIPTON PBAG KAW EK P40 24X(40X2.3G),Lipton,S,Confirmed,23,PC,127.2,121.9,0,0,0,0,121.9,
10003720,VILLY TRADING (M) SDN BHD,VT009,LAI TECK SEAN,CT0000000269,PUNCAK KARISMA GEMILANG ENTERPRISE,GENERAL TRADE,3000/P36,14/3/2024,INV0000004810,SO0000004849,,Inv,,69566721,LIPTON PBAG KAW EK P40 24X(40X2.3G),Lipton,F,Confirmed,1,PC,0,0,0,0,0,0,0,
10003720,VILLY TRADING (M) SDN BHD,VT009,LAI TECK SEAN,CT0000000269,PUNCAK KARISMA GEMILANG ENTERPRISE,GENERAL TRADE,3000/P36,14/3/2024,INV0000004810,SO0000004849,,Inv,,69566727,LIPTON PBAG KAW EK P80 24X(80X2.3G),Lipton,S,Confirmed,1,CS,218.4,218.4,0,0,0,0,218.4,
10003720,VILLY TRADING (M) SDN BHD,VT009,LAI TECK SEAN,CT0000000269,PUNCAK KARISMA GEMILANG ENTERPRISE,GENERAL TRADE,3000/P36,14/3/2024,INV0000004810,SO0000004849,,Inv,,69566716,LIPTON PBAG KAW EK P20 24X(20X2.3G),Lipton,S,Confirmed,23,PC,67.2,64.4,0,0,0,0,64.4,
10003720,VILLY TRADING (M) SDN BHD,VT009,LAI TECK SEAN,CT0000000269,PUNCAK KARISMA GEMILANG ENTERPRISE,GENERAL TRADE,3000/P36,14/3/2024,INV0000004810,SO0000004849,,Inv,,68928385,LIPTON PACKET TEA EK 12X12X50G,Lipton,S,Confirmed,12,PC,259.2,21.6,0,0,0,0,21.6,
10003720,VILLY TRADING (M) SDN BHD,VT010,TAN ENG KHANG,CT0000001270,BEST FRESH MART SDN BHD (BUKIT RAMBAI),GENERAL TRADE,300B/208,14/3/2024,INV0000004811,SO0000004846,TMYPO24030262,Inv,,69566708,LIPTON PACKET TEA EK 72X200G,Lipton,S,Confirmed,12,PC,408.24,68.04,0,0,0,0,68.04,
10003720,VILLY TRADING (M) SDN BHD,VT010,TAN ENG KHANG,CT0000001270,BEST FRESH MART SDN BHD (BUKIT RAMBAI),GENERAL TRADE,300B/208,14/3/2024,INV0000004811,SO0000004846,TMYPO24030262,Inv,,68928387,LIPTON PBAG EK P20 24X(20X2G),Lipton,S,Confirmed,69,PC,67.2,193.2,0,0,0,0,193.2,
10003720,VILLY TRADING (M) SDN BHD,VT010,TAN ENG KHANG,CT0000001270,BEST FRESH MART SDN BHD (BUKIT RAMBAI),GENERAL TRADE,300B/208,14/3/2024,INV0000004811,SO0000004846,TMYPO24030262,Inv,,69566716,LIPTON PBAG KAW EK P20 24X(20X2.3G),Lipton,S,Confirmed,69,PC,67.2,193.2,0,0,0,0,193.2,
10003720,VILLY TRADING (M) SDN BHD,VT010,TAN ENG KHANG,CT0000001270,BEST FRESH MART SDN BHD (BUKIT RAMBAI),GENERAL TRADE,300B/208,14/3/2024,INV0000004811,SO0000004846,TMYPO24030262,Inv,,21182545,LIPTON YELLOW LABEL SIP2 12X50X2G,Lipton,S,Confirmed,12,PC,103.68,103.68,0,0,0,0,103.68,
10003720,VILLY TRADING (M) SDN BHD,VT010,TAN ENG KHANG,CT0000001270,BEST FRESH MART SDN BHD (BUKIT RAMBAI),GENERAL TRADE,300B/208,14/3/2024,INV0000004811,SO0000004846,TMYPO24030262,Inv,,69566721,LIPTON PBAG KAW EK P40 24X(40X2.3G),Lipton,S,Confirmed,46,PC,127.2,243.8,0,0,0,0,243.8,
10003720,VILLY TRADING (M) SDN BHD,VT010,TAN ENG KHANG,CT0000001270,BEST FRESH MART SDN BHD (BUKIT RAMBAI),GENERAL TRADE,300B/208,14/3/2024,INV0000004811,SO0000004846,TMYPO24030262,Inv,,68928387,LIPTON PBAG EK P20 24X(20X2G),Lipton,F,Confirmed,8,PC,0,0,0,0,0,0,0,
10003720,VILLY TRADING (M) SDN BHD,VT010,TAN ENG KHANG,CT0000001270,BEST FRESH MART SDN BHD (BUKIT RAMBAI),GENERAL TRADE,300B/208,14/3/2024,INV0000004811,SO0000004846,TMYPO24030262,Inv,,69566721,LIPTON PBAG KAW EK P40 24X(40X2.3G),Lipton,F,Confirmed,2,PC,0,0,0,0,0,0,0,
10003720,VILLY TRADING (M) SDN BHD,VT010,TAN ENG KHANG,CT0000001270,BEST FRESH MART SDN BHD (BUKIT RAMBAI),GENERAL TRADE,300B/208,14/3/2024,INV0000004811,SO0000004846,TMYPO24030262,Inv,,69566714,LIPTON PBAG EK P40 24X(40X2G),Lipton,S,Confirmed,46,PC,127.2,243.8,0,0,0,0,243.8,
10003720,VILLY TRADING (M) SDN BHD,VT010,TAN ENG KHANG,CT0000001270,BEST FRESH MART SDN BHD (BUKIT RAMBAI),GENERAL TRADE,300B/208,14/3/2024,INV0000004811,SO0000004846,TMYPO24030262,Inv,,69566714,LIPTON PBAG EK P40 24X(40X2G),Lipton,F,Confirmed,5,PC,0,0,0,0,0,0,0,
10003720,VILLY TRADING (M) SDN BHD,VT010,TAN ENG KHANG,CT0000001270,BEST FRESH MART SDN BHD (BUKIT RAMBAI),GENERAL TRADE,300B/208,14/3/2024,INV0000004811,SO0000004846,TMYPO24030262,Inv,,69566716,LIPTON PBAG KAW EK P20 24X(20X2.3G),Lipton,F,Confirmed,3,PC,0,0,0,0,0,0,0,
10003720,VILLY TRADING (M) SDN BHD,VT009,LAI TECK SEAN,D9036336336394032122,PALINGGUD ENTERPRISE,GENERAL TRADE,300P/290,14/3/2024,INV0000004812,SO0000004847,,Inv,,68928387,LIPTON PBAG EK P20 24X(20X2G),Lipton,S,Confirmed,23,PC,67.2,64.4,0,0,0,0,64.4,
10003720,VILLY TRADING (M) SDN BHD,VT009,LAI TECK SEAN,D9036336336394032122,PALINGGUD ENTERPRISE,GENERAL TRADE,300P/290,14/3/2024,INV0000004812,SO0000004847,,Inv,,69566714,LIPTON PBAG EK P40 24X(40X2G),Lipton,S,Confirmed,23,PC,127.2,121.9,0,0,0,0,121.9,
10003720,VILLY TRADING (M) SDN BHD,VT009,LAI TECK SEAN,D9036336336394032122,PALINGGUD ENTERPRISE,GENERAL TRADE,300P/290,14/3/2024,INV0000004812,SO0000004847,,Inv,,68928387,LIPTON PBAG EK P20 24X(20X2G),Lipton,F,Confirmed,1,PC,0,0,0,0,0,0,0,
10003720,VILLY TRADING (M) SDN BHD,VT009,LAI TECK SEAN,D9036336336394032122,PALINGGUD ENTERPRISE,GENERAL TRADE,300P/290,14/3/2024,INV0000004812,SO0000004847,,Inv,,69566714,LIPTON PBAG EK P40 24X(40X2G),Lipton,F,Confirmed,1,PC,0,0,0,0,0,0,0,
10003720,VILLY TRADING (M) SDN BHD,VT009,LAI TECK SEAN,D9036336336312000463,LOONG ANN TRADING (sat close),GENERAL TRADE,3000/L15,14/3/2024,INV0000004813,SO0000004852,,Inv,,69566721,LIPTON PBAG KAW EK P40 24X(40X2.3G),Lipton,S,Confirmed,23,PC,127.2,121.9,0,0,0,0,121.9,
10003720,VILLY TRADING (M) SDN BHD,VT009,LAI TECK SEAN,D9036336336312000463,LOONG ANN TRADING (sat close),GENERAL TRADE,3000/L15,14/3/2024,INV0000004813,SO0000004852,,Inv,,69566714,LIPTON PBAG EK P40 24X(40X2G),Lipton,F,Confirmed,2,PC,0,0,0,0,0,0,0,
10003720,VILLY TRADING (M) SDN BHD,VT009,LAI TECK SEAN,D9036336336312000463,LOONG ANN TRADING (sat close),GENERAL TRADE,3000/L15,14/3/2024,INV0000004813,SO0000004852,,Inv,,69566714,LIPTON PBAG EK P40 24X(40X2G),Lipton,S,Confirmed,23,PC,127.2,121.9,0,0,0,0,121.9,
10003720,VILLY TRADING (M) SDN BHD,VT009,LAI TECK SEAN,D9036336336312000463,LOONG ANN TRADING (sat close),GENERAL TRADE,3000/L15,14/3/2024,INV0000004813,SO0000004852,,Inv,,69566721,LIPTON PBAG KAW EK P40 24X(40X2.3G),Lipton,F,Confirmed,1,PC,0,0,0,0,0,0,0,
10003720,VILLY TRADING (M) SDN BHD,VT009,LAI TECK SEAN,D9036336336312000463,LOONG ANN TRADING (sat close),GENERAL TRADE,3000/L15,14/3/2024,INV0000004813,SO0000004852,,Inv,,69566716,LIPTON PBAG KAW EK P20 24X(20X2.3G),Lipton,F,Confirmed,1,PC,0,0,0,0,0,0,0,
10003720,VILLY TRADING (M) SDN BHD,VT009,LAI TECK SEAN,D9036336336312000463,LOONG ANN TRADING (sat close),GENERAL TRADE,3000/L15,14/3/2024,INV0000004813,SO0000004852,,Inv,,68928387,LIPTON PBAG EK P20 24X(20X2G),Lipton,S,Confirmed,23,PC,67.2,64.4,0,0,0,0,64.4,
10003720,VILLY TRADING (M) SDN BHD,VT009,LAI TECK SEAN,D9036336336312000463,LOONG ANN TRADING (sat close),GENERAL TRADE,3000/L15,14/3/2024,INV0000004813,SO0000004852,,Inv,,68928387,LIPTON PBAG EK P20 24X(20X2G),Lipton,F,Confirmed,2,PC,0,0,0,0,0,0,0,
10003720,VILLY TRADING (M) SDN BHD,VT009,LAI TECK SEAN,D9036336336312000463,LOONG ANN TRADING (sat close),GENERAL TRADE,3000/L15,14/3/2024,INV0000004813,SO0000004852,,Inv,,69566716,LIPTON PBAG KAW EK P20 24X(20X2.3G),Lipton,S,Confirmed,23,PC,67.2,64.4,0,0,0,0,64.4,
10003720,VILLY TRADING (M) SDN BHD,VT007,LIM KONG LING,D9037937937994025743,KEDAI RUNCIT NASHRI ISMAIL,GENERAL TRADE,300K/440,14/3/2024,INV0000004814,SO0000004853,,Inv,,69566706,LIPTON PBAG EK P80 24X(80X2G),Lipton,S,Confirmed,1,CS,218.4,218.4,0,0,0,0,218.4,
10003720,VILLY TRADING (M) SDN BHD,VT007,LIM KONG LING,D9037937937994025743,KEDAI RUNCIT NASHRI ISMAIL,GENERAL TRADE,300K/440,14/3/2024,INV0000004814,SO0000004853,,Inv,,69566714,LIPTON PBAG EK P40 24X(40X2G),Lipton,S,Confirmed,1,CS,127.2,127.2,0,0,0,0,127.2,
10003720,VILLY TRADING (M) SDN BHD,VT007,LIM KONG LING,D9037937937994025743,KEDAI RUNCIT NASHRI ISMAIL,GENERAL TRADE,300K/440,14/3/2024,INV0000004814,SO0000004853,,Inv,,68928387,LIPTON PBAG EK P20 24X(20X2G),Lipton,S,Confirmed,1,CS,67.2,67.2,0,0,0,0,67.2,
10003720,VILLY TRADING (M) SDN BHD,VT007,LIM KONG LING,D9037937937994025743,KEDAI RUNCIT NASHRI ISMAIL,GENERAL TRADE,300K/440,14/3/2024,INV0000004814,SO0000004853,,Inv,,21182542,LIPTON YELLOW LABEL SIP2 36X100X2G,Lipton,S,Confirmed,12,PC,536.4,178.8,0,0,0,0,178.8,
10003720,VILLY TRADING (M) SDN BHD,VT009,LAI TECK SEAN,D9036336336394031743,PASAR MINI LENDU BAKTI CEMERLANG,GENERAL TRADE,300P/111,14/3/2024,INV0000004815,SO0000004851,,Inv,,68928387,LIPTON PBAG EK P20 24X(20X2G),Lipton,S,Confirmed,6,PC,67.2,16.8,0,0,0,0,16.8,
10003720,VILLY TRADING (M) SDN BHD,VT009,LAI TECK SEAN,D9036336336394031743,PASAR MINI LENDU BAKTI CEMERLANG,GENERAL TRADE,300P/111,14/3/2024,INV0000004815,SO0000004851,,Inv,,69566714,LIPTON PBAG EK P40 24X(40X2G),Lipton,S,Confirmed,6,PC,127.2,31.8,0,0,0,0,31.8,
10003720,VILLY TRADING (M) SDN BHD,VT002,TAN MEE LIN,D9006506506513000231,TAMPIN SHOPPING CENTRE SDN BHD,MODERN TRADE,300T/089,14/3/2024,INV0000004816,SO0000004864,PO-24030308,Inv,,21182545,LIPTON YELLOW LABEL SIP2 12X50X2G,Lipton,S,Confirmed,2,CS,103.68,207.36,0,0,0,0,207.36,
10003720,VILLY TRADING (M) SDN BHD,VT002,TAN MEE LIN,D9006506506513000231,TAMPIN SHOPPING CENTRE SDN BHD,MODERN TRADE,300T/089,14/3/2024,INV0000004816,SO0000004864,PO-24030308,Inv,,68928387,LIPTON PBAG EK P20 24X(20X2G),Lipton,S,Confirmed,2,CS,67.2,134.4,0,0,0,0,134.4,
10003720,VILLY TRADING (M) SDN BHD,VT002,TAN MEE LIN,D9006506506513000231,TAMPIN SHOPPING CENTRE SDN BHD,MODERN TRADE,300T/089,14/3/2024,INV0000004816,SO0000004864,PO-24030308,Inv,,21182542,LIPTON YELLOW LABEL SIP2 36X100X2G,Lipton,S,Confirmed,1,CS,536.4,536.4,0,0,0,0,536.4,
10003720,VILLY TRADING (M) SDN BHD,VT002,TAN MEE LIN,D9006506506513000231,TAMPIN SHOPPING CENTRE SDN BHD,MODERN TRADE,300T/089,14/3/2024,INV0000004816,SO0000004864,PO-24030308,Inv,,69566727,LIPTON PBAG KAW EK P80 24X(80X2.3G),Lipton,S,Confirmed,3,CS,218.4,655.2,0,0,0,0,655.2,
10003720,VILLY TRADING (M) SDN BHD,VT002,TAN MEE LIN,D9006506506513000231,TAMPIN SHOPPING CENTRE SDN BHD,MODERN TRADE,300T/089,14/3/2024,INV0000004816,SO0000004864,PO-24030308,Inv,,69566714,LIPTON PBAG EK P40 24X(40X2G),Lipton,S,Confirmed,2,CS,127.2,254.4,0,0,0,0,254.4,
10003720,VILLY TRADING (M) SDN BHD,VT002,TAN MEE LIN,D9006506506513000231,TAMPIN SHOPPING CENTRE SDN BHD,MODERN TRADE,300T/089,14/3/2024,INV0000004816,SO0000004864,PO-24030308,Inv,,69566723,LIPTON MT CLASSIC EK 24X12X20G,Lipton,S,Confirmed,3,PC,384,48,0,0,0,0,48,
10003720,VILLY TRADING (M) SDN BHD,VT007,LIM KONG LING,D9037937937994025075,PASAR MINI SW ONG,GENERAL TRADE,300S/109,15/3/2024,INV0000004817,SO0000004865,,Inv,,69566716,LIPTON PBAG KAW EK P20 24X(20X2.3G),Lipton,F,Confirmed,2,PC,0,0,0,0,0,0,0,
10003720,VILLY TRADING (M) SDN BHD,VT007,LIM KONG LING,D9037937937994025075,PASAR MINI SW ONG,GENERAL TRADE,300S/109,15/3/2024,INV0000004817,SO0000004865,,Inv,,68928387,LIPTON PBAG EK P20 24X(20X2G),Lipton,F,Confirmed,3,PC,0,0,0,0,0,0,0,
10003720,VILLY TRADING (M) SDN BHD,VT007,LIM KONG LING,D9037937937994025075,PASAR MINI SW ONG,GENERAL TRADE,300S/109,15/3/2024,INV0000004817,SO0000004865,,Inv,,69566716,LIPTON PBAG KAW EK P20 24X(20X2.3G),Lipton,S,Confirmed,23,PC,67.2,64.4,0,0,0,0,64.4,
10003720,VILLY TRADING (M) SDN BHD,VT007,LIM KONG LING,D9037937937994025075,PASAR MINI SW ONG,GENERAL TRADE,300S/109,15/3/2024,INV0000004817,SO0000004865,,Inv,,68928387,LIPTON PBAG EK P20 24X(20X2G),Lipton,S,Confirmed,46,PC,67.2,128.8,0,0,0,0,128.8,
10003720,VILLY TRADING (M) SDN BHD,VT007,LIM KONG LING,D9037937937985001295,BOBO MINI MARKET,GENERAL TRADE,300B/119,15/3/2024,INV0000004818,SO0000004866,,Inv,,68928387,LIPTON PBAG EK P20 24X(20X2G),Lipton,S,Confirmed,1,CS,67.2,67.2,0,0,0,0,67.2,
10003720,VILLY TRADING (M) SDN BHD,VT007,LIM KONG LING,D9037237237294033253,JK HARINI TRADING,GENERAL TRADE,300J/131,15/3/2024,INV0000004819,SO0000004867,,Inv,,69566714,LIPTON PBAG EK P40 24X(40X2G),Lipton,S,Confirmed,5,PC,127.2,26.5,0,0,0,0,26.5,
10003720,VILLY TRADING (M) SDN BHD,VT007,LIM KONG LING,D9037237237294033253,JK HARINI TRADING,GENERAL TRADE,300J/131,15/3/2024,INV0000004819,SO0000004867,,Inv,,68928387,LIPTON PBAG EK P20 24X(20X2G),Lipton,S,Confirmed,5,PC,67.2,14,0,0,0,0,14,
10003720,VILLY TRADING (M) SDN BHD,VT007,LIM KONG LING,D9037237237294033253,JK HARINI TRADING,GENERAL TRADE,300J/131,15/3/2024,INV0000004819,SO0000004867,,Inv,,68928385,LIPTON PACKET TEA EK 12X12X50G,Lipton,S,Confirmed,5,PC,259.2,9,0,0,0,0,9,
10003720,VILLY TRADING (M) SDN BHD,VT007,LIM KONG LING,D9037237237294033253,JK HARINI TRADING,GENERAL TRADE,300J/131,15/3/2024,INV0000004819,SO0000004867,,Inv,,21182545,LIPTON YELLOW LABEL SIP2 12X50X2G,Lipton,S,Confirmed,5,PC,103.68,43.2,0,0,0,0,43.2,
10003720,VILLY TRADING (M) SDN BHD,VT002,TAN MEE LIN,CT0000001144,HAN Z MARKETING,GENERAL TRADE,300H/319,15/3/2024,INV0000004820,SO0000004868,,Inv,,69566714,LIPTON PBAG EK P40 24X(40X2G),Lipton,S,Confirmed,6,PC,127.2,31.8,0,0,0,0,31.8,
10003720,VILLY TRADING (M) SDN BHD,VT002,TAN MEE LIN,CT0000001144,HAN Z MARKETING,GENERAL TRADE,300H/319,15/3/2024,INV0000004820,SO0000004868,,Inv,,69566721,LIPTON PBAG KAW EK P40 24X(40X2.3G),Lipton,S,Confirmed,6,PC,127.2,31.8,0,0,0,0,31.8,
10003720,VILLY TRADING (M) SDN BHD,VT002,TAN MEE LIN,CT0000001144,HAN Z MARKETING,GENERAL TRADE,300H/319,15/3/2024,INV0000004820,SO0000004868,,Inv,,68928387,LIPTON PBAG EK P20 24X(20X2G),Lipton,S,Confirmed,6,PC,67.2,16.8,0,0,0,0,16.8,
10003720,VILLY TRADING (M) SDN BHD,VT002,TAN MEE LIN,CT0000001144,HAN Z MARKETING,GENERAL TRADE,300H/319,15/3/2024,INV0000004820,SO0000004868,,Inv,,69566716,LIPTON PBAG KAW EK P20 24X(20X2.3G),Lipton,S,Confirmed,6,PC,67.2,16.8,0,0,0,0,16.8,
10003720,VILLY TRADING (M) SDN BHD,VT002,TAN MEE LIN,D9038738738794026352,OKAY MART,GENERAL TRADE,300O/040,15/3/2024,INV0000004821,SO0000004869,,Inv,,68928387,LIPTON PBAG EK P20 24X(20X2G),Lipton,S,Confirmed,1,CS,67.2,67.2,0,0,0,0,67.2,
10003720,VILLY TRADING (M) SDN BHD,VT002,TAN MEE LIN,D9038738738794026352,OKAY MART,GENERAL TRADE,300O/040,15/3/2024,INV0000004821,SO0000004869,,Inv,,21182545,LIPTON YELLOW LABEL SIP2 12X50X2G,Lipton,S,Confirmed,12,PC,103.68,103.68,0,0,0,0,103.68,
10003720,VILLY TRADING (M) SDN BHD,VT002,TAN MEE LIN,D9038738738794026352,OKAY MART,GENERAL TRADE,300O/040,15/3/2024,INV0000004821,SO0000004869,,Inv,,69566716,LIPTON PBAG KAW EK P20 24X(20X2.3G),Lipton,S,Confirmed,1,CS,67.2,67.2,0,0,0,0,67.2,
10003720,VILLY TRADING (M) SDN BHD,VT002,TAN MEE LIN,D9038738738794026352,OKAY MART,GENERAL TRADE,300O/040,15/3/2024,INV0000004821,SO0000004869,,Inv,,69566714,LIPTON PBAG EK P40 24X(40X2G),Lipton,S,Confirmed,1,CS,127.2,127.2,0,0,0,0,127.2,
10003720,VILLY TRADING (M) SDN BHD,VT002,TAN MEE LIN,D9038738738794026352,OKAY MART,GENERAL TRADE,300O/040,15/3/2024,INV0000004821,SO0000004869,,Inv,,69566721,LIPTON PBAG KAW EK P40 24X(40X2.3G),Lipton,S,Confirmed,1,CS,127.2,127.2,0,0,0,0,127.2,
10003720,VILLY TRADING (M) SDN BHD,VT002,TAN MEE LIN,D9036336336312000054,CHOP WEE SENG HENG,GENERAL TRADE,3000/W02,15/3/2024,INV0000004822,SO0000004870,,Inv,,69566714,LIPTON PBAG EK P40 24X(40X2G),Lipton,F,Confirmed,1,PC,0,0,0,0,0,0,0,
10003720,VILLY TRADING (M) SDN BHD,VT002,TAN MEE LIN,D9036336336312000054,CHOP WEE SENG HENG,GENERAL TRADE,3000/W02,15/3/2024,INV0000004822,SO0000004870,,Inv,,69566714,LIPTON PBAG EK P40 24X(40X2G),Lipton,S,Confirmed,23,PC,127.2,121.9,0,0,0,0,121.9,
10003720,VILLY TRADING (M) SDN BHD,VT009,LAI TECK SEAN,D9037237237212000116,NG CHUAN JOO ENTERPRISE (TG KLING),GENERAL TRADE,3000/C68,15/3/2024,INV0000004823,SO0000004871,,Inv,,68928387,LIPTON PBAG EK P20 24X(20X2G),Lipton,F,Confirmed,1,PC,0,0,0,0,0,0,0,
10003720,VILLY TRADING (M) SDN BHD,VT009,LAI TECK SEAN,D9037237237212000116,NG CHUAN JOO ENTERPRISE (TG KLING),GENERAL TRADE,3000/C68,15/3/2024,INV0000004823,SO0000004871,,Inv,,68928387,LIPTON PBAG EK P20 24X(20X2G),Lipton,S,Confirmed,23,PC,67.2,64.4,0,0,0,0,64.4,
10003720,VILLY TRADING (M) SDN BHD,VT009,LAI TECK SEAN,D9038438438494025570,ONE SEVEN EIGHT MINI MARKET,GENERAL TRADE,300O/025,15/3/2024,INV0000004824,SO0000004872,,Inv,,68928387,LIPTON PBAG EK P20 24X(20X2G),Lipton,S,Confirmed,12,PC,67.2,33.6,0,0,0,0,33.6,
10003720,VILLY TRADING (M) SDN BHD,VT009,LAI TECK SEAN,D9038438438412000500,JL FULL MART,GENERAL TRADE,3000/J14,15/3/2024,INV0000004826,SO0000004874,,Inv,,69566716,LIPTON PBAG KAW EK P20 24X(20X2.3G),Lipton,S,Confirmed,23,PC,67.2,64.4,0,0,0,0,64.4,
10003720,VILLY TRADING (M) SDN BHD,VT009,LAI TECK SEAN,D9038438438412000500,JL FULL MART,GENERAL TRADE,3000/J14,15/3/2024,INV0000004826,SO0000004874,,Inv,,69566727,LIPTON PBAG KAW EK P80 24X(80X2.3G),Lipton,S,Confirmed,6,PC,218.4,54.6,0,0,0,0,54.6,
10003720,VILLY TRADING (M) SDN BHD,VT009,LAI TECK SEAN,D9038438438412000500,JL FULL MART,GENERAL TRADE,3000/J14,15/3/2024,INV0000004826,SO0000004874,,Inv,,69566706,LIPTON PBAG EK P80 24X(80X2G),Lipton,S,Confirmed,6,PC,218.4,54.6,0,0,0,0,54.6,
10003720,VILLY TRADING (M) SDN BHD,VT009,LAI TECK SEAN,D9038438438412000500,JL FULL MART,GENERAL TRADE,3000/J14,15/3/2024,INV0000004826,SO0000004874,,Inv,,69566714,LIPTON PBAG EK P40 24X(40X2G),Lipton,F,Confirmed,1,PC,0,0,0,0,0,0,0,
10003720,VILLY TRADING (M) SDN BHD,VT009,LAI TECK SEAN,D9038438438412000500,JL FULL MART,GENERAL TRADE,3000/J14,15/3/2024,INV0000004826,SO0000004874,,Inv,,69566714,LIPTON PBAG EK P40 24X(40X2G),Lipton,S,Confirmed,23,PC,127.2,121.9,0,0,0,0,121.9,
10003720,VILLY TRADING (M) SDN BHD,VT009,LAI TECK SEAN,D9038438438412000500,JL FULL MART,GENERAL TRADE,3000/J14,15/3/2024,INV0000004826,SO0000004874,,Inv,,68928387,LIPTON PBAG EK P20 24X(20X2G),Lipton,S,Confirmed,23,PC,67.2,64.4,0,0,0,0,64.4,
10003720,VILLY TRADING (M) SDN BHD,VT009,LAI TECK SEAN,D9038438438412000500,JL FULL MART,GENERAL TRADE,3000/J14,15/3/2024,INV0000004826,SO0000004874,,Inv,,68928387,LIPTON PBAG EK P20 24X(20X2G),Lipton,F,Confirmed,2,PC,0,0,0,0,0,0,0,
10003720,VILLY TRADING (M) SDN BHD,VT009,LAI TECK SEAN,D9038438438412000500,JL FULL MART,GENERAL TRADE,3000/J14,15/3/2024,INV0000004826,SO0000004874,,Inv,,69566716,LIPTON PBAG KAW EK P20 24X(20X2.3G),Lipton,F,Confirmed,1,PC,0,0,0,0,0,0,0,
10003720,VILLY TRADING (M) SDN BHD,VT009,LAI TECK SEAN,D9038438438412000500,JL FULL MART,GENERAL TRADE,3000/J14,15/3/2024,INV0000004826,SO0000004874,,Inv,,69566721,LIPTON PBAG KAW EK P40 24X(40X2.3G),Lipton,F,Confirmed,2,PC,0,0,0,0,0,0,0,
10003720,VILLY TRADING (M) SDN BHD,VT009,LAI TECK SEAN,D9038438438412000500,JL FULL MART,GENERAL TRADE,3000/J14,15/3/2024,INV0000004826,SO0000004874,,Inv,,69566721,LIPTON PBAG KAW EK P40 24X(40X2.3G),Lipton,S,Confirmed,23,PC,127.2,121.9,0,0,0,0,121.9,
10003720,VILLY TRADING (M) SDN BHD,VT009,LAI TECK SEAN,D9036636636694025301,PASARAYA SETIA JAYA SDN.BHD. (CAWANGAN),GENERAL TRADE,300P/263,15/3/2024,INV0000004825,SO0000004873,,Inv,,69566721,LIPTON PBAG KAW EK P40 24X(40X2.3G),Lipton,S,Confirmed,23,PC,127.2,121.9,0,0,0,0,121.9,
10003720,VILLY TRADING (M) SDN BHD,VT009,LAI TECK SEAN,D9036636636694025301,PASARAYA SETIA JAYA SDN.BHD. (CAWANGAN),GENERAL TRADE,300P/263,15/3/2024,INV0000004825,SO0000004873,,Inv,,69566721,LIPTON PBAG KAW EK P40 24X(40X2.3G),Lipton,F,Confirmed,1,PC,0,0,0,0,0,0,0,
10003720,VILLY TRADING (M) SDN BHD,VT009,LAI TECK SEAN,D9036636636694025301,PASARAYA SETIA JAYA SDN.BHD. (CAWANGAN),GENERAL TRADE,300P/263,15/3/2024,INV0000004825,SO0000004873,,Inv,,69566727,LIPTON PBAG KAW EK P80 24X(80X2.3G),Lipton,S,Confirmed,1,CS,218.4,218.4,0,0,0,0,218.4,
10003720,VILLY TRADING (M) SDN BHD,VT004,YUKI LOH SOOK HAR,D9006106106104000397,KEDAI VOON FAH,GENERAL TRADE,310K/014,15/3/2024,INV0000004827,SO0000004875,,Inv,,69566714,LIPTON PBAG EK P40 24X(40X2G),Lipton,F,Confirmed,4,PC,0,0,0,0,0,0,0,
10003720,VILLY TRADING (M) SDN BHD,VT004,YUKI LOH SOOK HAR,D9006106106104000397,KEDAI VOON FAH,GENERAL TRADE,310K/014,15/3/2024,INV0000004827,SO0000004875,,Inv,,69566714,LIPTON PBAG EK P40 24X(40X2G),Lipton,S,Confirmed,2,CS,127.2,254.4,0,0,0,0,254.4,
10003720,VILLY TRADING (M) SDN BHD,VT004,YUKI LOH SOOK HAR,D9006106106104000397,KEDAI VOON FAH,GENERAL TRADE,310K/014,15/3/2024,INV0000004827,SO0000004875,,Inv,,68928387,LIPTON PBAG EK P20 24X(20X2G),Lipton,F,Confirmed,4,PC,0,0,0,0,0,0,0,
10003720,VILLY TRADING (M) SDN BHD,VT004,YUKI LOH SOOK HAR,D9006106106104000397,KEDAI VOON FAH,GENERAL TRADE,310K/014,15/3/2024,INV0000004827,SO0000004875,,Inv,,68928387,LIPTON PBAG EK P20 24X(20X2G),Lipton,S,Confirmed,2,CS,67.2,134.4,0,0,0,0,134.4,
10003720,VILLY TRADING (M) SDN BHD,VT004,YUKI LOH SOOK HAR,D9006106106104000397,KEDAI VOON FAH,GENERAL TRADE,310K/014,15/3/2024,INV0000004827,SO0000004875,,Inv,,21182545,LIPTON YELLOW LABEL SIP2 12X50X2G,Lipton,S,Confirmed,2,CS,103.68,207.36,0,0,0,0,207.36,
10003720,VILLY TRADING (M) SDN BHD,VT008,YONG WEE SEONG,D9003903903994024339,BATRIFAN ENTERPRISE,GENERAL TRADE,300B/169,15/3/2024,INV0000004828,SO0000004876,,Inv,,69566716,LIPTON PBAG KAW EK P20 24X(20X2.3G),Lipton,S,Confirmed,1,CS,67.2,67.2,0,0,0,0,67.2,
10003720,VILLY TRADING (M) SDN BHD,VT008,YONG WEE SEONG,D9003903903994024339,BATRIFAN ENTERPRISE,GENERAL TRADE,300B/169,15/3/2024,INV0000004829,SO0000004877,,Inv,,69566714,LIPTON PBAG EK P40 24X(40X2G),Lipton,S,Confirmed,46,PC,127.2,243.8,0,0,0,0,243.8,
10003720,VILLY TRADING (M) SDN BHD,VT008,YONG WEE SEONG,D9003903903994024339,BATRIFAN ENTERPRISE,GENERAL TRADE,300B/169,15/3/2024,INV0000004829,SO0000004877,,Inv,,68928387,LIPTON PBAG EK P20 24X(20X2G),Lipton,F,Confirmed,3,PC,0,0,0,0,0,0,0,
10003720,VILLY TRADING (M) SDN BHD,VT008,YONG WEE SEONG,D9003903903994024339,BATRIFAN ENTERPRISE,GENERAL TRADE,300B/169,15/3/2024,INV0000004829,SO0000004877,,Inv,,68928387,LIPTON PBAG EK P20 24X(20X2G),Lipton,S,Confirmed,46,PC,67.2,128.8,0,0,0,0,128.8,
10003720,VILLY TRADING (M) SDN BHD,VT008,YONG WEE SEONG,D9003903903994024339,BATRIFAN ENTERPRISE,GENERAL TRADE,300B/169,15/3/2024,INV0000004830,SO0000004878,,Inv,,69566716,LIPTON PBAG KAW EK P20 24X(20X2.3G),Lipton,S,Confirmed,46,PC,67.2,128.8,0,0,0,0,128.8,
10003720,VILLY TRADING (M) SDN BHD,VT008,YONG WEE SEONG,D9003903903994024339,BATRIFAN ENTERPRISE,GENERAL TRADE,300B/169,15/3/2024,INV0000004830,SO0000004878,,Inv,,69566714,LIPTON PBAG EK P40 24X(40X2G),Lipton,S,Confirmed,46,PC,127.2,243.8,0,0,0,0,243.8,
10003720,VILLY TRADING (M) SDN BHD,VT008,YONG WEE SEONG,D9003903903994024339,BATRIFAN ENTERPRISE,GENERAL TRADE,300B/169,15/3/2024,INV0000004830,SO0000004878,,Inv,,68928387,LIPTON PBAG EK P20 24X(20X2G),Lipton,S,Confirmed,46,PC,67.2,128.8,0,0,0,0,128.8,
10003720,VILLY TRADING (M) SDN BHD,VT008,YONG WEE SEONG,D9003903903994024339,BATRIFAN ENTERPRISE,GENERAL TRADE,300B/169,15/3/2024,INV0000004830,SO0000004878,,Inv,,69566716,LIPTON PBAG KAW EK P20 24X(20X2.3G),Lipton,F,Confirmed,3,PC,0,0,0,0,0,0,0,
10003720,VILLY TRADING (M) SDN BHD,VT008,YONG WEE SEONG,D9003903903994024339,BATRIFAN ENTERPRISE,GENERAL TRADE,300B/169,15/3/2024,INV0000004830,SO0000004878,,Inv,,69566721,LIPTON PBAG KAW EK P40 24X(40X2.3G),Lipton,S,Confirmed,46,PC,127.2,243.8,0,0,0,0,243.8,
10003720,VILLY TRADING (M) SDN BHD,VT008,YONG WEE SEONG,D9003903903994024339,BATRIFAN ENTERPRISE,GENERAL TRADE,300B/169,15/3/2024,INV0000004830,SO0000004878,,Inv,,68928387,LIPTON PBAG EK P20 24X(20X2G),Lipton,F,Confirmed,4,PC,0,0,0,0,0,0,0,
10003720,VILLY TRADING (M) SDN BHD,VT011,JASON LO CHEE YANG,D9037437437494010411,HANTAI JASIN TRADING,GENERAL TRADE,300H/225,15/3/2024,INV0000004831,SO0000004879,,Inv,,69566721,LIPTON PBAG KAW EK P40 24X(40X2.3G),Lipton,S,Confirmed,6,PC,127.2,31.8,0,0,0,0,31.8,
10003720,VILLY TRADING (M) SDN BHD,VT011,JASON LO CHEE YANG,D9037437437494010411,HANTAI JASIN TRADING,GENERAL TRADE,300H/225,15/3/2024,INV0000004831,SO0000004879,,Inv,,69566714,LIPTON PBAG EK P40 24X(40X2G),Lipton,S,Confirmed,6,PC,127.2,31.8,0,0,0,0,31.8,
10003720,VILLY TRADING (M) SDN BHD,VT011,JASON LO CHEE YANG,D9037437437494010411,HANTAI JASIN TRADING,GENERAL TRADE,300H/225,15/3/2024,INV0000004831,SO0000004879,,Inv,,69566716,LIPTON PBAG KAW EK P20 24X(20X2.3G),Lipton,S,Confirmed,6,PC,67.2,16.8,0,0,0,0,16.8,
10003720,VILLY TRADING (M) SDN BHD,VT011,JASON LO CHEE YANG,D9037437437494010411,HANTAI JASIN TRADING,GENERAL TRADE,300H/225,15/3/2024,INV0000004831,SO0000004879,,Inv,,68928387,LIPTON PBAG EK P20 24X(20X2G),Lipton,S,Confirmed,6,PC,67.2,16.8,0,0,0,0,16.8,
10003720,VILLY TRADING (M) SDN BHD,VT011,JASON LO CHEE YANG,D9037437437494010411,HANTAI JASIN TRADING,GENERAL TRADE,300H/225,15/3/2024,INV0000004832,SO0000004880,,Inv,,21182545,LIPTON YELLOW LABEL SIP2 12X50X2G,Lipton,S,Confirmed,1,CS,103.68,103.68,0,0,0,0,103.68,
10003720,VILLY TRADING (M) SDN BHD,VT011,JASON LO CHEE YANG,D9037437437494010411,HANTAI JASIN TRADING,GENERAL TRADE,300H/225,15/3/2024,INV0000004832,SO0000004880,,Inv,,69566714,LIPTON PBAG EK P40 24X(40X2G),Lipton,S,Confirmed,1,CS,127.2,127.2,0,0,0,0,127.2,
10003720,VILLY TRADING (M) SDN BHD,VT011,JASON LO CHEE YANG,D9037437437494010411,HANTAI JASIN TRADING,GENERAL TRADE,300H/225,15/3/2024,INV0000004832,SO0000004880,,Inv,,68928387,LIPTON PBAG EK P20 24X(20X2G),Lipton,S,Confirmed,1,CS,67.2,67.2,0,0,0,0,67.2,
10003720,VILLY TRADING (M) SDN BHD,VT002,TAN MEE LIN,D9036336336312000541,CH PENGKALAN SDN. BHD.,GENERAL TRADE,300C/168,15/3/2024,INV0000004833,SO0000004881,,Inv,,21182545,LIPTON YELLOW LABEL SIP2 12X50X2G,Lipton,S,Confirmed,12,PC,103.68,103.68,0,0,0,0,103.68,
10003720,VILLY TRADING (M) SDN BHD,VT002,TAN MEE LIN,D9036336336312000541,CH PENGKALAN SDN. BHD.,GENERAL TRADE,300C/168,15/3/2024,INV0000004833,SO0000004881,,Inv,,21182542,LIPTON YELLOW LABEL SIP2 36X100X2G,Lipton,S,Confirmed,12,PC,536.4,178.8,0,0,0,0,178.8,
10003720,VILLY TRADING (M) SDN BHD,VT002,TAN MEE LIN,D9036336336312000541,CH PENGKALAN SDN. BHD.,GENERAL TRADE,300C/168,15/3/2024,INV0000004833,SO0000004881,,Inv,,69566731,LIPTON PACKET TEA EK 36X400G,Lipton,S,Confirmed,12,PC,383.04,127.68,0,0,0,0,127.68,
10003720,VILLY TRADING (M) SDN BHD,VT002,TAN MEE LIN,D9036336336312000541,CH PENGKALAN SDN. BHD.,GENERAL TRADE,300C/168,15/3/2024,INV0000004833,SO0000004881,,Inv,,69566708,LIPTON PACKET TEA EK 72X200G,Lipton,S,Confirmed,12,PC,408.24,68.04,0,0,0,0,68.04,
10003720,VILLY TRADING (M) SDN BHD,VT002,TAN MEE LIN,D9036336336312000541,CH PENGKALAN SDN. BHD.,GENERAL TRADE,300C/168,15/3/2024,INV0000004833,SO0000004881,,Inv,,69566721,LIPTON PBAG KAW EK P40 24X(40X2.3G),Lipton,S,Confirmed,19,CS,127.2,2416.8,0,0,0,0,2416.8,
10003720,VILLY TRADING (M) SDN BHD,VT002,TAN MEE LIN,D9006506506594019763,MEGAMART SDN BHD @ BSS,MODERN TRADE,300M/354,15/3/2024,INV0000004834,SO0000004882,,Inv,,69566714,LIPTON PBAG EK P40 24X(40X2G),Lipton,S,Confirmed,1,CS,127.2,127.2,0,0,0,0,127.2,
10003720,VILLY TRADING (M) SDN BHD,VT002,TAN MEE LIN,D9006506506594019763,MEGAMART SDN BHD @ BSS,MODERN TRADE,300M/354,15/3/2024,INV0000004834,SO0000004882,,Inv,,21182545,LIPTON YELLOW LABEL SIP2 12X50X2G,Lipton,S,Confirmed,6,PC,103.68,51.84,0,0,0,0,51.84,
10003720,VILLY TRADING (M) SDN BHD,VT002,TAN MEE LIN,D9006506506594019763,MEGAMART SDN BHD @ BSS,MODERN TRADE,300M/354,15/3/2024,INV0000004834,SO0000004882,,Inv,,69566727,LIPTON PBAG KAW EK P80 24X(80X2.3G),Lipton,S,Confirmed,1,CS,218.4,218.4,0,0,0,0,218.4,
10003720,VILLY TRADING (M) SDN BHD,VT002,TAN MEE LIN,D9006506506594019763,MEGAMART SDN BHD @ BSS,MODERN TRADE,300M/354,15/3/2024,INV0000004834,SO0000004882,,Inv,,69566716,LIPTON PBAG KAW EK P20 24X(20X2.3G),Lipton,S,Confirmed,1,CS,67.2,67.2,0,0,0,0,67.2,
10003720,VILLY TRADING (M) SDN BHD,VT002,TAN MEE LIN,D9006506506594019763,MEGAMART SDN BHD @ BSS,MODERN TRADE,300M/354,15/3/2024,INV0000004834,SO0000004882,,Inv,,69566721,LIPTON PBAG KAW EK P40 24X(40X2.3G),Lipton,S,Confirmed,1,CS,127.2,127.2,0,0,0,0,127.2,
10003720,VILLY TRADING (M) SDN BHD,VT007,LIM KONG LING,D9037937937912000362,SIN FOH HUAT,GENERAL TRADE,3000/S36,16/3/2024,INV0000004835,SO0000004883,,Inv,,69566716,LIPTON PBAG KAW EK P20 24X(20X2.3G),Lipton,F,Confirmed,1,PC,0,0,0,0,0,0,0,
10003720,VILLY TRADING (M) SDN BHD,VT007,LIM KONG LING,D9037937937912000362,SIN FOH HUAT,GENERAL TRADE,3000/S36,16/3/2024,INV0000004835,SO0000004883,,Inv,,68928387,LIPTON PBAG EK P20 24X(20X2G),Lipton,F,Confirmed,2,PC,0,0,0,0,0,0,0,
10003720,VILLY TRADING (M) SDN BHD,VT007,LIM KONG LING,D9037937937912000362,SIN FOH HUAT,GENERAL TRADE,3000/S36,16/3/2024,INV0000004835,SO0000004883,,Inv,,69566716,LIPTON PBAG KAW EK P20 24X(20X2.3G),Lipton,S,Confirmed,23,PC,67.2,64.4,0,0,0,0,64.4,
10003720,VILLY TRADING (M) SDN BHD,VT007,LIM KONG LING,D9037937937912000362,SIN FOH HUAT,GENERAL TRADE,3000/S36,16/3/2024,INV0000004835,SO0000004883,,Inv,,69566714,LIPTON PBAG EK P40 24X(40X2G),Lipton,S,Confirmed,24,PC,127.2,127.2,0,0,0,0,127.2,
10003720,VILLY TRADING (M) SDN BHD,VT007,LIM KONG LING,D9037937937912000362,SIN FOH HUAT,GENERAL TRADE,3000/S36,16/3/2024,INV0000004835,SO0000004883,,Inv,,68928387,LIPTON PBAG EK P20 24X(20X2G),Lipton,S,Confirmed,23,PC,67.2,64.4,0,0,0,0,64.4,
10003720,VILLY TRADING (M) SDN BHD,VT007,LIM KONG LING,D9037937937912000362,SIN FOH HUAT,GENERAL TRADE,3000/S36,16/3/2024,INV0000004835,SO0000004883,,Inv,,69566721,LIPTON PBAG KAW EK P40 24X(40X2.3G),Lipton,S,Confirmed,24,PC,127.2,127.2,0,0,0,0,127.2,
10003720,VILLY TRADING (M) SDN BHD,VT007,LIM KONG LING,D9037637637612000226,KIM MART SDN BHD (SAT- NO RECEIVE),GENERAL TRADE,300K/105,16/3/2024,INV0000004836,SO0000004884,,Inv,,69566727,LIPTON PBAG KAW EK P80 24X(80X2.3G),Lipton,S,Confirmed,1,CS,218.4,218.4,0,0,0,0,218.4,
10003720,VILLY TRADING (M) SDN BHD,VT007,LIM KONG LING,D9037637637612000226,KIM MART SDN BHD (SAT- NO RECEIVE),GENERAL TRADE,300K/105,16/3/2024,INV0000004836,SO0000004884,,Inv,,69566706,LIPTON PBAG EK P80 24X(80X2G),Lipton,S,Confirmed,1,CS,218.4,218.4,0,0,0,0,218.4,
10003720,VILLY TRADING (M) SDN BHD,VT007,LIM KONG LING,D9037637637612000226,KIM MART SDN BHD (SAT- NO RECEIVE),GENERAL TRADE,300K/105,16/3/2024,INV0000004836,SO0000004884,,Inv,,69566716,LIPTON PBAG KAW EK P20 24X(20X2.3G),Lipton,S,Confirmed,23,PC,67.2,64.4,0,0,0,0,64.4,
10003720,VILLY TRADING (M) SDN BHD,VT007,LIM KONG LING,D9037637637612000226,KIM MART SDN BHD (SAT- NO RECEIVE),GENERAL TRADE,300K/105,16/3/2024,INV0000004836,SO0000004884,,Inv,,68928387,LIPTON PBAG EK P20 24X(20X2G),Lipton,F,Confirmed,2,PC,0,0,0,0,0,0,0,
10003720,VILLY TRADING (M) SDN BHD,VT007,LIM KONG LING,D9037637637612000226,KIM MART SDN BHD (SAT- NO RECEIVE),GENERAL TRADE,300K/105,16/3/2024,INV0000004836,SO0000004884,,Inv,,69566721,LIPTON PBAG KAW EK P40 24X(40X2.3G),Lipton,S,Confirmed,24,PC,127.2,127.2,0,0,0,0,127.2,
10003720,VILLY TRADING (M) SDN BHD,VT007,LIM KONG LING,D9037637637612000226,KIM MART SDN BHD (SAT- NO RECEIVE),GENERAL TRADE,300K/105,16/3/2024,INV0000004836,SO0000004884,,Inv,,68928387,LIPTON PBAG EK P20 24X(20X2G),Lipton,S,Confirmed,23,PC,67.2,64.4,0,0,0,0,64.4,
10003720,VILLY TRADING (M) SDN BHD,VT007,LIM KONG LING,D9037637637612000226,KIM MART SDN BHD (SAT- NO RECEIVE),GENERAL TRADE,300K/105,16/3/2024,INV0000004836,SO0000004884,,Inv,,69566714,LIPTON PBAG EK P40 24X(40X2G),Lipton,S,Confirmed,24,PC,127.2,127.2,0,0,0,0,127.2,
10003720,VILLY TRADING (M) SDN BHD,VT007,LIM KONG LING,D9037637637612000226,KIM MART SDN BHD (SAT- NO RECEIVE),GENERAL TRADE,300K/105,16/3/2024,INV0000004836,SO0000004884,,Inv,,69566716,LIPTON PBAG KAW EK P20 24X(20X2.3G),Lipton,F,Confirmed,1,PC,0,0,0,0,0,0,0,
10003720,VILLY TRADING (M) SDN BHD,VT007,LIM KONG LING,D9037937937912000380,PASAR MINI SON HUAT,GENERAL TRADE,3000/P09,16/3/2024,INV0000004837,SO0000004885,,Inv,,69566714,LIPTON PBAG EK P40 24X(40X2G),Lipton,S,Confirmed,240,PC,127.2,1272,0,0,0,0,1272,
10003720,VILLY TRADING (M) SDN BHD,VT007,LIM KONG LING,D9037937937912000380,PASAR MINI SON HUAT,GENERAL TRADE,3000/P09,16/3/2024,INV0000004837,SO0000004885,,Inv,,69566721,LIPTON PBAG KAW EK P40 24X(40X2.3G),Lipton,S,Confirmed,120,PC,127.2,636,0,0,0,0,636,
10003720,VILLY TRADING (M) SDN BHD,VT007,LIM KONG LING,D9037637637612000129,PASAR MINI GUAN HUAT HIN,GENERAL TRADE,3000/G90,16/3/2024,INV0000004838,SO0000004886,,Inv,,68928387,LIPTON PBAG EK P20 24X(20X2G),Lipton,S,Confirmed,46,PC,67.2,128.8,0,0,0,0,128.8,
10003720,VILLY TRADING (M) SDN BHD,VT007,LIM KONG LING,D9037637637612000129,PASAR MINI GUAN HUAT HIN,GENERAL TRADE,3000/G90,16/3/2024,INV0000004838,SO0000004886,,Inv,,68928387,LIPTON PBAG EK P20 24X(20X2G),Lipton,F,Confirmed,3,PC,0,0,0,0,0,0,0,
10003720,VILLY TRADING (M) SDN BHD,VT007,LIM KONG LING,D9037637637612000129,PASAR MINI GUAN HUAT HIN,GENERAL TRADE,3000/G90,16/3/2024,INV0000004838,SO0000004886,,Inv,,69566714,LIPTON PBAG EK P40 24X(40X2G),Lipton,S,Confirmed,48,PC,127.2,254.4,0,0,0,0,254.4,
10003720,VILLY TRADING (M) SDN BHD,VT007,LIM KONG LING,D9037637637612000129,PASAR MINI GUAN HUAT HIN,GENERAL TRADE,3000/G90,16/3/2024,INV0000004838,SO0000004886,,Inv,,69566706,LIPTON PBAG EK P80 24X(80X2G),Lipton,S,Confirmed,12,PC,218.4,109.2,0,0,0,0,109.2,
10003720,VILLY TRADING (M) SDN BHD,VT004,YUKI LOH SOOK HAR,D9005700300394024892,KIM GUAN HUAT,GENERAL TRADE,3100/K43,1/3/2024,CN0000000755,,,CN-Prd,,68928387,LIPTON PBAG EK P20 24X(20X2G),Lipton,S,Confirmed,1,PC,67.2,2.8,0,0,0,0,2.8,529036
10003720,VILLY TRADING (M) SDN BHD,VT009,LAI TECK SEAN,D9036636636612000124,HONG MOH CASH & CARRY,GENERAL TRADE,300H/111,2/3/2024,CN0000000756,,,CN-Prd,,20301830,LIPTON PACKET TEA 8X12X100G,Lipton,S,Confirmed,6,PC,266.88,16.68,0,0,0,0,16.68,1493
10003720,VILLY TRADING (M) SDN BHD,VT009,LAI TECK SEAN,D9036636636612000124,HONG MOH CASH & CARRY,GENERAL TRADE,300H/111,2/3/2024,CN0000000756,,,CN-Prd,,21182546,LIPTON YELLOW LABEL SIP2 24X25X2G,Lipton,S,Confirmed,9,PC,111.6,41.85,0,0,0,0,41.85,1493
10003720,VILLY TRADING (M) SDN BHD,VT009,LAI TECK SEAN,D9036636636612000124,HONG MOH CASH & CARRY,GENERAL TRADE,300H/111,2/3/2024,CN0000000756,,,CN-Prd,,69566706,LIPTON PBAG EK P80 24X(80X2G),Lipton,S,Confirmed,3,PC,218.4,27.3,0,0,0,0,27.3,1493
10003720,VILLY TRADING (M) SDN BHD,VT009,LAI TECK SEAN,D9036636636612000124,HONG MOH CASH & CARRY,GENERAL TRADE,300H/111,2/3/2024,CN0000000756,,,CN-Prd,,21182545,LIPTON YELLOW LABEL SIP2 12X50X2G,Lipton,S,Confirmed,24,PC,103.68,207.36,0,0,0,0,207.36,1493
10003720,VILLY TRADING (M) SDN BHD,VT003,EUNICE SIOW SEUI JIN,D9004204204294014275,GAN KEE JAYA (M) SDN BHD,GENERAL TRADE,3100/G33,2/3/2024,CN0000000757,,,CN-Prd,,67336391,LIPTON GREEN TEA MY S25 24X25X2G,Lipton,S,Confirmed,1,PC,156.96,6.54,0,0,0,0,6.54,31170
10003720,VILLY TRADING (M) SDN BHD,VT003,EUNICE SIOW SEUI JIN,D9004204204294014275,GAN KEE JAYA (M) SDN BHD,GENERAL TRADE,3100/G33,2/3/2024,CN0000000757,,,CN-Prd,,67336393,LIPTON GREEN TEA MY S50 12X50X2G,Lipton,S,Confirmed,4,PC,140.88,46.96,0,0,0,0,46.96,31170
10003720,VILLY TRADING (M) SDN BHD,VT003,EUNICE SIOW SEUI JIN,D9004204204204000711,PASARAYA NS SDN BHD (SAT OFF),GENERAL TRADE,310P/103,2/3/2024,CN0000000758,,,CN-Prd,,21182546,LIPTON YELLOW LABEL SIP2 24X25X2G,Lipton,S,Confirmed,6,PC,111.6,27.9,0,0,0,0,27.9,31171
10003720,VILLY TRADING (M) SDN BHD,VT003,EUNICE SIOW SEUI JIN,D9005700300394026053,MESRA FAMILY STORE SDN BHD (BATU 7),MODERN TRADE,3100/M02,2/3/2024,CN0000000759,,,CN-Prd,,69566723,LIPTON MT CLASSIC EK 24X12X20G,Lipton,S,Confirmed,1,PC,384,16,0,0,0,0,16,29491
10003720,VILLY TRADING (M) SDN BHD,VT007,LIM KONG LING,CT0000001058,DHL TOP MARTS SDN. BHD. (PAYA RUMPUT) (S),GENERAL TRADE,300D/108,2/3/2024,CN0000000760,,,CN-Prd,,69566731,LIPTON PACKET TEA EK 36X400G,Lipton,S,Confirmed,1,PC,383.04,10.64,0,0,0,0,10.64,33153
10003720,VILLY TRADING (M) SDN BHD,VT003,EUNICE SIOW SEUI JIN,D9006106106104000519,GALENA FAMILY STORE SDN BHD,MODERN TRADE,3100/G09,2/3/2024,CN0000000761,,,CN-Prd,,69566704,LIPTON MT TEH TARIK EK 24X12X20G,Lipton,S,Confirmed,20,PC,347.28,289.4,0,0,0,0,289.4,44990
10003720,VILLY TRADING (M) SDN BHD,VT007,LIM KONG LING,D9036336336394024348,PASARAYA EMS,GENERAL TRADE,3000/E05,4/3/2024,CN0000000762,,,CN-Prd,,67336391,LIPTON GREEN TEA MY S25 24X25X2G,Lipton,S,Confirmed,1,PC,156.96,6.54,0,0,0,0,6.54,32247
10003720,VILLY TRADING (M) SDN BHD,VT011,JASON LO CHEE YANG,D9037137137112000229,PASAR MINI M PERDANA,GENERAL TRADE,3000/M85,4/3/2024,CN0000000763,,,CN-Prd,,69566710,LIPTON MT MATCHA EK 24X12X20G,Lipton,S,Confirmed,5,PC,384,80,0,0,0,0,80,33401
10003720,VILLY TRADING (M) SDN BHD,VT007,LIM KONG LING,D9036336336312000245,PASAR MINI ALOR GAJAH,GENERAL TRADE,3000/A96,4/3/2024,CN0000000764,,,CN-Prd,,69566727,LIPTON PBAG KAW EK P80 24X(80X2.3G),Lipton,S,Confirmed,7,PC,218.4,63.7,0,0,0,0,63.7,33151
10003720,VILLY TRADING (M) SDN BHD,VT007,LIM KONG LING,D9036336336312000245,PASAR MINI ALOR GAJAH,GENERAL TRADE,3000/A96,4/3/2024,CN0000000764,,,CN-Prd,,21182542,LIPTON YELLOW LABEL SIP2 36X100X2G,Lipton,S,Confirmed,10,PC,536.4,149,0,0,0,0,149,33151
10003720,VILLY TRADING (M) SDN BHD,VT011,JASON LO CHEE YANG,D9037437437413000737,HAN TAI MINIMARKET,GENERAL TRADE,3000/H27,4/3/2024,CN0000000765,,,CN-Prd,,20301828,LIPTON PACKET TEA 12X12X50G,Lipton,S,Confirmed,5,PC,259.2,9,0,0,0,0,9,31839
10003720,VILLY TRADING (M) SDN BHD,VT007,LIM KONG LING,D9037437437494016488,KESAVAN A/L GUNASEKAREN,GENERAL TRADE,300P/129,4/3/2024,CN0000000766,,,CN-Prd,,69566704,LIPTON MT TEH TARIK EK 24X12X20G,Lipton,S,Confirmed,4,PC,384,64,0,0,0,0,64,32235
10003720,VILLY TRADING (M) SDN BHD,VT007,LIM KONG LING,D9037437437494016488,KESAVAN A/L GUNASEKAREN,GENERAL TRADE,300P/129,4/3/2024,CN0000000766,,,CN-Prd,,69566718,LIPTON MT TEH HALIA EK 24X12X20G,Lipton,S,Confirmed,1,PC,384,16,0,0,0,0,16,32235
10003720,VILLY TRADING (M) SDN BHD,VT001,TAY HUNG GUAN,D9037137137112000505,HAZRAT SDN BHD,GENERAL TRADE,300H/083,4/3/2024,CN0000000767,,,CN-Prd,,69566721,LIPTON PBAG KAW EK P40 24X(40X2.3G),Lipton,S,Confirmed,12,PC,127.2,63.6,0,0,0,0,63.6,
10003720,VILLY TRADING (M) SDN BHD,VT001,TAY HUNG GUAN,D9037137137112000505,HAZRAT SDN BHD,GENERAL TRADE,300H/083,4/3/2024,CN0000000767,,,CN-Prd,,69566714,LIPTON PBAG EK P40 24X(40X2G),Lipton,S,Confirmed,12,PC,127.2,63.6,0,0,0,0,63.6,
10003720,VILLY TRADING (M) SDN BHD,VT001,TAY HUNG GUAN,D9037137137112000505,HAZRAT SDN BHD,GENERAL TRADE,300H/083,4/3/2024,CN0000000767,,,CN-Prd,,68928387,LIPTON PBAG EK P20 24X(20X2G),Lipton,S,Confirmed,12,PC,67.2,33.6,0,0,0,0,33.6,
10003720,VILLY TRADING (M) SDN BHD,VT001,TAY HUNG GUAN,D9037137137112000505,HAZRAT SDN BHD,GENERAL TRADE,300H/083,4/3/2024,CN0000000767,,,CN-Prd,,69566716,LIPTON PBAG KAW EK P20 24X(20X2.3G),Lipton,S,Confirmed,12,PC,67.2,33.6,0,0,0,0,33.6,
10003720,VILLY TRADING (M) SDN BHD,VT001,TAY HUNG GUAN,D9036536536512000465,BACHANG FAMILY STORE SDN BHD,MODERN TRADE,3000/B80,5/3/2024,CN0000000768,,,CN-Prd,,69566714,LIPTON PBAG EK P40 24X(40X2G),Lipton,S,Confirmed,2,PC,127.2,10.6,0,0,0,0,10.6,57683
10003720,VILLY TRADING (M) SDN BHD,VT001,TAY HUNG GUAN,D9036636636694023632,KESIDANG FAMILY STORE SDN. BHD.,MODERN TRADE,300K/521,5/3/2024,CN0000000769,,,CN-Prd,,21182542,LIPTON YELLOW LABEL SIP2 36X100X2G,Lipton,S,Confirmed,1,PC,536.4,14.9,0,0,0,0,14.9,10472
10003720,VILLY TRADING (M) SDN BHD,VT004,YUKI LOH SOOK HAR,D9006106106194028226,JJ ALI MART,GENERAL TRADE,3100/J19,5/3/2024,CN0000000771,,,CN-Prd,,69566704,LIPTON MT TEH TARIK EK 24X12X20G,Lipton,S,Confirmed,2,PC,384,32,0,0,0,0,32,29495
10003720,VILLY TRADING (M) SDN BHD,VT003,EUNICE SIOW SEUI JIN,D9006106106104000433,RASAH JAYA DAILY MART SDN BHD,MODERN TRADE,3100/R20,5/3/2024,CN0000000772,,,CN-Prd,,21182546,LIPTON YELLOW LABEL SIP2 24X25X2G,Lipton,S,Confirmed,20,PC,111.6,93,0,0,0,0,93,29496
10003720,VILLY TRADING (M) SDN BHD,VT009,LAI TECK SEAN,D9037437437413000195,LAI MINI MARKET,GENERAL TRADE,3000/L45,5/3/2024,CN0000000773,,,CN-Prd,,69566716,LIPTON PBAG KAW EK P20 24X(20X2.3G),Lipton,S,Confirmed,2,PC,67.2,5.6,0,0,0,0,5.6,27670
10003720,VILLY TRADING (M) SDN BHD,VT006,WAN XIN YI,D9004604604604000725,SOON TECK,GENERAL TRADE,3100/S38,7/3/2024,CN0000000774,,,CN-Prd,,21182546,LIPTON YELLOW LABEL SIP2 24X25X2G,Lipton,S,Confirmed,1,PC,111.6,4.65,0,0,0,0,4.65,
10003720,VILLY TRADING (M) SDN BHD,VT009,LAI TECK SEAN,D9037237237212000397,TG KRUBONG MINI MARKET,GENERAL TRADE,3000/T99,7/3/2024,CN0000000775,,,CN-Prd,,69566718,LIPTON MT TEH HALIA EK 24X12X20G,Lipton,S,Confirmed,3,PC,384,48,0,0,0,0,48,33361
10003720,VILLY TRADING (M) SDN BHD,VT009,LAI TECK SEAN,D9037237237212000397,TG KRUBONG MINI MARKET,GENERAL TRADE,3000/T99,7/3/2024,CN0000000775,,,CN-Prd,,67336391,LIPTON GREEN TEA MY S25 24X25X2G,Lipton,S,Confirmed,2,PC,156.96,13.08,0,0,0,0,13.08,33361
10003720,VILLY TRADING (M) SDN BHD,VT009,LAI TECK SEAN,D9037237237212000397,TG KRUBONG MINI MARKET,GENERAL TRADE,3000/T99,7/3/2024,CN0000000775,,,CN-Prd,,69566704,LIPTON MT TEH TARIK EK 24X12X20G,Lipton,S,Confirmed,6,PC,384,96,0,0,0,0,96,33361
10003720,VILLY TRADING (M) SDN BHD,VT009,LAI TECK SEAN,D9037237237212000397,TG KRUBONG MINI MARKET,GENERAL TRADE,3000/T99,7/3/2024,CN0000000775,,,CN-Prd,,67336393,LIPTON GREEN TEA MY S50 12X50X2G,Lipton,S,Confirmed,8,PC,140.88,93.92,0,0,0,0,93.92,33361
10003720,VILLY TRADING (M) SDN BHD,VT009,LAI TECK SEAN,D9037237237212000397,TG KRUBONG MINI MARKET,GENERAL TRADE,3000/T99,7/3/2024,CN0000000775,,,CN-Prd,,69566723,LIPTON MT CLASSIC EK 24X12X20G,Lipton,S,Confirmed,5,PC,384,80,0,0,0,0,80,33361
10003720,VILLY TRADING (M) SDN BHD,VT009,LAI TECK SEAN,D9037237237294026250,T & L FRESH MARKET,GENERAL TRADE,300T/310,7/3/2024,CN0000000776,,,CN-Prd,,21182545,LIPTON YELLOW LABEL SIP2 12X50X2G,Lipton,S,Confirmed,1,PC,103.68,8.64,0,0,0,0,8.64,33366
10003720,VILLY TRADING (M) SDN BHD,VT009,LAI TECK SEAN,D9037237237294026250,T & L FRESH MARKET,GENERAL TRADE,300T/310,7/3/2024,CN0000000776,,,CN-Prd,,69566704,LIPTON MT TEH TARIK EK 24X12X20G,Lipton,S,Confirmed,6,PC,384,96,0,0,0,0,96,33366
10003720,VILLY TRADING (M) SDN BHD,VT009,LAI TECK SEAN,D9037237237294026250,T & L FRESH MARKET,GENERAL TRADE,300T/310,7/3/2024,CN0000000776,,,CN-Prd,,69566723,LIPTON MT CLASSIC EK 24X12X20G,Lipton,S,Confirmed,5,PC,384,80,0,0,0,0,80,33366
10003720,VILLY TRADING (M) SDN BHD,VT006,WAN XIN YI,D9006106106104000145,GAN HOCK HIN TRADING SDN BHD (SAT CLOSE),GENERAL TRADE,3100/G35,7/3/2024,CN0000000777,,,CN-Prd,,68928387,LIPTON PBAG EK P20 24X(20X2G),Lipton,S,Confirmed,2,PC,67.2,5.6,0,0,0,0,5.6,11379
10003720,VILLY TRADING (M) SDN BHD,VT006,WAN XIN YI,D9006106106104000145,GAN HOCK HIN TRADING SDN BHD (SAT CLOSE),GENERAL TRADE,3100/G35,7/3/2024,CN0000000777,,,CN-Prd,,21182546,LIPTON YELLOW LABEL SIP2 24X25X2G,Lipton,S,Confirmed,20,PC,111.6,93,0,0,0,0,93,11379
10003720,VILLY TRADING (M) SDN BHD,VT006,WAN XIN YI,D9006106106104000145,GAN HOCK HIN TRADING SDN BHD (SAT CLOSE),GENERAL TRADE,3100/G35,7/3/2024,CN0000000777,,,CN-Prd,,21182545,LIPTON YELLOW LABEL SIP2 12X50X2G,Lipton,S,Confirmed,1,CS,103.68,103.68,0,0,0,0,103.68,11379
10003720,VILLY TRADING (M) SDN BHD,VT006,WAN XIN YI,D9006106106104000145,GAN HOCK HIN TRADING SDN BHD (SAT CLOSE),GENERAL TRADE,3100/G35,7/3/2024,CN0000000777,,,CN-Prd,,21182545,LIPTON YELLOW LABEL SIP2 12X50X2G,Lipton,S,Confirmed,5,PC,103.68,43.2,0,0,0,0,43.2,11379
10003720,VILLY TRADING (M) SDN BHD,VT006,WAN XIN YI,D9006106106104000145,GAN HOCK HIN TRADING SDN BHD (SAT CLOSE),GENERAL TRADE,3100/G35,7/3/2024,CN0000000777,,,CN-Prd,,21182546,LIPTON YELLOW LABEL SIP2 24X25X2G,Lipton,S,Confirmed,1,CS,111.6,111.6,0,0,0,0,111.6,11379
10003720,VILLY TRADING (M) SDN BHD,VT006,WAN XIN YI,D9006106106104000145,GAN HOCK HIN TRADING SDN BHD (SAT CLOSE),GENERAL TRADE,3100/G35,7/3/2024,CN0000000778,,,CN-Prd,,69566714,LIPTON PBAG EK P40 24X(40X2G),Lipton,S,Confirmed,5,CS,127.2,636,0,0,0,0,636,11379
10003720,VILLY TRADING (M) SDN BHD,VT006,WAN XIN YI,D9006106106104000145,GAN HOCK HIN TRADING SDN BHD (SAT CLOSE),GENERAL TRADE,3100/G35,7/3/2024,CN0000000778,,,CN-Prd,,21182545,LIPTON YELLOW LABEL SIP2 12X50X2G,Lipton,S,Confirmed,4,CS,103.68,414.72,0,0,0,0,414.72,11379
10003720,VILLY TRADING (M) SDN BHD,VT006,WAN XIN YI,CT0000000219,KK EGGS TRADING SDN BHD (KK MART) S2,GENERAL TRADE,310K/023,7/3/2024,CN0000000779,,,CN-Prd,,21182546,LIPTON YELLOW LABEL SIP2 24X25X2G,Lipton,S,Confirmed,3,PC,111.6,13.95,0,0,0,0,13.95,C-13689
10003720,VILLY TRADING (M) SDN BHD,VT002,TAN MEE LIN,D9036536536512000470,ANGEE WHOLESALE SDN BHD,MODERN TRADE,3000/A02,7/3/2024,CN0000000780,,,CN-Prd,,69566721,LIPTON PBAG KAW EK P40 24X(40X2.3G),Lipton,S,Confirmed,1,PC,127.2,5.3,0,0,0,0,5.3,65488
10003720,VILLY TRADING (M) SDN BHD,VT003,EUNICE SIOW SEUI JIN,D9006106106194014405,SENAWANG ZEMART SDN BHD,MODERN TRADE,310S/012,7/3/2024,CN0000000781,,,CN-Prd,,67128546,LIPTON MT EARL GREY 24X12X21G,Lipton,S,Confirmed,24,PC,192,192,0,0,0,0,192,27426
10003720,VILLY TRADING (M) SDN BHD,VT008,YONG WEE SEONG,D9036336336394002151,PASAR MINI MOHAMED ALI,GENERAL TRADE,300M/069,7/3/2024,CN0000000782,,,CN-Prd,,69566710,LIPTON MT MATCHA EK 24X12X20G,Lipton,S,Confirmed,2,PC,384,32,0,0,0,0,32,31707
10003720,VILLY TRADING (M) SDN BHD,VT009,LAI TECK SEAN,D9036736736794026642,JIA XIN CASH&CARRY,GENERAL TRADE,3000/J02,7/3/2024,CN0000000783,,,CN-Prd,,69566716,LIPTON PBAG KAW EK P20 24X(20X2.3G),Lipton,S,Confirmed,24,PC,67.2,67.2,0,0,0,0,67.2,33354
10003720,VILLY TRADING (M) SDN BHD,VT009,LAI TECK SEAN,D9036736736794026642,JIA XIN CASH&CARRY,GENERAL TRADE,3000/J02,7/3/2024,CN0000000783,,,CN-Prd,,21182545,LIPTON YELLOW LABEL SIP2 12X50X2G,Lipton,S,Confirmed,12,PC,103.68,103.68,0,0,0,0,103.68,33354
10003720,VILLY TRADING (M) SDN BHD,VT004,YUKI LOH SOOK HAR,CT0000000123,PASAR SEGAR H&J HIJRAH ENTERPRISE,GENERAL TRADE,310P/119,7/3/2024,CN0000000785,,,CN-Prd,,67336391,LIPTON GREEN TEA MY S25 24X25X2G,Lipton,S,Confirmed,6,PC,156.96,39.24,0,0,0,0,39.24,29493
10003720,VILLY TRADING (M) SDN BHD,VT004,YUKI LOH SOOK HAR,CT0000000123,PASAR SEGAR H&J HIJRAH ENTERPRISE,GENERAL TRADE,310P/119,7/3/2024,CN0000000785,,,CN-Prd,,21182545,LIPTON YELLOW LABEL SIP2 12X50X2G,Lipton,S,Confirmed,2,PC,103.68,17.28,0,0,0,0,17.28,29493
10003720,VILLY TRADING (M) SDN BHD,VT004,YUKI LOH SOOK HAR,D9005705705706000181,RAHIMA MINI MARKET,GENERAL TRADE,3100/R35,7/3/2024,CN0000000786,,,CN-Prd,,67336393,LIPTON GREEN TEA MY S50 12X50X2G,Lipton,S,Confirmed,4,PC,140.88,46.96,0,0,0,0,46.96,29494
10003720,VILLY TRADING (M) SDN BHD,VT004,YUKI LOH SOOK HAR,D9005705705706000181,RAHIMA MINI MARKET,GENERAL TRADE,3100/R35,7/3/2024,CN0000000786,,,CN-Prd,,67336391,LIPTON GREEN TEA MY S25 24X25X2G,Lipton,S,Confirmed,2,PC,156.96,13.08,0,0,0,0,13.08,29494
10003720,VILLY TRADING (M) SDN BHD,VT004,YUKI LOH SOOK HAR,D9005705705706000181,RAHIMA MINI MARKET,GENERAL TRADE,3100/R35,7/3/2024,CN0000000786,,,CN-Prd,,20301830,LIPTON PACKET TEA 8X12X100G,Lipton,S,Confirmed,2,PC,266.88,5.56,0,0,0,0,5.56,29494
10003720,VILLY TRADING (M) SDN BHD,VT004,YUKI LOH SOOK HAR,D9005705705706000181,RAHIMA MINI MARKET,GENERAL TRADE,3100/R35,7/3/2024,CN0000000786,,,CN-Prd,,69566718,LIPTON MT TEH HALIA EK 24X12X20G,Lipton,S,Confirmed,3,PC,384,48,0,0,0,0,48,29494
10003720,VILLY TRADING (M) SDN BHD,VT004,YUKI LOH SOOK HAR,D9005705705706000181,RAHIMA MINI MARKET,GENERAL TRADE,3100/R35,7/3/2024,CN0000000786,,,CN-Prd,,69566704,LIPTON MT TEH TARIK EK 24X12X20G,Lipton,S,Confirmed,1,PC,384,16,0,0,0,0,16,29494
10003720,VILLY TRADING (M) SDN BHD,VT004,YUKI LOH SOOK HAR,D9006106106106000063,TIRUNELVELI CASH & CARRY,GENERAL TRADE,3100/T35,7/3/2024,CN0000000787,,,CN-Prd,,21182542,LIPTON YELLOW LABEL SIP2 36X100X2G,Lipton,S,Confirmed,4,PC,536.4,59.6,0,0,0,0,59.6,29492
10003720,VILLY TRADING (M) SDN BHD,VT009,LAI TECK SEAN,D9036336336394024340,PASAR MINI BISMI ZAM ZAM,GENERAL TRADE,3000/Z23,9/3/2024,CN0000000788,,,CN-Prd,,69566727,LIPTON PBAG KAW EK P80 24X(80X2.3G),Lipton,S,Confirmed,12,PC,218.4,109.2,0,0,0,0,109.2,
10003720,VILLY TRADING (M) SDN BHD,VT009,LAI TECK SEAN,D9036336336394024340,PASAR MINI BISMI ZAM ZAM,GENERAL TRADE,3000/Z23,9/3/2024,CN0000000788,,,CN-Prd,,69566706,LIPTON PBAG EK P80 24X(80X2G),Lipton,S,Confirmed,12,PC,218.4,109.2,0,0,0,0,109.2,
10003720,VILLY TRADING (M) SDN BHD,VT009,LAI TECK SEAN,D9036336336394024340,PASAR MINI BISMI ZAM ZAM,GENERAL TRADE,3000/Z23,9/3/2024,CN0000000788,,,CN-Prd,,69566716,LIPTON PBAG KAW EK P20 24X(20X2.3G),Lipton,S,Confirmed,1,CS,67.2,67.2,0,0,0,0,67.2,
10003720,VILLY TRADING (M) SDN BHD,VT009,LAI TECK SEAN,D9036336336394024340,PASAR MINI BISMI ZAM ZAM,GENERAL TRADE,3000/Z23,9/3/2024,CN0000000788,,,CN-Prd,,69566714,LIPTON PBAG EK P40 24X(40X2G),Lipton,S,Confirmed,1,CS,127.2,127.2,0,0,0,0,127.2,
10003720,VILLY TRADING (M) SDN BHD,VT009,LAI TECK SEAN,D9036336336394024340,PASAR MINI BISMI ZAM ZAM,GENERAL TRADE,3000/Z23,9/3/2024,CN0000000788,,,CN-Prd,,68928387,LIPTON PBAG EK P20 24X(20X2G),Lipton,S,Confirmed,1,CS,67.2,67.2,0,0,0,0,67.2,
10003720,VILLY TRADING (M) SDN BHD,VT003,EUNICE SIOW SEUI JIN,D9006106106104000080,PASAR MINI SENGODAN,GENERAL TRADE,310P/016,9/3/2024,CN0000000789,,,CN-Prd,,21182545,LIPTON YELLOW LABEL SIP2 12X50X2G,Lipton,S,Confirmed,4,PC,103.68,34.56,0,0,0,0,34.56,GRN31173
10003720,VILLY TRADING (M) SDN BHD,VT003,EUNICE SIOW SEUI JIN,D9006106106104000080,PASAR MINI SENGODAN,GENERAL TRADE,310P/016,9/3/2024,CN0000000789,,,CN-Prd,,21182546,LIPTON YELLOW LABEL SIP2 24X25X2G,Lipton,S,Confirmed,1,PC,111.6,4.65,0,0,0,0,4.65,GRN31173
10003720,VILLY TRADING (M) SDN BHD,VT005,WAN HUI YI,D9006106106104000195,KEDAI RUNCIT YP LOH,GENERAL TRADE,3100/K71,9/3/2024,CN0000000790,,,CN-Prd,,21182546,LIPTON YELLOW LABEL SIP2 24X25X2G,Lipton,S,Confirmed,1,PC,111.6,4.65,0,0,0,0,4.65,GRN 31172
10003720,VILLY TRADING (M) SDN BHD,VT003,EUNICE SIOW SEUI JIN,D9004204204237000737,BAHAU ZEMART SDN.BHD,MODERN TRADE,3100/B11,7/3/2024,CN0000000784,,,CN-Prd,,21182546,LIPTON YELLOW LABEL SIP2 24X25X2G,Lipton,S,Confirmed,34,PC,108.24,153.34,0,0,0,0,153.34,49198
10003720,VILLY TRADING (M) SDN BHD,VT003,EUNICE SIOW SEUI JIN,D9004204204237000737,BAHAU ZEMART SDN.BHD,MODERN TRADE,3100/B11,7/3/2024,CN0000000784,,,CN-Prd,,68153288,LIPTON GREEN TEA MY S100 12X100X2G,Lipton,S,Confirmed,6,PC,230.52,115.26,0,0,0,0,115.26,49198
10003720,VILLY TRADING (M) SDN BHD,VT003,EUNICE SIOW SEUI JIN,D9004204204237000737,BAHAU ZEMART SDN.BHD,MODERN TRADE,3100/B11,11/3/2024,CN0000000791,,,CN-Prd,,67128546,LIPTON MT EARL GREY 24X12X21G,Lipton,S,Confirmed,134,PC,192,1072,0,0,0,0,1072,49198
10003720,VILLY TRADING (M) SDN BHD,VT007,LIM KONG LING,D9037937937912000187,PASAR MINI GEMERLAPAN (AFTER 12PM),GENERAL TRADE,3000/C33,12/3/2024,CN0000000792,,,CN-Prd,,20301830,LIPTON PACKET TEA 8X12X100G,Lipton,S,Confirmed,1,PC,266.88,2.78,0,0,0,0,2.78,GRN 33171
10003720,VILLY TRADING (M) SDN BHD,VT007,LIM KONG LING,D9037937937912000187,PASAR MINI GEMERLAPAN (AFTER 12PM),GENERAL TRADE,3000/C33,12/3/2024,CN0000000792,,,CN-Prd,,20301828,LIPTON PACKET TEA 12X12X50G,Lipton,S,Confirmed,1,PC,259.2,1.8,0,0,0,0,1.8,GRN 33171
10003720,VILLY TRADING (M) SDN BHD,VT001,TAY HUNG GUAN,D9038038038012000329,CHOP PENG SENG,GENERAL TRADE,300C/174,12/3/2024,CN0000000793,,,CN-Prd,,69566714,LIPTON PBAG EK P40 24X(40X2G),Lipton,S,Confirmed,115,PC,127.2,609.5,0,0,0,0,609.5,
10003720,VILLY TRADING (M) SDN BHD,VT001,TAY HUNG GUAN,D9038038038012000329,CHOP PENG SENG,GENERAL TRADE,300C/174,12/3/2024,CN0000000793,,,CN-Prd,,68928387,LIPTON PBAG EK P20 24X(20X2G),Lipton,F,Confirmed,10,PC,0,0,0,0,0,0,0,
10003720,VILLY TRADING (M) SDN BHD,VT001,TAY HUNG GUAN,D9038038038012000329,CHOP PENG SENG,GENERAL TRADE,300C/174,12/3/2024,CN0000000793,,,CN-Prd,,69566716,LIPTON PBAG KAW EK P20 24X(20X2.3G),Lipton,F,Confirmed,9,PC,0,0,0,0,0,0,0,
10003720,VILLY TRADING (M) SDN BHD,VT001,TAY HUNG GUAN,D9038038038012000329,CHOP PENG SENG,GENERAL TRADE,300C/174,12/3/2024,CN0000000793,,,CN-Prd,,69566721,LIPTON PBAG KAW EK P40 24X(40X2.3G),Lipton,F,Confirmed,10,PC,0,0,0,0,0,0,0,
10003720,VILLY TRADING (M) SDN BHD,VT001,TAY HUNG GUAN,D9038038038012000329,CHOP PENG SENG,GENERAL TRADE,300C/174,12/3/2024,CN0000000793,,,CN-Prd,,69566714,LIPTON PBAG EK P40 24X(40X2G),Lipton,F,Confirmed,9,PC,0,0,0,0,0,0,0,
10003720,VILLY TRADING (M) SDN BHD,VT001,TAY HUNG GUAN,D9038038038012000329,CHOP PENG SENG,GENERAL TRADE,300C/174,12/3/2024,CN0000000793,,,CN-Prd,,69566721,LIPTON PBAG KAW EK P40 24X(40X2.3G),Lipton,S,Confirmed,115,PC,127.2,609.5,0,0,0,0,609.5,
10003720,VILLY TRADING (M) SDN BHD,VT001,TAY HUNG GUAN,D9038038038012000329,CHOP PENG SENG,GENERAL TRADE,300C/174,12/3/2024,CN0000000793,,,CN-Prd,,69566716,LIPTON PBAG KAW EK P20 24X(20X2.3G),Lipton,S,Confirmed,115,PC,67.2,322,0,0,0,0,322,
10003720,VILLY TRADING (M) SDN BHD,VT001,TAY HUNG GUAN,D9038038038012000329,CHOP PENG SENG,GENERAL TRADE,300C/174,12/3/2024,CN0000000793,,,CN-Prd,,68928387,LIPTON PBAG EK P20 24X(20X2G),Lipton,S,Confirmed,115,PC,67.2,322,0,0,0,0,322,
10003720,VILLY TRADING (M) SDN BHD,VT003,EUNICE SIOW SEUI JIN,D9005205205204000496,MANTIN ZEMART SDN BHD,MODERN TRADE,3100/M18,12/3/2024,CN0000000794,,,CN-Prd,,67336393,LIPTON GREEN TEA MY S50 12X50X2G,Lipton,S,Confirmed,1,PC,131.64,10.97,0,0,0,0,10.97,DN 46965
10003720,VILLY TRADING (M) SDN BHD,VT009,LAI TECK SEAN,D9037237237212000417,SIMPLE MART,GENERAL TRADE,3000/S68,12/3/2024,CN0000000795,,,CN-Prd,,69566718,LIPTON MT TEH HALIA EK 24X12X20G,Lipton,S,Confirmed,2,PC,384,32,0,0,0,0,32,GRN 33378
10003720,VILLY TRADING (M) SDN BHD,VT011,JASON LO CHEE YANG,D9037437437494024352,PASARAYA YENG SENG (NEW),GENERAL TRADE,300P/214,12/3/2024,CN0000000796,,,CN-Prd,,67336391,LIPTON GREEN TEA MY S25 24X25X2G,Lipton,S,Confirmed,3,PC,156.96,19.62,0,0,0,0,19.62,GRN 31842
10003720,VILLY TRADING (M) SDN BHD,VT011,JASON LO CHEE YANG,D9037437437494024352,PASARAYA YENG SENG (NEW),GENERAL TRADE,300P/214,12/3/2024,CN0000000796,,,CN-Prd,,21182546,LIPTON YELLOW LABEL SIP2 24X25X2G,Lipton,S,Confirmed,8,PC,111.6,37.2,0,0,0,0,37.2,GRN 31842
10003720,VILLY TRADING (M) SDN BHD,VT011,JASON LO CHEE YANG,D9037437437494024352,PASARAYA YENG SENG (NEW),GENERAL TRADE,300P/214,12/3/2024,CN0000000796,,,CN-Prd,,21182545,LIPTON YELLOW LABEL SIP2 12X50X2G,Lipton,S,Confirmed,2,PC,103.68,17.28,0,0,0,0,17.28,GRN 31842
10003720,VILLY TRADING (M) SDN BHD,VT009,LAI TECK SEAN,D9036336336394025973,MINI MARKET JELATANG,GENERAL TRADE,300M/241,12/3/2024,CN0000000797,,,CN-Prd,,21182546,LIPTON YELLOW LABEL SIP2 24X25X2G,Lipton,S,Confirmed,9,PC,111.6,41.85,0,0,0,0,41.85,GRN 33371
10003720,VILLY TRADING (M) SDN BHD,VT009,LAI TECK SEAN,D9036336336394025973,MINI MARKET JELATANG,GENERAL TRADE,300M/241,12/3/2024,CN0000000797,,,CN-Prd,,21182545,LIPTON YELLOW LABEL SIP2 12X50X2G,Lipton,S,Confirmed,2,PC,103.68,17.28,0,0,0,0,17.28,GRN 33371
10003720,VILLY TRADING (M) SDN BHD,VT001,TAY HUNG GUAN,D9037937937912000238,MASJID TANAH FAMILY STORE SDN BHD,MODERN TRADE,3000/M99,5/3/2024,CN0000000770,,,CN-Prd,,69566706,LIPTON PBAG EK P80 24X(80X2G),Lipton,S,Confirmed,1,PC,218.4,9.1,0,0,0,0,9.1,57097
